customer_id,cohort_month,order_month,month_number
2824,2021-03,2023-05,25
5012,2022-05,2022-05,0
2679,2021-10,2023-11,25
2424,2021-05,2021-11,6
1488,2021-03,2021-03,0
9279,2021-09,2023-12,27
4257,2022-07,2025-03,31
9928,2021-05,2021-05,0
5557,2021-11,2023-03,16
3615,2021-08,2022-07,11
5552,2020-10,2022-12,25
2674,2021-12,2023-01,13
6881,2020-08,2021-01,4
5333,2020-08,2024-10,50
8527,2020-02,2023-12,46
2291,2022-03,2022-03,0
6925,2020-08,2022-11,26
2139,2021-02,2024-05,38
5741,2021-05,2021-05,0
2654,2020-11,2020-11,0
6977,2024-03,2024-10,7
4432,2020-02,2024-09,54
2169,2020-03,2023-07,39
9751,2020-07,2022-04,21
8573,2023-08,2023-08,0
4598,2020-02,2024-11,56
4752,2025-01,2025-01,0
7572,2022-05,2022-05,0
6155,2024-07,2024-07,0
7482,2020-04,2020-04,0
8517,2022-04,2023-12,19
5040,2023-10,2023-10,0
5304,2022-11,2022-11,0
7543,2020-10,2025-03,52
9348,2021-06,2021-06,0
2796,2020-02,2020-02,0
7916,2020-11,2020-11,0
7252,2021-04,2021-04,0
9669,2020-07,2025-02,54
1188,2021-06,2021-06,0
9797,2022-10,2022-10,0
6573,2021-03,2021-03,0
3591,2021-09,2021-09,0
5315,2020-01,2020-01,0
9317,2020-06,2020-08,1
5889,2021-08,2021-08,0
4258,2022-03,2022-03,0
9837,2021-11,2024-05,30
1009,2021-09,2022-05,7
1319,2020-12,2020-12,0
6038,2022-05,2025-03,33
2290,2021-12,2022-12,11
2133,2020-03,2022-12,32
3060,2021-01,2021-01,0
3705,2021-11,2021-11,0
7932,2020-02,2020-09,6
4295,2025-02,2025-02,0
7118,2020-06,2020-06,0
8397,2020-07,2021-12,17
2049,2021-05,2023-07,26
4770,2021-08,2025-02,42
2163,2021-02,2023-12,33
4750,2020-06,2020-06,0
6413,2024-07,2024-07,0
5562,2021-03,2021-03,0
9834,2020-09,2020-09,0
8744,2021-12,2021-12,0
7669,2023-01,2023-06,4
8062,2021-09,2021-09,0
8651,2020-01,2020-01,0
2612,2021-03,2021-03,0
6559,2023-02,2023-02,0
5073,2020-07,2022-02,18
8350,2021-05,2025-02,44
5563,2021-05,2021-11,6
8260,2021-05,2024-11,42
2604,2021-08,2021-08,0
1241,2024-01,2024-01,0
3724,2021-09,2021-09,0
4502,2020-08,2023-10,38
3697,2020-09,2022-02,16
5345,2020-10,2020-10,0
5673,2021-12,2025-04,40
8973,2024-01,2024-08,6
4566,2020-05,2020-12,6
9883,2020-07,2020-07,0
1936,2022-04,2023-07,15
9238,2021-03,2021-03,0
3579,2020-07,2024-06,46
2312,2020-08,2021-04,7
2113,2020-02,2022-03,25
7615,2024-01,2024-01,0
5033,2020-02,2020-02,0
2343,2021-07,2021-07,0
9565,2023-03,2023-03,0
4346,2023-04,2023-04,0
4910,2023-07,2023-07,0
5915,2021-09,2021-09,0
1152,2021-09,2024-10,36
2638,2021-09,2021-09,0
9288,2024-04,2024-04,0
2127,2020-10,2020-10,0
5669,2020-08,2020-08,0
5956,2021-03,2024-09,42
9666,2020-08,2020-09,0
5905,2023-08,2023-08,0
3200,2021-01,2024-10,44
3546,2020-06,2020-06,0
4450,2021-02,2023-04,26
5325,2020-09,2021-08,11
1832,2022-01,2022-03,1
5533,2021-08,2021-08,0
3143,2022-05,2024-09,27
3647,2021-06,2022-12,17
8007,2022-02,2022-02,0
2232,2022-09,2022-09,0
3442,2022-03,2023-11,19
3426,2022-03,2022-03,0
6050,2020-02,2021-11,21
6862,2021-06,2021-06,0
2684,2021-10,2023-09,22
7658,2020-08,2025-03,55
3532,2021-08,2025-04,43
3662,2022-06,2022-06,0
7755,2023-05,2024-07,13
6442,2024-05,2024-12,7
5065,2024-01,2024-02,0
2771,2021-01,2024-08,43
8711,2022-02,2023-08,17
6728,2020-03,2020-03,0
4652,2020-09,2025-02,53
7528,2023-09,2024-01,4
5573,2020-11,2021-06,7
7548,2023-02,2023-04,1
6425,2023-02,2023-02,0
5279,2020-05,2023-01,31
1626,2021-09,2021-09,0
6663,2022-03,2022-03,0
8149,2022-01,2022-01,0
2894,2021-12,2025-02,38
4114,2022-04,2024-04,24
8144,2020-05,2022-01,19
4228,2022-10,2022-10,0
6409,2020-08,2021-12,16
3041,2022-10,2022-10,0
9308,2021-01,2023-05,28
6344,2024-10,2024-10,0
3085,2023-08,2023-08,0
7211,2021-06,2021-06,0
5930,2020-06,2020-06,0
5978,2020-06,2020-06,0
6279,2020-09,2020-09,0
4501,2020-02,2023-11,44
3780,2021-06,2021-06,0
9445,2022-01,2022-01,0
6491,2023-05,2023-05,0
6085,2020-04,2025-04,60
3414,2020-02,2021-04,13
8784,2020-10,2023-04,29
8461,2020-10,2020-10,0
4185,2020-07,2022-06,23
9099,2020-11,2020-11,0
1090,2024-04,2024-04,0
7965,2021-10,2023-04,17
9486,2020-01,2022-03,26
5082,2021-01,2021-01,0
8478,2021-06,2023-01,18
9702,2023-12,2023-12,0
6198,2020-03,2024-07,52
9270,2024-05,2024-05,0
8305,2021-10,2023-05,18
8777,2023-04,2024-03,11
5543,2020-01,2020-01,0
8939,2021-08,2021-08,0
8206,2021-04,2022-10,17
4841,2021-12,2021-12,0
9849,2020-09,2020-09,0
4788,2021-06,2024-03,32
4505,2022-03,2022-03,0
6421,2021-05,2022-09,15
2020,2020-04,2022-04,24
7381,2020-08,2020-08,0
1320,2023-11,2023-11,0
7232,2021-08,2024-07,35
5892,2020-12,2020-12,0
9818,2020-08,2023-06,34
4613,2020-01,2020-05,3
8140,2023-11,2023-11,0
6507,2023-11,2023-11,0
3704,2020-06,2020-06,0
9751,2020-07,2023-09,38
1444,2021-11,2021-11,0
3223,2020-04,2020-04,0
1823,2020-09,2020-09,0
4467,2020-08,2020-08,0
7211,2021-06,2024-05,35
5133,2023-06,2023-06,0
1317,2022-09,2022-09,0
6733,2020-10,2021-04,6
1659,2021-11,2021-11,0
4266,2022-07,2022-07,0
3496,2022-05,2023-10,16
2874,2022-03,2024-03,23
8619,2023-03,2023-03,0
3749,2021-08,2025-03,42
2876,2020-04,2020-04,0
6096,2020-01,2021-10,21
6111,2023-03,2023-03,0
7498,2023-07,2024-06,10
2245,2020-06,2021-05,11
4978,2021-10,2021-10,0
2983,2020-06,2020-06,0
1672,2022-01,2025-01,35
7071,2020-09,2024-11,49
6590,2023-02,2023-02,0
9031,2021-06,2021-06,0
8532,2020-09,2020-09,0
3885,2020-11,2023-12,37
5425,2021-12,2023-10,21
8921,2020-06,2020-06,0
5397,2023-06,2023-06,0
2419,2024-05,2024-05,0
4995,2023-03,2024-08,16
7209,2020-03,2020-03,0
6325,2021-05,2021-05,0
6813,2023-02,2023-02,0
5581,2020-04,2020-04,0
5526,2020-04,2020-04,0
4130,2020-02,2022-11,32
7658,2020-08,2023-02,30
8800,2023-12,2023-12,0
8342,2020-04,2020-04,0
5820,2020-07,2022-09,26
4986,2021-10,2021-10,0
7046,2020-07,2022-06,22
6632,2024-10,2024-10,0
6419,2021-01,2024-05,39
5438,2024-04,2024-04,0
2976,2020-11,2022-05,17
2958,2020-04,2020-04,0
4033,2021-01,2021-03,2
8933,2020-06,2024-05,47
9595,2020-08,2020-08,0
4180,2020-09,2023-11,37
3939,2022-06,2022-06,0
9751,2020-07,2020-07,0
1893,2022-11,2022-11,0
3068,2020-07,2023-02,30
2680,2021-10,2024-09,34
5658,2023-08,2023-08,0
6582,2020-09,2023-12,39
5136,2021-05,2021-05,0
2869,2020-09,2020-09,0
9056,2023-01,2025-02,24
1878,2023-04,2023-04,0
5978,2020-06,2022-11,28
2940,2021-08,2023-05,20
4697,2020-06,2020-06,0
8381,2023-11,2023-11,0
8025,2020-08,2022-01,17
1986,2022-10,2024-09,23
2625,2022-02,2022-02,0
4457,2024-07,2024-07,0
3573,2021-09,2021-09,0
2229,2020-04,2024-06,50
8381,2023-11,2023-11,0
5771,2024-02,2024-02,0
5632,2020-01,2020-09,8
2166,2022-10,2022-10,0
4241,2023-06,2023-06,0
4683,2020-11,2021-02,3
3330,2020-03,2020-03,0
6039,2024-09,2024-09,0
5728,2023-02,2023-02,0
5982,2020-07,2023-07,35
9199,2020-10,2024-12,50
2317,2024-03,2024-03,0
6280,2021-06,2024-07,36
2496,2022-03,2024-02,22
1339,2023-08,2023-08,0
5415,2024-12,2024-12,0
8708,2020-06,2021-04,9
5557,2021-11,2021-11,0
8141,2021-04,2024-12,43
2494,2024-01,2024-01,0
6460,2022-06,2022-07,1
3634,2022-05,2024-12,30
9117,2020-08,2020-08,0
1601,2020-12,2021-03,3
5135,2022-06,2022-06,0
9431,2022-07,2022-07,0
9889,2022-12,2022-12,0
4073,2024-07,2024-07,0
9167,2022-12,2022-12,0
4335,2020-03,2021-11,19
5719,2021-01,2022-01,11
8941,2020-05,2021-06,12
4920,2021-08,2024-12,40
1224,2020-09,2020-09,0
4681,2022-01,2023-05,16
8560,2022-07,2022-07,0
3522,2021-12,2023-06,17
5781,2020-01,2021-07,18
7807,2021-03,2021-03,0
4993,2020-12,2020-12,0
7284,2021-01,2021-01,0
9327,2022-07,2022-07,0
2143,2020-10,2020-10,0
6568,2023-03,2024-01,10
5377,2020-12,2020-12,0
5891,2021-05,2024-09,39
9022,2022-10,2022-10,0
9824,2020-03,2023-02,35
9903,2020-04,2023-12,44
4090,2020-02,2021-01,10
7274,2020-04,2022-12,31
1715,2021-09,2021-09,0
7246,2020-01,2020-01,0
3492,2020-07,2020-07,0
3068,2020-07,2023-11,39
6439,2021-11,2021-11,0
2633,2021-03,2024-01,33
1251,2022-04,2022-04,0
3529,2021-09,2021-09,0
6546,2023-03,2023-06,2
2315,2020-04,2023-11,42
9742,2022-11,2022-11,0
8994,2023-07,2023-07,0
2121,2024-11,2024-11,0
5708,2024-10,2024-10,0
2480,2020-02,2021-10,20
2646,2022-03,2023-06,15
5906,2022-05,2022-05,0
6314,2020-02,2020-09,6
6873,2020-05,2022-08,26
5000,2020-06,2022-08,25
3950,2021-07,2022-10,14
7267,2020-08,2022-04,19
9153,2020-07,2022-03,19
4804,2023-10,2023-10,0
8529,2020-03,2024-08,52
8622,2020-01,2020-01,0
9955,2020-05,2021-06,13
6661,2022-03,2022-03,0
7951,2021-08,2024-01,28
5949,2020-08,2023-01,29
8916,2022-05,2023-01,8
6881,2020-08,2020-08,0
5837,2020-10,2021-05,7
7484,2021-06,2022-07,13
1803,2021-03,2024-06,39
9138,2021-02,2023-01,23
4770,2021-08,2021-08,0
4588,2022-04,2024-05,24
5106,2022-01,2022-01,0
3240,2021-09,2021-09,0
1645,2020-03,2020-10,6
1546,2020-04,2020-04,0
3153,2020-06,2020-06,0
6352,2023-10,2023-10,0
4289,2020-02,2020-02,0
6994,2021-04,2021-04,0
3695,2023-07,2023-07,0
5835,2023-04,2023-06,1
2886,2023-09,2024-03,6
3306,2020-08,2022-12,28
7511,2022-02,2022-02,0
6992,2020-09,2020-09,0
1228,2022-12,2022-12,0
8451,2020-01,2023-10,44
5295,2022-06,2022-06,0
7086,2025-04,2025-04,0
8724,2020-01,2020-01,0
6374,2021-10,2021-10,0
2035,2020-04,2020-04,0
5951,2021-05,2021-05,0
3290,2022-11,2023-02,2
5986,2020-01,2020-01,0
2592,2020-08,2020-08,0
3222,2021-03,2023-06,27
9850,2020-05,2024-11,53
3531,2020-05,2020-05,0
2622,2021-04,2023-04,23
7686,2022-01,2022-01,0
1536,2022-11,2022-11,0
8264,2020-10,2024-01,39
6942,2020-03,2020-09,6
7018,2020-04,2020-04,0
6876,2020-06,2022-07,24
4109,2020-11,2020-11,0
2501,2021-09,2021-09,0
1349,2021-12,2022-03,2
4990,2020-03,2020-06,2
4362,2021-04,2021-04,0
4394,2020-01,2021-01,11
6383,2021-01,2021-01,0
1046,2022-01,2024-03,25
3129,2020-07,2020-07,0
2801,2022-01,2022-01,0
3159,2020-05,2020-11,6
6304,2021-04,2021-04,0
1858,2021-05,2022-10,17
9619,2023-02,2025-04,26
8802,2020-08,2021-10,13
9408,2020-12,2020-12,0
9254,2021-02,2021-02,0
1710,2020-03,2022-07,27
9543,2020-10,2020-10,0
1510,2021-03,2024-06,39
7580,2020-10,2020-10,0
9032,2021-09,2023-01,16
2204,2020-10,2020-10,0
3430,2020-01,2024-10,57
9984,2022-10,2023-03,5
9692,2020-02,2022-09,31
8048,2024-04,2024-04,0
2874,2022-03,2022-03,0
4522,2024-03,2024-03,0
7779,2020-12,2021-12,11
7532,2020-12,2022-03,14
6120,2024-01,2024-01,0
5176,2020-01,2020-01,0
8770,2020-07,2024-11,52
2527,2020-09,2020-09,0
7105,2020-09,2021-08,10
1982,2024-07,2024-07,0
6400,2020-01,2020-01,0
6793,2021-02,2021-02,0
1842,2020-04,2022-08,27
6119,2022-02,2022-02,0
9313,2022-06,2024-06,24
8900,2020-12,2022-08,20
6736,2023-07,2023-07,0
2882,2020-02,2020-03,0
4705,2022-01,2022-01,0
1430,2021-06,2022-04,10
5381,2020-05,2020-05,0
6062,2020-07,2020-07,0
1100,2022-02,2024-06,27
7566,2021-03,2021-11,7
1502,2023-01,2023-01,0
4524,2022-10,2023-05,7
6585,2024-10,2024-10,0
6314,2020-02,2023-07,41
2391,2022-08,2023-12,15
3579,2020-07,2022-11,27
2336,2020-02,2020-02,0
7947,2021-12,2021-12,0
7785,2020-05,2024-07,50
2864,2023-09,2023-09,0
5640,2020-06,2020-06,0
8972,2021-11,2024-04,28
1744,2023-04,2023-04,0
1897,2020-01,2021-07,17
4460,2020-10,2023-04,29
5742,2020-03,2023-08,40
9149,2023-07,2023-07,0
3116,2022-04,2022-04,0
4770,2021-08,2022-12,16
6802,2020-11,2020-11,0
1693,2020-12,2020-12,0
2275,2022-01,2023-08,18
8033,2021-06,2025-04,46
7843,2022-01,2022-01,0
1341,2021-01,2023-12,34
8538,2020-07,2022-07,24
2443,2022-06,2022-06,0
4986,2021-10,2023-01,15
9584,2023-01,2023-11,10
6562,2022-07,2022-07,0
2251,2020-03,2020-10,7
9693,2020-09,2023-02,29
6752,2020-04,2020-04,0
3419,2022-05,2022-05,0
5193,2020-02,2022-07,29
3504,2020-11,2020-11,0
2234,2021-08,2024-02,30
9095,2021-11,2023-03,16
8354,2020-04,2022-05,24
6295,2021-09,2022-09,11
6179,2022-09,2024-03,18
8682,2023-07,2023-07,0
5500,2020-01,2020-01,0
9312,2022-11,2022-11,0
8404,2020-01,2024-09,56
5703,2020-01,2025-03,62
9307,2022-06,2022-06,0
1672,2022-01,2022-04,2
4084,2022-11,2025-01,26
9214,2020-05,2021-07,13
8381,2023-11,2024-08,9
2381,2021-09,2021-09,0
1641,2020-06,2020-06,0
8199,2023-05,2023-12,7
3600,2022-02,2022-02,0
7347,2020-05,2021-05,11
1857,2021-11,2025-01,37
6482,2020-06,2025-01,55
7333,2022-03,2022-03,0
3463,2021-07,2021-07,0
3317,2020-03,2023-02,34
7421,2021-02,2021-02,0
2388,2022-10,2023-03,5
6381,2020-02,2024-10,55
9624,2024-01,2024-01,0
7937,2023-01,2023-01,0
6940,2021-01,2024-09,43
6598,2020-10,2021-12,13
4145,2022-08,2025-02,29
3538,2023-02,2023-02,0
9317,2020-06,2020-06,0
9626,2021-07,2021-07,0
3147,2022-06,2024-12,30
3658,2020-03,2022-07,28
3712,2020-10,2020-10,0
7731,2021-10,2021-10,0
4891,2022-07,2023-09,13
5668,2020-08,2020-08,0
4833,2021-10,2021-10,0
8684,2021-10,2021-12,2
7026,2021-09,2021-09,0
8218,2020-08,2021-02,6
7256,2022-07,2022-07,0
3655,2021-01,2024-11,46
3267,2020-09,2020-09,0
8873,2022-01,2022-01,0
2680,2021-10,2021-10,0
3042,2020-03,2021-03,12
5469,2022-04,2022-04,0
3414,2020-02,2020-02,0
4637,2022-04,2023-02,10
1436,2020-07,2020-07,0
9224,2020-02,2021-02,11
2337,2022-03,2022-03,0
6221,2024-05,2024-05,0
6493,2021-02,2024-06,40
1627,2021-05,2021-06,1
3273,2020-03,2022-09,30
8349,2020-09,2023-12,39
1311,2023-12,2023-12,0
9991,2022-08,2024-06,22
9647,2020-02,2020-06,4
4893,2021-04,2023-05,24
4906,2021-02,2023-06,28
8489,2020-09,2020-09,0
9782,2020-01,2023-12,46
4963,2020-02,2020-09,7
8032,2020-04,2025-04,59
4941,2020-10,2025-04,53
2402,2020-07,2024-06,46
2108,2021-11,2022-06,7
9312,2022-11,2025-01,26
1333,2020-10,2020-10,0
1713,2024-08,2024-08,0
5155,2024-03,2025-02,10
2106,2021-07,2023-06,22
2698,2021-05,2021-05,0
6447,2020-01,2020-01,0
9945,2020-04,2020-04,0
3868,2020-03,2023-02,34
8612,2023-04,2024-01,8
3986,2020-02,2020-02,0
8498,2020-03,2021-03,12
1717,2021-10,2022-09,10
6170,2022-08,2023-09,13
7524,2020-05,2022-08,27
8756,2020-07,2023-02,30
4131,2023-08,2025-03,19
6438,2021-07,2021-07,0
8159,2021-02,2023-09,31
8204,2022-01,2022-01,0
6554,2021-02,2021-02,0
9151,2024-06,2024-06,0
5369,2025-02,2025-02,0
7955,2020-08,2020-08,0
3956,2020-07,2020-08,1
2680,2021-10,2023-09,23
5843,2020-12,2025-03,51
7981,2021-05,2022-09,15
6759,2020-07,2021-05,10
6776,2022-12,2022-12,0
5498,2021-04,2022-03,10
2229,2020-04,2020-12,7
6952,2022-01,2024-04,26
3621,2020-12,2022-03,15
8179,2020-05,2020-05,0
4866,2021-06,2022-09,15
6933,2023-12,2023-12,0
1530,2022-03,2022-08,5
8371,2021-02,2021-02,0
8273,2020-12,2020-12,0
3255,2020-02,2022-02,23
6150,2022-07,2023-12,17
2858,2023-10,2023-10,0
9176,2025-03,2025-03,0
2929,2020-03,2021-01,10
8311,2021-06,2021-06,0
5678,2020-09,2022-04,18
4279,2020-08,2021-09,13
8406,2020-09,2023-12,38
8292,2020-07,2025-01,53
6236,2020-08,2020-08,0
2063,2020-09,2022-11,25
5914,2023-09,2023-09,0
3852,2023-12,2024-12,11
4673,2020-09,2020-09,0
3275,2022-11,2022-11,0
1430,2021-06,2021-06,0
7044,2020-02,2020-02,0
3126,2022-01,2023-12,23
2077,2022-03,2025-02,34
8842,2023-05,2023-05,0
2208,2021-07,2021-07,0
2215,2023-04,2023-04,0
9476,2020-09,2021-11,13
3981,2020-01,2020-08,6
8088,2021-07,2022-01,5
3034,2022-07,2022-07,0
3697,2020-09,2020-09,0
4694,2021-03,2025-02,47
5653,2024-06,2024-06,0
4216,2020-03,2020-03,0
5496,2022-11,2025-03,28
9740,2020-05,2023-06,36
3762,2020-07,2020-07,0
3526,2020-10,2021-09,10
6531,2022-08,2022-08,0
1674,2020-10,2020-10,0
2330,2021-12,2021-12,0
5336,2020-11,2022-06,18
7825,2022-08,2022-08,0
9159,2020-04,2020-04,0
5745,2020-02,2022-06,28
8912,2022-06,2022-06,0
7653,2021-01,2023-05,28
1981,2020-04,2021-10,18
8933,2020-06,2022-12,30
3353,2022-07,2024-12,29
6231,2020-04,2021-02,10
7532,2020-12,2021-11,10
9437,2022-10,2023-09,10
4960,2023-06,2023-06,0
8366,2021-11,2025-02,39
1829,2021-08,2021-08,0
7850,2021-12,2024-05,28
6364,2020-02,2022-10,32
6123,2020-06,2020-06,0
9163,2020-12,2020-12,0
9171,2020-08,2020-08,0
1379,2021-06,2024-11,40
9281,2020-12,2020-12,0
4524,2022-10,2022-10,0
1828,2020-04,2023-11,42
8710,2021-05,2021-11,5
2761,2022-02,2022-04,1
6992,2020-09,2024-05,44
1741,2021-09,2021-09,0
4189,2022-03,2022-03,0
2204,2020-10,2023-01,26
5582,2020-11,2021-06,6
2946,2023-10,2025-04,18
7453,2020-05,2024-03,45
6990,2020-03,2021-04,12
9341,2021-02,2021-02,0
1742,2024-08,2024-08,0
6456,2022-10,2022-10,0
8487,2021-12,2021-12,0
3290,2022-11,2025-02,26
6218,2024-05,2024-05,0
5902,2022-02,2023-08,17
9351,2024-08,2024-08,0
5911,2021-07,2023-11,28
7035,2024-09,2024-09,0
7824,2023-05,2023-05,0
1436,2020-07,2025-01,53
4728,2020-10,2020-10,0
8871,2020-11,2022-08,20
7229,2021-03,2021-03,0
4968,2021-08,2021-08,0
2800,2020-02,2020-02,0
6139,2022-06,2022-06,0
4340,2023-02,2023-08,5
8726,2024-04,2024-04,0
2020,2020-04,2020-04,0
4397,2020-11,2020-11,0
8837,2020-08,2024-04,44
3837,2024-10,2025-03,5
6608,2021-08,2021-08,0
5331,2023-07,2023-07,0
5038,2023-03,2023-03,0
4684,2020-11,2020-11,0
5735,2020-11,2023-08,33
9011,2020-02,2024-05,51
5480,2020-03,2023-03,36
9899,2020-09,2021-08,11
6654,2021-02,2021-02,0
5758,2020-03,2020-03,0
2294,2022-08,2022-11,2
5201,2023-12,2024-10,10
4310,2020-01,2020-01,0
5450,2023-03,2023-03,0
4920,2021-08,2021-08,0
9700,2020-09,2024-06,45
1860,2021-06,2021-06,0
8739,2021-09,2023-07,22
1084,2022-03,2022-06,2
7666,2020-03,2021-12,20
8822,2021-01,2024-06,40
6262,2023-05,2024-08,14
2465,2021-03,2021-03,0
9767,2024-06,2024-06,0
3868,2020-03,2022-03,24
1595,2020-02,2020-02,0
9116,2023-11,2023-11,0
5742,2020-03,2021-03,11
5888,2021-03,2021-03,0
6489,2021-09,2022-03,6
9901,2024-01,2024-01,0
9261,2023-09,2023-09,0
2845,2022-07,2022-07,0
8518,2022-05,2022-05,0
4050,2020-11,2021-09,9
5833,2020-01,2022-12,34
3875,2020-10,2022-05,18
7643,2022-04,2022-09,4
6372,2020-03,2020-03,0
2562,2023-05,2023-05,0
8822,2021-01,2021-04,2
1111,2024-01,2024-01,0
8319,2021-01,2023-08,31
5947,2020-06,2023-11,40
1187,2020-02,2020-02,0
4871,2021-02,2021-02,0
8625,2023-12,2023-12,0
9233,2021-01,2021-01,0
6095,2021-06,2021-06,0
5833,2020-01,2022-12,35
4590,2021-08,2021-08,0
3509,2021-01,2021-09,8
7121,2022-06,2024-09,27
8714,2022-10,2022-10,0
4578,2021-07,2025-04,44
2341,2021-08,2021-11,2
6927,2020-02,2020-10,8
2838,2023-04,2024-12,19
9281,2020-12,2024-01,37
3455,2023-08,2023-08,0
8239,2020-01,2021-01,12
9008,2020-11,2022-02,14
8298,2022-07,2022-07,0
3161,2024-01,2024-07,5
1945,2023-07,2023-07,0
6049,2023-12,2023-12,0
5169,2020-12,2020-12,0
4570,2020-12,2020-12,0
7941,2021-10,2022-10,11
9866,2021-08,2023-09,25
8734,2024-07,2024-10,2
3948,2022-01,2022-11,10
7887,2025-03,2025-03,0
8348,2024-01,2024-01,0
7154,2022-04,2022-04,0
9835,2020-08,2024-11,50
2943,2020-11,2023-12,37
7439,2023-04,2023-06,2
4648,2020-03,2020-03,0
5888,2021-03,2022-10,18
9920,2024-08,2025-02,5
4762,2021-08,2024-03,30
3541,2020-02,2024-04,50
2848,2020-02,2022-11,33
7868,2020-10,2020-10,0
4943,2022-08,2023-12,16
1550,2020-09,2022-07,22
1797,2021-06,2021-06,0
7590,2021-10,2021-10,0
4559,2021-04,2021-07,3
3295,2023-03,2023-03,0
4836,2021-09,2022-03,6
6224,2022-11,2022-11,0
6253,2023-01,2023-01,0
9540,2023-07,2024-08,12
5508,2023-08,2023-08,0
3869,2020-02,2025-04,61
9120,2023-10,2023-10,0
7244,2022-10,2023-09,11
7821,2022-12,2022-12,0
7167,2020-02,2020-02,0
8758,2021-02,2023-06,27
5927,2024-10,2024-10,0
8586,2020-09,2022-11,25
7761,2020-03,2020-03,0
9683,2020-08,2020-08,0
5177,2024-02,2024-02,0
2295,2021-08,2021-08,0
2514,2021-10,2021-10,0
1844,2023-01,2023-01,0
1647,2021-12,2022-07,6
4555,2020-02,2020-02,0
5967,2021-01,2024-03,38
4470,2020-04,2020-04,0
2922,2020-06,2020-06,0
4974,2021-08,2021-10,1
4350,2021-09,2024-08,35
6269,2020-09,2024-01,40
8639,2020-02,2020-02,0
6053,2022-11,2022-11,0
9147,2022-06,2025-01,31
8692,2024-07,2024-07,0
4328,2020-08,2020-08,0
1749,2020-02,2020-02,0
3390,2021-11,2024-10,35
7841,2020-04,2023-07,39
6404,2020-06,2023-04,34
5026,2020-06,2020-06,0
6530,2021-08,2021-08,0
9037,2020-05,2020-06,0
6770,2021-07,2021-12,5
9954,2020-01,2020-01,0
1962,2021-09,2024-02,28
1794,2020-08,2020-08,0
3252,2021-01,2021-01,0
2113,2020-02,2021-12,22
4583,2022-06,2022-06,0
1990,2022-01,2022-01,0
8916,2022-05,2022-05,0
1108,2022-08,2023-03,6
1194,2020-01,2020-01,0
5501,2020-07,2020-07,0
1280,2024-01,2024-03,2
8054,2024-02,2024-07,4
2753,2020-10,2024-06,44
3439,2020-01,2024-07,53
9625,2020-06,2020-06,0
5379,2020-08,2021-04,8
7112,2022-12,2022-12,0
4984,2020-09,2020-09,0
5914,2023-09,2025-03,17
1519,2020-04,2020-04,0
7179,2020-07,2023-07,36
1154,2022-10,2022-10,0
9189,2020-10,2022-01,15
6427,2021-08,2024-01,28
9653,2022-12,2022-12,0
4463,2020-01,2023-10,44
8790,2022-09,2023-08,10
5593,2020-05,2020-05,0
1539,2022-12,2022-12,0
1256,2021-09,2021-09,0
3362,2020-02,2020-02,0
7525,2021-12,2021-12,0
3661,2020-08,2020-08,0
7375,2023-02,2023-04,2
6435,2020-01,2020-01,0
3292,2020-08,2021-09,13
2284,2022-02,2022-02,0
1879,2020-07,2020-07,0
2245,2020-06,2023-01,30
7499,2021-11,2021-11,0
1485,2024-08,2024-08,0
9038,2020-02,2020-02,0
7150,2020-05,2020-05,0
7227,2022-06,2022-06,0
5839,2024-09,2024-09,0
2204,2020-10,2021-02,3
7225,2020-10,2020-10,0
3527,2022-08,2023-07,10
6909,2021-09,2021-09,0
6050,2020-02,2020-02,0
2674,2021-12,2021-12,0
8061,2024-10,2024-10,0
9395,2022-07,2022-07,0
2468,2020-06,2024-11,53
6315,2021-12,2021-12,0
5781,2020-01,2021-10,21
4977,2021-04,2021-10,5
7237,2020-12,2020-12,0
5933,2020-07,2020-07,0
2036,2021-12,2023-04,16
7899,2021-02,2025-03,49
6916,2021-07,2021-07,0
9123,2020-10,2024-05,42
8501,2023-11,2025-04,17
1110,2022-06,2024-08,25
7224,2021-06,2021-06,0
8212,2020-05,2020-05,0
3230,2023-03,2023-03,0
4290,2024-03,2024-03,0
7524,2020-05,2022-01,20
9044,2024-05,2024-05,0
6339,2020-04,2020-04,0
6980,2022-01,2022-01,0
4273,2022-12,2022-12,0
3947,2020-04,2020-04,0
1440,2020-06,2020-06,0
4434,2022-05,2022-05,0
2133,2020-03,2024-01,46
9180,2020-10,2020-10,0
4965,2022-05,2022-05,0
7932,2020-02,2021-01,11
8357,2021-02,2021-02,0
7566,2021-03,2023-03,23
7853,2023-11,2023-11,0
9796,2021-01,2021-01,0
2791,2021-04,2021-04,0
6816,2023-01,2023-01,0
1725,2024-01,2025-04,15
7547,2020-04,2022-12,31
8052,2020-05,2021-05,11
5239,2024-05,2024-05,0
9499,2021-03,2022-10,19
4621,2020-01,2023-10,45
8586,2020-09,2022-11,25
9199,2020-10,2023-07,32
8909,2023-04,2024-08,15
2406,2022-03,2023-11,19
3321,2023-08,2023-08,0
8460,2020-04,2020-04,0
8912,2022-06,2024-04,22
8178,2022-05,2022-05,0
6225,2020-01,2021-12,22
2885,2023-01,2023-01,0
2791,2021-04,2023-09,29
4996,2024-07,2024-07,0
3623,2022-07,2022-07,0
8570,2021-08,2024-01,28
4022,2020-12,2022-10,22
8080,2020-01,2022-02,24
4232,2020-03,2023-05,38
7370,2020-12,2022-03,14
4371,2020-08,2020-08,0
2025,2021-10,2021-10,0
4063,2021-12,2024-05,29
8496,2021-06,2021-06,0
9019,2020-02,2021-06,15
6134,2020-06,2023-01,30
7431,2023-02,2024-07,17
6766,2021-10,2021-10,0
3826,2022-10,2023-10,11
5873,2020-04,2022-01,21
2388,2022-10,2022-10,0
2931,2020-08,2021-07,10
3999,2020-03,2024-04,49
9369,2021-02,2024-03,36
3258,2021-02,2024-06,39
4043,2022-02,2022-02,0
3838,2021-12,2025-04,40
5732,2024-02,2024-02,0
8389,2022-06,2022-06,0
1157,2021-06,2022-12,17
7290,2021-07,2022-05,10
9109,2020-01,2025-04,63
7809,2021-03,2023-01,21
9006,2024-11,2024-11,0
1505,2022-04,2022-04,0
5785,2020-12,2022-03,14
9808,2020-08,2025-03,54
9115,2020-01,2022-01,23
2871,2020-07,2020-09,2
7010,2022-11,2025-04,28
8231,2020-12,2021-07,6
2677,2022-08,2023-10,13
5055,2021-08,2025-04,44
8368,2023-06,2023-06,0
8193,2023-07,2023-07,0
4882,2022-03,2022-03,0
6744,2020-07,2020-07,0
8015,2022-06,2022-06,0
4385,2021-05,2021-05,0
6747,2020-09,2025-02,52
9827,2020-02,2023-11,45
5794,2020-02,2022-03,24
9428,2020-05,2020-05,0
2560,2021-06,2021-06,0
1971,2021-01,2024-05,39
3078,2023-12,2023-12,0
5090,2023-01,2023-01,0
5055,2021-08,2023-11,27
7434,2024-05,2024-05,0
5402,2021-08,2021-08,0
8405,2020-11,2021-03,4
7600,2021-08,2021-08,0
7046,2020-07,2022-02,18
6362,2023-10,2023-10,0
2526,2021-03,2021-07,3
6869,2020-12,2020-12,0
7516,2021-06,2021-06,0
4470,2020-04,2021-09,16
5646,2020-11,2020-11,0
3139,2022-01,2022-07,5
6631,2022-07,2022-07,0
1752,2022-10,2022-10,0
1266,2022-03,2022-03,0
8230,2021-04,2024-09,41
4314,2022-06,2022-06,0
5945,2025-04,2025-04,0
2529,2021-05,2024-12,42
2350,2021-06,2022-12,18
3711,2024-05,2024-05,0
6005,2022-07,2022-07,0
8032,2020-04,2024-09,53
2559,2021-01,2021-01,0
2276,2022-09,2022-09,0
9510,2024-07,2024-07,0
1132,2020-04,2021-06,14
7919,2020-06,2022-05,23
2160,2021-06,2024-03,33
2678,2020-11,2024-03,40
5902,2022-02,2022-02,0
3340,2021-12,2021-12,0
1138,2020-07,2024-02,42
8210,2024-04,2024-04,0
3480,2021-05,2021-05,0
8248,2021-04,2021-04,0
2646,2022-03,2024-09,30
7291,2022-01,2022-01,0
6152,2024-08,2024-08,0
5537,2024-06,2024-06,0
5668,2020-08,2021-03,6
1439,2021-01,2021-01,0
5942,2022-01,2022-06,4
9348,2021-06,2022-10,15
5842,2020-05,2020-05,0
9108,2021-10,2024-01,26
9185,2021-05,2021-05,0
9655,2020-07,2020-07,0
6916,2021-07,2024-02,30
7337,2021-07,2021-07,0
7895,2024-03,2024-03,0
3830,2021-02,2021-02,0
1273,2021-09,2023-10,25
5295,2022-06,2022-11,4
7520,2020-11,2024-06,43
9209,2021-01,2022-06,16
7590,2021-10,2023-07,20
9808,2020-08,2020-08,0
2369,2020-05,2020-05,0
4329,2022-03,2024-02,22
9788,2020-06,2024-07,49
2083,2021-06,2021-06,0
4909,2020-07,2022-03,19
8118,2021-07,2023-03,19
1901,2023-08,2023-08,0
3877,2020-10,2022-06,20
3248,2020-08,2020-08,0
9133,2020-03,2024-09,54
9474,2021-02,2021-02,0
5247,2020-05,2023-05,36
5403,2024-08,2024-08,0
1480,2023-01,2023-02,1
5456,2020-06,2020-06,0
2262,2020-09,2020-10,0
6900,2021-05,2024-08,39
3734,2023-09,2024-04,6
2685,2025-03,2025-03,0
2889,2020-05,2024-11,54
1042,2022-11,2023-10,11
5006,2020-07,2025-04,56
7274,2020-04,2022-01,20
1579,2020-10,2023-02,27
7870,2023-08,2023-08,0
7819,2020-01,2021-12,23
5444,2022-05,2023-03,10
7108,2021-10,2021-10,0
1862,2020-03,2023-11,43
1752,2022-10,2023-09,11
8620,2023-03,2023-03,0
6362,2023-10,2024-03,5
1130,2021-06,2024-06,36
5979,2021-03,2021-03,0
8600,2023-05,2023-05,0
4201,2025-02,2025-02,0
5016,2021-07,2021-07,0
1391,2022-04,2022-11,7
1157,2021-06,2022-10,15
7164,2025-03,2025-03,0
6038,2022-05,2024-08,26
4902,2023-02,2023-02,0
3332,2020-05,2020-05,0
1719,2020-02,2022-06,27
7767,2020-02,2020-12,10
8511,2025-01,2025-01,0
2565,2022-10,2024-01,14
7461,2022-12,2023-11,10
2020,2020-04,2025-01,57
4879,2023-04,2023-04,0
7438,2021-02,2023-05,27
6345,2021-07,2024-11,40
4827,2022-01,2022-01,0
3230,2023-03,2024-03,12
2785,2023-09,2023-09,0
8365,2021-06,2021-06,0
2978,2022-04,2022-04,0
8404,2020-01,2024-08,54
2964,2020-01,2020-01,0
5984,2021-12,2021-12,0
1660,2022-09,2024-03,18
3430,2020-01,2020-01,0
6828,2020-11,2023-10,34
5896,2020-08,2023-01,28
1509,2021-08,2024-09,37
5093,2022-04,2022-04,0
3290,2022-11,2022-11,0
4641,2021-08,2023-09,25
7098,2022-02,2024-03,24
2376,2021-02,2021-02,0
2228,2023-05,2025-02,20
4239,2020-06,2024-06,48
3110,2020-10,2023-02,28
3007,2020-04,2023-12,43
1829,2021-08,2024-06,34
8096,2020-10,2020-10,0
9128,2023-01,2024-10,21
7990,2023-07,2023-07,0
4066,2020-10,2020-10,0
3435,2022-11,2022-11,0
5026,2020-06,2022-10,27
7750,2021-09,2024-01,28
1999,2022-04,2022-12,7
3248,2020-08,2023-09,37
9614,2020-03,2021-06,14
1319,2020-12,2023-04,27
6883,2020-05,2024-06,49
6636,2020-05,2025-03,58
6269,2020-09,2023-06,33
1427,2024-08,2024-08,0
1480,2023-01,2023-01,0
1959,2021-10,2021-10,0
9674,2020-10,2020-10,0
4813,2024-11,2024-11,0
5060,2021-01,2021-01,0
9743,2022-03,2023-11,20
1916,2021-12,2023-09,20
7363,2020-08,2020-08,0
3885,2020-11,2024-02,38
6878,2021-03,2022-11,20
6761,2023-05,2023-05,0
3328,2021-06,2023-10,28
9064,2020-06,2021-02,7
9035,2021-05,2021-05,0
4811,2021-12,2023-08,20
9625,2020-06,2021-04,9
4300,2020-08,2020-08,0
3907,2020-03,2023-03,35
1975,2021-04,2023-06,25
3320,2020-01,2021-09,19
6978,2021-10,2024-06,32
7481,2023-10,2023-10,0
5944,2023-04,2023-04,0
8157,2022-10,2022-10,0
6198,2020-03,2023-01,33
6846,2022-06,2022-06,0
3872,2022-12,2022-12,0
5825,2021-07,2023-03,19
1029,2020-11,2020-11,0
7415,2021-09,2021-09,0
1530,2022-03,2022-03,0
4619,2023-08,2024-07,10
9129,2023-06,2023-06,0
2274,2021-06,2022-01,7
3750,2024-03,2024-03,0
6500,2020-10,2025-03,52
4435,2021-09,2023-02,16
6742,2022-09,2022-10,1
1020,2021-01,2022-09,20
7875,2024-09,2024-09,0
9078,2021-03,2021-03,0
9946,2022-04,2022-05,0
4695,2020-05,2023-02,33
1547,2021-12,2025-04,39
5278,2020-02,2023-07,41
6600,2025-02,2025-02,0
3636,2023-10,2023-10,0
2525,2020-01,2021-06,16
8909,2023-04,2023-04,0
3703,2020-02,2020-02,0
3573,2021-09,2023-07,22
4367,2020-05,2020-05,0
9849,2020-09,2021-03,5
5872,2024-08,2024-09,1
7437,2020-06,2020-06,0
3516,2020-09,2022-06,20
8005,2021-09,2022-12,15
8869,2022-11,2024-02,14
4390,2023-09,2023-09,0
2342,2025-01,2025-01,0
6052,2022-12,2023-04,4
9013,2023-03,2023-12,9
2493,2020-09,2020-09,0
4029,2023-02,2024-03,12
7052,2022-01,2022-01,0
5313,2020-10,2020-10,0
4706,2020-02,2024-08,54
2009,2020-03,2020-03,0
2584,2021-08,2021-08,0
9871,2021-04,2024-03,34
4727,2021-04,2021-04,0
9561,2023-09,2025-01,16
8779,2022-11,2025-01,26
8803,2022-01,2022-01,0
1568,2022-02,2022-02,0
3415,2021-02,2021-02,0
3832,2023-03,2023-03,0
4471,2021-04,2025-04,48
1699,2021-12,2022-03,3
8133,2021-06,2021-06,0
3422,2021-03,2024-12,45
6238,2020-02,2023-06,40
2425,2020-05,2020-05,0
6343,2020-01,2021-01,12
8506,2024-05,2024-05,0
9561,2023-09,2023-09,0
7790,2020-02,2020-03,1
2641,2021-02,2023-10,31
2654,2020-11,2024-11,48
6633,2021-11,2021-11,0
7275,2024-01,2025-04,15
8750,2022-11,2024-05,18
7602,2022-09,2023-07,9
7581,2020-05,2020-05,0
4892,2021-11,2021-11,0
5400,2021-03,2021-04,1
6535,2020-06,2024-03,45
6094,2021-02,2023-04,26
2609,2020-12,2020-12,0
3201,2020-06,2024-04,45
8259,2022-08,2022-08,0
5414,2020-02,2021-09,18
2462,2020-09,2020-09,0
7671,2020-12,2022-06,17
7126,2020-07,2025-03,56
3604,2025-01,2025-01,0
9303,2022-07,2022-07,0
1474,2020-03,2025-02,59
1944,2021-08,2021-08,0
1828,2020-04,2022-01,20
4262,2020-05,2024-08,50
9275,2020-10,2021-03,4
1500,2020-06,2021-02,7
8308,2020-06,2020-06,0
6730,2025-01,2025-01,0
2480,2020-02,2020-02,0
1813,2024-03,2024-03,0
4511,2020-01,2021-12,22
4688,2020-05,2020-05,0
7709,2020-04,2020-04,0
1145,2021-01,2022-11,22
3837,2024-10,2024-11,0
4666,2022-10,2022-10,0
5511,2024-08,2024-08,0
6713,2023-11,2023-11,0
8646,2021-04,2021-04,0
7506,2020-01,2022-01,23
9380,2022-11,2022-11,0
5631,2020-12,2022-01,12
8892,2024-11,2024-11,0
6327,2021-12,2021-12,0
5895,2022-01,2022-04,3
4937,2023-04,2023-04,0
7620,2021-05,2024-02,32
3292,2020-08,2020-08,0
9148,2024-03,2024-06,2
7857,2022-02,2024-04,26
1578,2021-06,2022-08,13
4111,2022-12,2022-12,0
4643,2022-03,2023-05,13
8794,2022-01,2023-07,18
6873,2020-05,2024-09,51
3967,2022-12,2022-12,0
3096,2023-03,2023-03,0
3999,2020-03,2020-07,3
2463,2022-02,2022-06,3
6031,2020-02,2020-02,0
7089,2020-09,2020-09,0
8598,2020-02,2020-02,0
1879,2020-07,2023-08,36
2166,2022-10,2022-10,0
9199,2020-10,2020-11,1
7253,2024-06,2024-06,0
1885,2023-04,2023-04,0
3250,2023-11,2023-11,0
7704,2020-04,2024-01,44
3346,2023-12,2023-12,0
3954,2020-03,2024-10,55
6449,2020-04,2020-08,4
6134,2020-06,2021-03,8
8406,2020-09,2020-11,2
3595,2020-12,2022-08,19
3120,2021-04,2024-06,38
8035,2022-06,2022-06,0
7280,2020-02,2023-02,35
4267,2021-04,2023-08,28
6279,2020-09,2021-01,4
4122,2022-09,2022-09,0
5076,2020-01,2021-02,12
6113,2024-10,2024-10,0
9246,2021-01,2022-05,15
2069,2021-06,2023-11,29
5764,2021-06,2024-12,41
9587,2020-03,2023-01,34
3192,2024-12,2024-12,0
6885,2020-09,2023-08,34
7609,2020-09,2020-09,0
3149,2023-10,2023-10,0
9267,2021-05,2022-02,9
1612,2020-07,2024-07,48
5190,2020-03,2023-04,36
1796,2021-07,2021-07,0
2771,2021-01,2025-02,48
1790,2020-08,2023-05,33
8279,2020-09,2020-12,2
5140,2021-03,2021-05,2
4366,2021-07,2022-09,14
1152,2021-09,2025-01,39
2654,2020-11,2021-11,12
3247,2020-07,2021-12,17
9381,2021-04,2023-12,32
5631,2020-12,2020-12,0
9154,2020-09,2021-02,5
5308,2022-08,2023-11,14
6864,2022-05,2025-02,33
3627,2020-11,2022-08,20
4402,2021-04,2021-04,0
6416,2021-06,2021-06,0
2458,2020-05,2021-11,18
9095,2021-11,2021-11,0
9383,2025-04,2025-04,0
2659,2022-07,2023-12,17
4787,2022-02,2022-02,0
5327,2020-08,2020-08,0
3862,2021-12,2024-01,24
6901,2020-11,2024-02,38
7979,2021-01,2021-01,0
1751,2020-03,2020-03,0
3793,2023-09,2023-09,0
5395,2021-05,2021-06,1
7105,2020-09,2020-09,0
2865,2020-09,2020-09,0
5453,2021-12,2025-04,39
8835,2020-08,2020-08,0
3732,2020-02,2020-06,3
1960,2020-07,2023-11,40
2699,2021-12,2021-12,0
8908,2020-11,2020-11,0
8178,2022-05,2024-03,21
6875,2021-12,2024-09,32
3140,2022-04,2024-04,24
2850,2022-04,2022-04,0
1753,2021-11,2022-10,11
6148,2023-11,2023-11,0
9598,2020-04,2023-06,38
4669,2020-11,2025-04,52
6542,2020-04,2021-02,9
2560,2021-06,2022-03,8
5072,2021-04,2021-09,5
7305,2020-10,2022-12,25
1894,2020-11,2022-07,19
9283,2022-05,2022-05,0
3709,2021-01,2021-01,0
6253,2023-01,2023-07,6
1824,2020-02,2024-05,50
7203,2023-09,2023-09,0
2291,2022-03,2023-03,11
8341,2021-07,2021-07,0
8324,2021-12,2022-03,2
1291,2024-02,2024-02,0
1587,2020-07,2020-07,0
2489,2022-01,2023-12,22
5990,2020-02,2020-02,0
4389,2020-02,2024-02,48
6584,2021-09,2022-09,12
4652,2020-09,2021-02,4
8751,2022-10,2022-10,0
8414,2020-04,2020-04,0
4633,2020-11,2021-09,9
5783,2021-04,2021-05,1
2741,2022-04,2022-04,0
9067,2025-01,2025-01,0
7704,2020-04,2020-04,0
4209,2020-08,2021-01,5
4532,2021-03,2021-03,0
6536,2020-07,2024-08,48
1761,2020-09,2021-10,12
3018,2022-02,2022-04,2
8493,2020-01,2024-02,49
3205,2021-02,2022-11,21
9689,2020-07,2025-02,54
8091,2021-02,2023-08,30
9328,2020-11,2023-02,27
3845,2020-02,2020-04,2
2696,2020-02,2020-11,8
6273,2021-08,2025-03,43
7859,2022-07,2022-07,0
5067,2020-11,2021-09,9
5819,2021-09,2023-05,20
3263,2022-07,2023-12,16
9393,2021-08,2022-04,7
9975,2025-02,2025-02,0
4560,2022-09,2022-09,0
5760,2020-08,2022-01,17
3173,2022-12,2022-12,0
3913,2022-03,2022-03,0
6281,2021-04,2021-04,0
8870,2022-08,2022-08,0
7839,2022-06,2022-06,0
5684,2020-09,2020-09,0
1209,2020-02,2022-07,28
7240,2022-01,2024-07,30
1927,2020-05,2020-05,0
5695,2020-11,2021-12,13
2016,2020-01,2020-01,0
4342,2024-08,2024-09,1
6876,2020-06,2024-07,48
4675,2022-05,2022-05,0
7371,2020-10,2020-10,0
5712,2021-07,2021-07,0
7251,2020-06,2022-07,24
6122,2021-11,2023-04,17
1212,2022-06,2023-09,14
8259,2022-08,2023-08,11
7025,2020-06,2020-06,0
4218,2022-06,2022-06,0
5819,2021-09,2023-02,17
2220,2020-05,2020-05,0
9418,2023-08,2023-08,0
8020,2021-07,2024-01,30
3131,2021-09,2024-12,39
1092,2020-03,2022-10,30
3536,2020-12,2020-12,0
1833,2022-04,2022-04,0
5934,2020-01,2020-09,7
6866,2020-12,2020-12,0
6207,2021-12,2021-12,0
9529,2020-02,2021-08,17
3611,2025-03,2025-03,0
7609,2020-09,2025-04,55
4495,2020-01,2024-04,50
6911,2025-02,2025-02,0
9691,2020-10,2023-07,32
1144,2021-08,2021-08,0
8301,2022-02,2022-02,0
4994,2024-08,2024-08,0
6258,2021-01,2022-04,15
7322,2024-12,2024-12,0
5633,2025-01,2025-01,0
7143,2022-05,2022-05,0
8300,2024-03,2024-03,0
4154,2020-02,2020-05,2
2572,2021-10,2021-10,0
9736,2020-06,2024-07,49
4453,2020-05,2020-05,0
7950,2021-06,2021-06,0
9810,2020-06,2021-04,10
8130,2020-08,2023-03,31
3519,2021-04,2023-08,28
6434,2021-07,2021-07,0
1889,2020-03,2024-10,55
2154,2020-06,2020-06,0
5237,2021-03,2023-07,27
7626,2021-01,2023-09,32
7381,2020-08,2023-01,29
1096,2021-07,2021-08,1
2036,2021-12,2021-12,0
1745,2020-02,2021-04,13
6860,2024-05,2024-05,0
5748,2020-02,2024-12,58
2417,2021-10,2022-12,13
7249,2021-04,2021-09,5
1504,2021-10,2024-10,36
4602,2024-04,2024-04,0
9941,2020-04,2021-08,16
3360,2021-09,2021-09,0
7113,2020-01,2022-04,27
3316,2020-07,2022-06,23
7456,2022-04,2022-04,0
5992,2021-04,2021-04,0
6633,2021-11,2023-08,21
9397,2025-02,2025-02,0
4617,2022-01,2023-09,19
4183,2020-12,2020-12,0
1891,2020-02,2020-02,0
8557,2021-06,2023-05,22
5762,2021-12,2021-12,0
2608,2022-01,2025-01,35
8982,2020-03,2024-06,51
3100,2021-09,2024-02,28
2639,2021-07,2021-07,0
4170,2020-05,2020-05,0
6379,2022-07,2024-02,18
3496,2022-05,2023-09,15
6182,2025-03,2025-03,0
1079,2020-05,2021-01,7
8145,2022-02,2022-02,0
3200,2021-01,2021-11,9
8863,2022-05,2022-05,0
6004,2021-05,2021-05,0
3879,2022-01,2025-02,36
5597,2021-01,2022-11,22
9824,2020-03,2024-09,53
2252,2024-01,2024-01,0
9309,2020-12,2023-10,33
7637,2021-11,2022-06,7
1600,2021-08,2021-08,0
9842,2022-03,2022-03,0
6993,2020-10,2024-07,44
5767,2024-09,2024-09,0
9362,2022-09,2022-09,0
9227,2020-11,2025-03,52
3717,2020-04,2020-04,0
8310,2025-02,2025-02,0
3395,2021-11,2022-01,2
6878,2021-03,2021-03,0
4796,2021-04,2021-04,0
4834,2021-04,2023-12,31
9485,2023-04,2023-04,0
7358,2020-01,2021-08,18
1760,2022-09,2023-05,7
6309,2021-06,2024-04,34
5480,2020-03,2024-12,57
9918,2021-02,2021-02,0
7201,2021-11,2021-11,0
2275,2022-01,2022-01,0
4651,2021-09,2025-01,40
6653,2023-01,2024-03,13
1108,2022-08,2022-11,2
8207,2022-06,2022-06,0
9430,2023-09,2023-09,0
3461,2020-01,2021-09,20
2938,2020-09,2020-09,0
6410,2023-05,2023-05,0
8844,2021-09,2021-09,0
3641,2020-09,2020-09,0
1367,2023-12,2023-12,0
3639,2020-01,2020-01,0
1642,2020-06,2020-06,0
1916,2021-12,2022-08,7
9464,2021-04,2021-04,0
1305,2024-08,2024-08,0
5644,2020-02,2020-02,0
8359,2022-10,2022-10,0
8891,2020-04,2023-12,43
3338,2022-01,2022-01,0
9369,2021-02,2021-02,0
6614,2022-04,2025-01,33
2127,2020-10,2024-05,42
3166,2021-06,2021-06,0
9564,2020-09,2023-09,35
7877,2022-08,2025-04,32
2577,2021-06,2021-06,0
1639,2023-12,2023-12,0
9246,2021-01,2024-03,37
8901,2020-02,2020-02,0
9835,2020-08,2020-08,0
8069,2021-06,2021-06,0
1711,2022-05,2023-05,11
4759,2023-04,2023-04,0
7246,2020-01,2020-02,1
2600,2021-03,2022-07,16
8817,2023-09,2025-04,18
5641,2021-04,2024-07,38
7695,2020-07,2020-10,2
1116,2021-08,2021-08,0
9515,2024-11,2024-11,0
4365,2022-09,2024-10,25
7698,2023-04,2024-11,18
7980,2024-04,2025-02,10
5281,2025-04,2025-04,0
6990,2020-03,2022-01,21
7511,2022-02,2023-02,11
8904,2021-11,2021-11,0
8925,2020-02,2020-02,0
6641,2021-05,2021-05,0
3262,2021-02,2022-09,18
2951,2020-10,2022-10,23
3650,2021-01,2021-01,0
7562,2023-05,2023-05,0
1852,2020-11,2023-03,27
1086,2022-05,2024-08,27
8727,2022-09,2022-09,0
2444,2020-07,2020-07,0
7075,2020-09,2020-12,2
7296,2023-03,2023-03,0
9536,2020-06,2020-06,0
1941,2023-04,2023-04,0
9099,2020-11,2021-02,3
9489,2022-11,2022-11,0
9364,2021-03,2021-03,0
3776,2023-03,2023-03,0
4919,2022-11,2022-11,0
2422,2023-05,2023-12,7
6785,2020-12,2020-12,0
4281,2020-06,2020-06,0
2124,2023-10,2023-10,0
5661,2020-02,2021-03,13
6703,2021-07,2021-07,0
4707,2020-11,2023-10,35
8450,2020-01,2021-04,15
1076,2020-06,2023-02,32
9294,2020-08,2021-01,5
9243,2020-01,2023-07,41
9409,2020-07,2020-07,0
5098,2021-03,2022-08,16
8923,2022-07,2022-07,0
8517,2022-04,2025-02,33
1448,2023-09,2023-09,0
2106,2021-07,2021-07,0
4767,2021-01,2021-01,0
6785,2020-12,2023-09,33
5314,2020-02,2020-02,0
7536,2022-10,2022-10,0
2245,2020-06,2022-01,18
8807,2020-02,2024-01,46
5408,2022-06,2024-10,27
4115,2022-02,2022-02,0
4847,2020-05,2021-02,9
4387,2020-03,2020-03,0
6833,2020-07,2020-07,0
2964,2020-01,2024-12,58
9071,2021-10,2021-10,0
1692,2020-06,2021-09,15
6167,2021-02,2021-10,7
5501,2020-07,2024-01,41
5591,2020-01,2020-01,0
3101,2024-11,2024-11,0
8836,2020-03,2020-09,6
9232,2021-07,2021-07,0
3863,2022-07,2022-07,0
9490,2023-10,2023-10,0
1137,2021-12,2021-12,0
7216,2023-10,2023-10,0
6924,2023-10,2023-10,0
4066,2020-10,2023-01,26
5413,2020-02,2022-02,23
6621,2020-06,2020-06,0
7945,2023-11,2023-11,0
7099,2020-12,2023-11,34
5581,2020-04,2025-01,57
3148,2020-06,2021-04,10
4744,2021-08,2021-08,0
5422,2022-06,2023-04,9
8081,2021-12,2024-01,25
3389,2020-03,2020-11,7
3450,2020-04,2022-09,29
3893,2022-08,2023-01,4
9470,2020-02,2020-02,0
8972,2021-11,2023-01,14
1781,2021-11,2021-11,0
3676,2022-02,2022-12,10
8807,2020-02,2022-09,30
8370,2020-09,2024-07,45
6914,2020-10,2024-03,40
5222,2021-07,2021-07,0
2986,2020-07,2021-05,9
4259,2022-01,2023-06,17
9821,2020-12,2022-04,15
6818,2020-04,2021-07,14
8987,2021-12,2021-12,0
2284,2022-02,2023-03,13
8598,2020-02,2025-02,60
3745,2023-10,2025-04,17
7911,2021-06,2023-08,26
7631,2022-02,2022-02,0
2296,2023-08,2023-08,0
6136,2022-12,2023-09,9
5382,2022-05,2022-05,0
5444,2022-05,2022-10,4
9535,2023-12,2023-12,0
3741,2022-11,2023-11,11
3048,2022-10,2023-06,8
5122,2020-07,2022-05,21
2311,2021-12,2021-12,0
2687,2022-03,2022-03,0
9985,2024-06,2024-06,0
9584,2023-01,2023-01,0
2702,2020-06,2023-12,42
2381,2021-09,2023-12,26
6068,2021-05,2023-06,24
5655,2022-11,2022-11,0
3150,2020-09,2022-11,26
1468,2023-07,2023-07,0
6328,2021-02,2023-06,28
9856,2021-04,2021-04,0
8288,2024-01,2024-01,0
9835,2020-08,2022-05,20
8480,2024-01,2024-01,0
8126,2020-09,2020-09,0
9745,2020-05,2020-05,0
8891,2020-04,2022-03,23
8239,2020-01,2020-01,0
5256,2025-04,2025-04,0
1001,2020-06,2020-06,0
6634,2023-06,2023-06,0
1136,2020-08,2020-08,0
8816,2021-01,2021-01,0
5799,2023-10,2023-10,0
9981,2022-03,2024-03,23
8161,2021-08,2021-08,0
7385,2020-07,2023-08,36
5308,2022-08,2024-02,17
4924,2020-11,2024-08,45
5454,2021-05,2023-03,22
9715,2020-11,2022-10,22
4080,2020-03,2020-03,0
3238,2022-03,2022-03,0
8460,2020-04,2021-07,15
9060,2023-04,2024-11,18
3492,2020-07,2024-08,49
1362,2020-05,2020-05,0
5622,2023-02,2025-04,25
8183,2023-01,2023-01,0
2477,2022-03,2023-03,11
4558,2023-06,2023-06,0
9165,2020-07,2020-07,0
1519,2020-04,2023-11,43
1918,2021-02,2023-01,23
2169,2020-03,2020-03,0
4148,2023-03,2023-04,0
7251,2020-06,2020-06,0
5078,2024-12,2024-12,0
5049,2021-05,2021-05,0
4263,2020-02,2024-02,48
9538,2021-02,2024-10,44
8746,2022-10,2024-08,22
6293,2021-01,2021-01,0
1691,2020-09,2024-07,46
9534,2023-04,2023-08,4
5895,2022-01,2024-06,29
4568,2020-12,2020-12,0
8113,2023-11,2025-02,14
5523,2021-09,2022-03,6
4982,2021-09,2021-09,0
8786,2020-09,2021-12,15
7084,2024-08,2024-08,0
3583,2020-05,2020-05,0
6544,2022-10,2024-11,25
1983,2021-10,2021-10,0
3521,2020-01,2024-06,53
3061,2023-02,2023-02,0
6690,2020-04,2024-12,55
4161,2020-07,2020-07,0
6868,2022-02,2022-11,8
1646,2022-01,2022-10,8
5828,2023-02,2023-02,0
4109,2020-11,2025-03,51
6696,2023-06,2024-10,16
5510,2021-03,2021-03,0
3627,2020-11,2022-03,15
8362,2020-12,2023-08,32
9873,2023-12,2023-12,0
9289,2020-09,2020-09,0
1306,2025-01,2025-01,0
4912,2023-02,2023-05,3
9830,2021-03,2023-05,25
9586,2021-12,2024-12,36
3525,2021-04,2021-05,1
7714,2020-07,2020-07,0
2577,2021-06,2022-03,9
1717,2021-10,2024-01,26
3926,2024-01,2024-01,0
2753,2020-10,2021-04,5
1521,2020-01,2020-01,0
9026,2024-10,2024-10,0
5193,2020-02,2022-07,29
2161,2020-06,2020-06,0
9051,2022-03,2025-02,34
8668,2022-02,2022-02,0
6913,2021-05,2023-01,20
7046,2020-07,2022-10,26
5355,2020-08,2024-08,48
2153,2022-05,2022-05,0
4537,2023-04,2024-12,20
2658,2024-05,2024-05,0
7313,2021-10,2021-10,0
5075,2023-12,2023-12,0
7802,2020-06,2023-01,30
6864,2022-05,2022-05,0
7997,2020-01,2024-07,54
3955,2020-09,2021-11,14
6529,2020-05,2020-05,0
8258,2022-02,2022-02,0
6319,2020-12,2025-02,49
8054,2024-02,2024-02,0
4943,2022-08,2025-04,31
7145,2021-02,2021-02,0
5162,2020-08,2020-08,0
8331,2021-12,2022-08,7
1567,2023-07,2023-07,0
1267,2020-09,2020-09,0
1107,2022-04,2022-04,0
4519,2020-06,2024-11,52
5521,2021-01,2021-04,2
3534,2021-05,2023-05,23
6827,2020-01,2023-05,39
7014,2020-12,2020-12,0
4817,2020-05,2024-06,49
2505,2022-12,2024-10,22
4562,2021-11,2022-07,8
6319,2020-12,2020-12,0
8999,2020-03,2024-09,54
2562,2023-05,2024-03,10
1612,2020-07,2020-07,0
7251,2020-06,2023-05,35
6478,2022-09,2022-09,0
7824,2023-05,2024-07,13
4714,2020-11,2021-10,10
1187,2020-02,2021-11,20
7266,2022-11,2022-11,0
1674,2020-10,2025-01,50
3450,2020-04,2025-04,59
4617,2022-01,2022-01,0
7436,2021-08,2021-08,0
9269,2020-02,2020-02,0
5747,2020-05,2020-12,6
3165,2020-07,2024-10,50
1807,2020-03,2023-07,39
2393,2020-10,2021-06,8
3136,2021-09,2021-09,0
4245,2021-04,2021-04,0
4212,2025-03,2025-03,0
9589,2020-11,2020-11,0
5362,2024-02,2024-02,0
2467,2020-10,2021-01,2
7939,2020-02,2020-10,7
6254,2022-02,2022-02,0
1396,2021-08,2022-11,14
6729,2022-04,2022-04,0
3389,2020-03,2020-03,0
4271,2021-04,2021-04,0
2405,2023-07,2024-04,8
4982,2021-09,2024-11,38
5713,2020-01,2022-04,27
2823,2021-04,2024-01,32
1372,2020-06,2020-08,2
9814,2023-09,2023-09,0
9573,2020-02,2021-03,12
8913,2022-02,2022-02,0
1301,2020-09,2020-09,0
9631,2020-04,2024-01,45
1984,2022-02,2022-02,0
5444,2022-05,2022-05,0
1136,2020-08,2025-01,52
5445,2024-03,2024-03,0
6901,2020-11,2021-10,11
5792,2022-04,2022-11,6
7332,2020-06,2020-06,0
9331,2022-05,2024-04,22
6168,2021-06,2021-06,0
9709,2022-09,2024-06,21
9202,2022-04,2022-04,0
1352,2024-09,2024-09,0
5995,2021-09,2023-07,21
3572,2020-06,2020-06,0
6765,2022-01,2022-01,0
4869,2020-03,2020-03,0
5519,2020-08,2020-08,0
5221,2020-10,2025-01,50
5590,2022-04,2022-05,1
7436,2021-08,2023-06,22
7262,2022-07,2022-07,0
4726,2020-01,2020-01,0
3502,2023-02,2023-02,0
6395,2020-01,2020-01,0
4387,2020-03,2020-07,4
9869,2023-09,2023-09,0
3262,2021-02,2022-06,16
9582,2021-10,2021-10,0
3378,2021-09,2021-09,0
3589,2021-04,2021-04,0
9732,2020-06,2020-06,0
4016,2021-05,2023-11,30
1483,2021-08,2021-08,0
7737,2020-12,2021-03,2
5485,2020-08,2024-04,44
2749,2020-07,2020-07,0
5372,2021-01,2024-07,42
4783,2020-03,2023-04,36
1427,2024-08,2025-02,6
8808,2021-10,2022-12,13
8680,2020-04,2020-04,0
4014,2021-09,2024-03,30
8763,2021-03,2022-10,19
4707,2020-11,2025-01,50
5421,2022-07,2022-07,0
4323,2022-01,2022-01,0
3901,2020-10,2020-10,0
9027,2024-04,2024-04,0
5043,2022-04,2022-04,0
7232,2021-08,2024-04,32
9784,2023-05,2023-06,0
1630,2020-08,2021-09,13
8485,2020-02,2020-04,2
5025,2022-11,2023-06,7
1643,2022-10,2022-10,0
1807,2020-03,2020-06,2
7521,2020-01,2021-09,19
8558,2022-09,2025-03,29
1893,2022-11,2023-01,2
8595,2023-05,2023-05,0
2481,2022-08,2022-08,0
3945,2023-11,2023-11,0
9952,2020-12,2020-12,0
6299,2022-06,2022-06,0
8433,2020-05,2020-05,0
4308,2020-07,2020-07,0
5097,2022-07,2023-05,9
3686,2021-07,2023-10,27
2494,2024-01,2024-06,5
6946,2020-06,2023-05,34
7292,2020-01,2023-04,39
3619,2020-10,2020-10,0
1719,2020-02,2020-02,0
3459,2021-02,2021-02,0
3930,2020-07,2020-07,0
7874,2020-01,2020-01,0
8311,2021-06,2024-12,42
2926,2023-09,2023-12,2
1057,2021-06,2021-06,0
1200,2020-12,2020-12,0
9904,2024-03,2024-03,0
9084,2020-10,2025-03,53
8794,2022-01,2022-01,0
2300,2021-06,2021-06,0
5009,2021-07,2023-05,22
4401,2022-10,2022-10,0
1902,2020-01,2020-01,0
3381,2020-01,2021-06,16
5889,2021-08,2024-06,34
1803,2021-03,2022-09,18
3643,2020-06,2024-03,44
3906,2020-06,2025-04,57
6901,2020-11,2023-05,30
5903,2021-09,2021-09,0
2108,2021-11,2024-12,36
2063,2020-09,2025-02,53
2999,2020-03,2020-03,0
6393,2022-12,2022-12,0
4438,2022-02,2022-02,0
1953,2021-06,2022-12,18
9666,2020-08,2022-08,23
5705,2023-01,2023-01,0
5254,2020-04,2022-06,25
6797,2022-03,2022-04,1
9132,2021-07,2023-12,28
9154,2020-09,2020-09,0
4812,2021-04,2023-11,31
1025,2020-07,2023-01,30
2932,2022-12,2022-12,0
7793,2020-08,2020-10,1
6728,2020-03,2021-01,9
4478,2022-10,2022-10,0
5614,2024-03,2024-03,0
6042,2023-08,2023-08,0
6307,2020-09,2021-03,6
6460,2022-06,2023-07,13
1477,2020-04,2020-04,0
6415,2023-06,2023-06,0
8849,2020-11,2020-11,0
3224,2020-05,2024-03,45
8546,2021-08,2021-08,0
6490,2020-03,2020-03,0
1917,2020-06,2020-06,0
6169,2021-05,2021-05,0
4412,2023-02,2023-09,7
6793,2021-02,2022-11,21
5595,2020-12,2020-12,0
7147,2022-04,2022-04,0
7382,2020-11,2024-01,37
6050,2020-02,2023-09,42
1518,2023-05,2023-07,1
9143,2022-07,2022-07,0
8404,2020-01,2024-08,55
4541,2021-02,2021-02,0
2838,2023-04,2024-08,15
4311,2020-07,2021-11,15
9290,2020-12,2020-12,0
9192,2020-12,2020-12,0
8921,2020-06,2020-11,4
6084,2020-09,2023-09,36
2609,2020-12,2021-03,2
3174,2020-04,2021-10,18
8526,2022-07,2022-07,0
2897,2020-11,2020-11,0
2426,2021-07,2021-07,0
2689,2020-01,2020-01,0
6119,2022-02,2023-07,17
4438,2022-02,2023-07,16
5695,2020-11,2022-12,24
8227,2021-03,2021-03,0
3446,2021-06,2021-09,3
1249,2021-12,2021-12,0
9422,2020-08,2020-08,0
6739,2021-09,2021-09,0
3319,2022-07,2022-07,0
5011,2020-01,2020-01,0
6549,2021-06,2024-06,35
3131,2021-09,2021-09,0
1826,2020-02,2022-07,28
2410,2022-06,2024-09,26
8304,2023-01,2023-01,0
6444,2022-03,2024-05,25
9740,2020-05,2023-04,35
3159,2020-05,2020-05,0
8672,2021-08,2024-07,35
8625,2023-12,2024-01,0
3354,2020-02,2020-02,0
5227,2024-02,2024-02,0
4004,2020-01,2021-10,20
6412,2024-07,2024-07,0
8426,2025-01,2025-01,0
8787,2020-12,2021-01,0
8556,2022-03,2022-03,0
6711,2021-10,2021-10,0
9322,2020-02,2021-08,18
2752,2021-10,2021-10,0
2162,2021-06,2021-06,0
8552,2022-04,2025-02,34
4908,2020-02,2020-02,0
3605,2024-01,2024-05,3
2082,2022-06,2023-04,9
8063,2020-07,2021-02,6
6606,2022-08,2023-03,7
3835,2020-07,2025-01,53
8972,2021-11,2021-11,0
8584,2020-04,2023-07,38
8294,2023-11,2023-11,0
2140,2023-10,2023-10,0
7208,2020-07,2021-02,6
2007,2020-04,2021-10,18
1003,2020-02,2020-02,0
3444,2021-06,2025-04,45
7389,2021-03,2021-03,0
4205,2022-04,2024-08,27
5910,2023-01,2024-07,18
5989,2022-08,2022-08,0
6640,2020-08,2020-08,0
1133,2021-10,2021-10,0
7622,2021-09,2022-02,4
2022,2020-09,2020-09,0
1870,2021-03,2021-03,0
6885,2020-09,2023-08,35
1510,2021-03,2021-03,0
7459,2021-07,2022-08,13
7271,2025-02,2025-02,0
9931,2021-02,2021-02,0
8780,2022-03,2022-09,5
7301,2021-06,2022-03,9
7835,2020-10,2024-07,45
3056,2024-11,2024-11,0
1257,2022-08,2022-08,0
8155,2022-01,2022-01,0
2387,2022-01,2022-01,0
8471,2021-08,2021-08,0
7974,2022-11,2023-07,8
9346,2024-03,2024-03,0
7303,2021-04,2022-12,19
7959,2022-02,2022-02,0
9161,2020-04,2021-11,19
9220,2021-07,2021-07,0
7012,2020-03,2020-03,0
8917,2021-02,2021-02,0
8889,2020-01,2020-01,0
3327,2022-12,2022-12,0
5578,2022-01,2023-01,12
9574,2021-02,2023-06,27
5017,2021-02,2021-02,0
2279,2022-07,2022-07,0
6119,2022-02,2024-03,25
9765,2020-08,2020-08,0
8438,2023-02,2023-02,0
6431,2020-05,2023-05,36
5738,2024-02,2024-02,0
5981,2021-09,2024-06,33
5267,2021-06,2021-06,0
3770,2022-12,2022-12,0
5780,2021-07,2022-05,9
1447,2021-12,2022-10,9
3077,2020-01,2020-08,7
5129,2020-06,2023-03,32
5509,2020-06,2020-06,0
2827,2021-10,2021-10,0
3476,2020-01,2020-01,0
3873,2020-10,2020-10,0
4869,2020-03,2024-04,49
1542,2020-06,2020-06,0
3376,2021-04,2024-02,34
9125,2023-12,2023-12,0
7277,2020-05,2020-05,0
3740,2025-02,2025-02,0
6653,2023-01,2023-11,9
2900,2023-10,2023-10,0
7533,2020-01,2020-01,0
9724,2020-03,2021-08,17
7390,2020-04,2020-07,2
9690,2020-11,2021-08,8
5731,2021-06,2023-01,19
7258,2020-09,2021-09,11
1672,2022-01,2022-02,0
6797,2022-03,2022-03,0
5466,2020-09,2020-09,0
2610,2022-02,2022-02,0
7408,2023-04,2024-11,18
4961,2020-12,2023-12,36
4193,2021-08,2024-12,39
3947,2020-04,2020-12,7
1138,2020-07,2021-03,7
7737,2020-12,2023-08,31
8306,2021-02,2022-08,18
5641,2021-04,2024-05,37
1388,2020-02,2023-07,41
4552,2022-09,2022-09,0
2995,2021-01,2021-10,8
2415,2022-08,2023-08,12
7159,2021-06,2021-06,0
4027,2021-08,2022-10,13
4018,2020-05,2020-09,4
2240,2020-05,2024-04,47
7995,2021-12,2023-11,22
6298,2020-02,2020-06,4
5543,2020-01,2024-09,56
7366,2020-09,2024-10,49
5230,2022-07,2024-04,20
3915,2021-05,2021-05,0
4287,2024-07,2024-07,0
9061,2020-03,2022-06,26
8065,2020-10,2022-02,16
2740,2022-05,2024-04,22
5243,2020-02,2020-08,5
2153,2022-05,2025-01,32
8305,2021-10,2025-03,40
3438,2024-05,2024-05,0
1619,2020-12,2023-08,32
3483,2024-02,2025-01,10
1060,2021-09,2024-11,37
8833,2021-02,2023-08,30
2148,2023-02,2023-02,0
7298,2020-06,2020-06,0
2985,2024-07,2024-07,0
6463,2020-09,2020-09,0
1904,2022-09,2022-09,0
2485,2021-11,2024-12,37
2318,2020-02,2020-02,0
4327,2020-12,2021-10,10
7294,2022-08,2022-08,0
7391,2021-04,2021-04,0
6886,2021-11,2021-11,0
8175,2020-06,2020-06,0
1584,2021-08,2021-12,3
4907,2023-10,2023-10,0
9856,2021-04,2022-11,19
9748,2020-09,2022-04,18
1268,2020-12,2024-07,43
6533,2023-05,2024-05,12
7643,2022-04,2023-04,11
9570,2020-12,2024-07,42
9791,2022-01,2022-01,0
4817,2020-05,2020-12,7
3319,2022-07,2022-09,1
8720,2020-09,2020-09,0
1750,2021-01,2021-01,0
3138,2020-09,2023-01,27
1818,2023-01,2025-04,27
8474,2021-10,2023-02,16
2047,2021-11,2021-11,0
2870,2020-02,2020-02,0
4613,2020-01,2023-12,47
7983,2020-01,2020-08,6
7586,2021-04,2021-04,0
9943,2021-10,2021-10,0
1746,2020-01,2020-01,0
2035,2020-04,2024-04,47
7801,2023-09,2024-05,7
3703,2020-02,2020-12,10
1666,2024-02,2024-02,0
7162,2021-01,2021-01,0
8978,2020-01,2020-01,0
3939,2022-06,2024-06,24
5648,2023-03,2023-03,0
3079,2023-10,2023-10,0
5439,2024-03,2024-05,2
4919,2022-11,2023-01,2
1616,2020-01,2023-07,41
9190,2020-05,2020-05,0
5934,2020-01,2021-11,21
4860,2023-09,2024-02,4
2567,2021-05,2025-03,45
9315,2020-07,2021-05,10
4409,2021-08,2023-03,19
2846,2021-01,2021-01,0
8772,2023-02,2023-05,2
1706,2020-11,2020-11,0
5670,2021-03,2021-03,0
6477,2020-11,2024-10,47
1709,2021-08,2021-08,0
9804,2020-05,2024-07,49
8947,2020-07,2020-07,0
4855,2020-10,2020-10,0
6340,2020-06,2024-01,42
6336,2021-08,2021-08,0
6343,2020-01,2020-01,0
7759,2021-04,2021-04,0
4615,2021-01,2021-01,0
8936,2023-01,2023-07,5
3374,2022-05,2022-05,0
8454,2020-04,2020-07,2
3234,2022-03,2022-03,0
6875,2021-12,2022-09,9
6503,2021-08,2021-08,0
1977,2021-02,2021-02,0
8627,2021-05,2023-05,23
6629,2022-05,2022-05,0
3568,2022-08,2022-08,0
3784,2021-11,2023-08,20
4763,2020-10,2024-01,38
9015,2020-12,2020-12,0
8757,2022-12,2022-12,0
1237,2022-08,2023-01,5
5041,2023-10,2023-10,0
4643,2022-03,2022-09,5
3440,2023-02,2023-02,0
7844,2020-03,2023-09,42
8711,2022-02,2022-02,0
1550,2020-09,2022-08,23
8852,2022-05,2022-05,0
2605,2023-06,2024-10,15
2361,2023-07,2024-06,10
7662,2022-01,2022-08,7
6872,2021-07,2021-07,0
2486,2021-11,2024-08,32
5994,2023-08,2023-08,0
1399,2021-12,2024-04,28
3271,2021-10,2023-03,17
4030,2020-10,2021-10,12
8607,2024-02,2024-02,0
2158,2022-01,2022-01,0
6454,2020-01,2020-01,0
7977,2024-01,2024-10,8
9887,2022-11,2022-11,0
2326,2024-06,2025-04,9
1898,2021-05,2021-05,0
6963,2021-09,2021-09,0
7274,2020-04,2020-04,0
1669,2021-07,2021-07,0
2097,2022-08,2024-05,20
3267,2020-09,2024-06,45
9841,2020-05,2020-05,0
4437,2021-01,2021-12,10
6250,2020-07,2022-12,29
9250,2022-05,2022-05,0
1892,2020-12,2021-08,8
8412,2020-11,2020-11,0
3010,2022-12,2023-09,9
9730,2021-07,2022-01,6
7031,2020-04,2021-11,19
2075,2021-12,2023-03,15
2430,2022-02,2022-02,0
5724,2020-05,2023-01,31
2791,2021-04,2021-11,7
3424,2024-10,2024-10,0
9530,2022-10,2023-11,12
5803,2020-06,2023-08,38
9870,2020-03,2025-04,61
6680,2020-03,2020-03,0
1351,2021-03,2023-07,28
1361,2023-07,2023-07,0
9513,2022-10,2022-10,0
6616,2020-02,2020-02,0
8965,2021-04,2024-04,35
9686,2021-01,2021-01,0
8503,2020-03,2022-05,25
6021,2020-12,2020-12,0
4715,2024-03,2024-03,0
1775,2020-07,2021-05,10
8469,2022-02,2022-03,1
3634,2022-05,2022-05,0
3986,2020-02,2023-03,36
3514,2020-10,2022-07,21
1674,2020-10,2022-07,20
3072,2020-08,2021-11,14
4022,2020-12,2025-01,49
1568,2022-02,2024-04,26
3423,2023-10,2024-08,10
3663,2024-07,2024-09,2
1408,2023-01,2023-05,4
3381,2020-01,2020-01,0
3556,2020-07,2024-06,46
9948,2023-08,2023-08,0
5842,2020-05,2020-09,3
3409,2022-10,2022-10,0
8243,2021-03,2021-03,0
8847,2020-04,2020-04,0
2914,2020-03,2022-09,30
4610,2020-08,2023-10,37
6347,2020-07,2023-07,35
4197,2020-11,2022-04,17
5553,2021-01,2021-01,0
9821,2020-12,2020-12,0
2431,2020-02,2024-02,48
4185,2020-07,2020-07,0
9381,2021-04,2021-04,0
6915,2021-06,2021-06,0
8006,2021-08,2021-08,0
1199,2022-03,2023-05,13
6047,2022-03,2024-12,33
2435,2020-04,2020-04,0
7809,2021-03,2022-07,15
3683,2023-09,2023-09,0
7786,2020-03,2020-03,0
2410,2022-06,2022-06,0
8776,2020-04,2023-12,44
6495,2021-07,2021-07,0
7156,2022-03,2022-03,0
5478,2021-12,2023-08,19
8571,2021-06,2021-06,0
4264,2022-11,2024-06,18
5742,2020-03,2020-03,0
5947,2020-06,2020-06,0
9095,2021-11,2023-06,18
4678,2020-10,2021-08,10
3523,2020-02,2020-02,0
8742,2021-09,2021-09,0
5713,2020-01,2023-08,43
5009,2021-07,2024-04,33
9078,2021-03,2021-03,0
6927,2020-02,2022-03,25
8144,2020-05,2020-05,0
8799,2023-02,2023-02,0
7114,2020-07,2020-07,0
1287,2020-12,2020-12,0
1958,2020-04,2020-04,0
3219,2023-10,2023-10,0
5467,2021-03,2021-03,0
6832,2023-07,2025-01,18
9677,2022-11,2022-11,0
9419,2020-11,2020-11,0
4002,2024-03,2024-03,0
3738,2020-01,2020-01,0
5932,2024-10,2024-10,0
6939,2020-11,2020-11,0
6761,2023-05,2023-08,2
3243,2021-04,2024-05,37
8944,2021-12,2023-09,21
2678,2020-11,2021-08,9
4622,2024-08,2024-08,0
9612,2022-08,2022-08,0
2867,2024-10,2024-10,0
2909,2021-06,2021-06,0
8856,2023-01,2023-11,9
6940,2021-01,2022-03,13
9570,2020-12,2020-12,0
3821,2022-06,2022-06,0
2943,2020-11,2020-11,0
3332,2020-05,2023-04,35
3053,2021-03,2021-03,0
7960,2020-02,2020-02,0
2273,2020-05,2020-05,0
8065,2020-10,2023-03,29
1537,2020-09,2020-09,0
1971,2021-01,2024-12,46
1709,2021-08,2023-04,20
1168,2020-11,2020-11,0
4365,2022-09,2022-09,0
4027,2021-08,2021-08,0
2487,2025-03,2025-03,0
5544,2023-08,2023-08,0
6770,2021-07,2021-07,0
4962,2021-06,2021-11,4
2623,2022-09,2025-01,28
9664,2021-10,2022-12,13
5617,2021-02,2021-02,0
1070,2021-06,2023-10,27
4506,2021-09,2021-09,0
8777,2023-04,2023-04,0
4033,2021-01,2021-01,0
3963,2024-04,2024-04,0
7948,2020-12,2020-12,0
7677,2025-03,2025-03,0
3025,2020-10,2021-04,5
3226,2021-12,2024-02,25
5723,2021-04,2021-04,0
2347,2022-04,2022-04,0
7304,2020-11,2025-02,50
6111,2023-03,2024-11,19
4700,2020-06,2022-10,28
8011,2021-01,2023-09,32
8793,2024-02,2024-08,6
3937,2021-10,2022-09,10
9055,2020-08,2023-09,37
8177,2021-08,2021-08,0
2392,2020-04,2023-10,42
7563,2020-05,2020-05,0
3764,2020-12,2022-03,14
6548,2021-12,2021-12,0
3011,2020-03,2022-12,32
9177,2020-12,2020-12,0
5472,2022-01,2022-01,0
7557,2020-05,2023-07,37
7626,2021-01,2022-10,20
5569,2022-05,2022-05,0
2770,2023-07,2023-07,0
9147,2022-06,2022-06,0
1486,2020-11,2021-04,4
2117,2022-08,2022-08,0
3934,2024-06,2024-06,0
6356,2024-03,2024-03,0
2578,2020-06,2020-06,0
9518,2020-02,2020-07,5
4308,2020-07,2024-06,46
9032,2021-09,2025-02,40
6629,2022-05,2025-01,32
9955,2020-05,2023-07,38
8051,2021-09,2022-02,5
7285,2022-06,2022-06,0
8250,2021-01,2021-01,0
3897,2020-06,2021-10,15
3689,2020-04,2024-10,53
6119,2022-02,2025-02,36
2792,2020-12,2023-05,29
9837,2021-11,2021-11,0
3560,2020-11,2020-11,0
5315,2020-01,2023-08,42
6779,2023-03,2024-02,11
6250,2020-07,2020-07,0
1739,2020-08,2020-08,0
6715,2021-03,2021-03,0
1440,2020-06,2024-02,44
6591,2024-06,2024-06,0
6654,2021-02,2024-12,46
6755,2021-10,2022-05,7
5056,2022-04,2022-04,0
2391,2022-08,2022-08,0
5995,2021-09,2021-09,0
1322,2020-11,2023-12,37
8551,2020-06,2025-03,56
9433,2020-12,2021-01,1
1334,2023-11,2023-11,0
1364,2020-12,2020-12,0
7394,2020-12,2023-09,32
9001,2020-06,2020-06,0
4373,2020-01,2020-01,0
6563,2022-04,2022-04,0
6952,2022-01,2022-01,0
9142,2020-05,2020-05,0
9779,2021-04,2021-04,0
1778,2025-01,2025-01,0
7586,2021-04,2021-07,2
2506,2022-11,2023-12,12
2552,2022-03,2024-05,26
2102,2020-02,2024-11,57
8786,2020-09,2023-08,35
2256,2024-01,2024-01,0
9268,2023-02,2023-02,0
9846,2023-03,2023-03,0
7591,2021-04,2021-04,0
8425,2020-10,2020-11,1
3958,2020-01,2020-10,9
9457,2020-03,2020-03,0
9178,2022-06,2022-06,0
8656,2020-06,2020-08,2
9728,2021-11,2021-11,0
1981,2020-04,2022-02,21
8577,2023-08,2023-08,0
5919,2021-07,2021-07,0
6220,2021-10,2021-10,0
4335,2020-03,2020-03,0
5702,2021-06,2021-06,0
4868,2023-01,2023-01,0
3456,2023-06,2023-07,0
6087,2020-03,2020-03,0
8145,2022-02,2022-03,0
4309,2020-08,2020-11,3
1477,2020-04,2024-09,53
3883,2020-09,2022-02,16
8960,2021-04,2021-04,0
2375,2023-05,2024-10,16
2041,2024-05,2024-05,0
6954,2020-07,2024-03,44
7502,2020-07,2025-01,54
3302,2021-05,2022-04,10
9196,2020-03,2020-03,0
9605,2020-04,2025-04,59
4900,2020-10,2024-04,42
6395,2020-01,2022-04,27
7388,2021-08,2025-03,43
4865,2023-03,2024-02,11
3363,2023-04,2023-04,0
5498,2021-04,2023-03,22
1916,2021-12,2022-05,4
2850,2022-04,2024-09,28
8780,2022-03,2022-03,0
3374,2022-05,2024-10,29
7025,2020-06,2022-12,30
1570,2021-10,2021-10,0
1895,2020-08,2020-08,0
4926,2025-04,2025-04,0
6067,2020-06,2020-10,3
6945,2023-11,2024-07,7
2999,2020-03,2022-01,22
8248,2021-04,2021-11,6
5186,2024-10,2024-10,0
5872,2024-08,2024-08,0
8190,2021-03,2021-03,0
7656,2023-01,2024-11,22
2312,2020-08,2020-08,0
8718,2020-06,2020-09,3
7920,2020-08,2020-08,0
3627,2020-11,2022-12,24
2087,2024-01,2024-01,0
9973,2022-07,2022-07,0
1448,2023-09,2023-10,0
4010,2020-08,2024-10,50
3229,2020-03,2021-04,13
6006,2021-07,2022-10,15
2815,2020-01,2021-10,20
3131,2021-09,2022-01,3
7722,2020-12,2020-12,0
8397,2020-07,2022-02,18
3187,2020-03,2020-12,8
6367,2020-10,2020-10,0
2382,2022-08,2022-08,0
7447,2020-01,2020-06,5
4677,2024-03,2024-03,0
4747,2023-01,2023-06,5
4248,2020-07,2021-09,13
1815,2021-10,2023-12,26
5262,2023-07,2023-07,0
3787,2020-04,2020-04,0
1231,2021-01,2021-01,0
8433,2020-05,2021-04,11
2941,2020-01,2023-10,44
4121,2023-06,2023-06,0
5717,2020-05,2020-05,0
3133,2020-10,2025-04,53
4531,2024-03,2024-03,0
4102,2023-09,2023-11,1
3391,2021-04,2021-04,0
4858,2023-12,2023-12,0
7056,2021-02,2021-02,0
8506,2024-05,2025-01,7
3182,2021-01,2022-08,19
7513,2022-03,2022-12,9
7283,2020-06,2024-12,54
5198,2020-07,2022-05,21
1962,2021-09,2021-09,0
8715,2020-06,2024-03,45
1745,2020-02,2022-11,33
7241,2021-02,2021-07,5
7076,2021-08,2024-07,35
1673,2021-12,2021-12,0
3783,2022-11,2022-11,0
8669,2022-09,2022-09,0
9690,2020-11,2023-11,35
2914,2020-03,2020-09,6
9179,2020-11,2020-11,0
6907,2021-12,2024-06,30
5312,2022-12,2022-12,0
9470,2020-02,2023-05,38
6169,2021-05,2022-05,12
3478,2022-05,2024-12,31
8208,2020-09,2021-01,4
1894,2020-11,2022-04,16
8704,2023-10,2024-01,3
8653,2022-07,2022-07,0
1668,2020-08,2020-08,0
8949,2022-05,2022-05,0
3425,2024-08,2024-08,0
4337,2021-03,2021-03,0
3757,2020-02,2020-07,5
4479,2020-03,2020-03,0
9618,2020-07,2020-07,0
7822,2020-07,2020-07,0
9161,2020-04,2020-04,0
1425,2021-01,2022-02,12
2998,2023-04,2023-04,0
2737,2021-07,2024-07,35
1473,2023-03,2023-03,0
8861,2021-04,2021-04,0
1095,2021-10,2022-04,6
8423,2021-12,2021-12,0
3118,2022-02,2022-09,6
5635,2021-02,2021-02,0
2158,2022-01,2022-05,3
7248,2023-08,2025-03,18
3916,2022-04,2025-02,33
2461,2021-02,2021-08,5
3669,2020-07,2020-07,0
5668,2020-08,2021-06,10
3525,2021-04,2022-01,8
8083,2020-07,2020-07,0
3151,2022-07,2024-06,23
7020,2020-07,2021-02,7
8298,2022-07,2023-01,6
5398,2021-08,2023-05,21
2478,2024-06,2024-06,0
4053,2023-01,2023-08,6
2522,2021-06,2023-02,20
8594,2021-07,2022-06,10
3540,2021-08,2022-11,15
9596,2022-08,2022-08,0
8165,2023-01,2023-08,6
5921,2020-07,2023-01,29
5921,2020-07,2020-07,0
8007,2022-02,2023-05,15
2253,2020-06,2025-04,58
2763,2021-06,2022-03,9
2548,2020-06,2020-06,0
5151,2020-11,2024-11,47
2339,2020-06,2020-06,0
2866,2020-03,2024-09,54
3941,2020-07,2024-09,49
1741,2021-09,2025-01,40
5876,2020-05,2020-05,0
8454,2020-04,2023-10,41
5342,2021-06,2023-06,23
4458,2022-10,2022-10,0
5248,2023-04,2023-04,0
8107,2020-03,2020-03,0
7470,2023-12,2023-12,0
8817,2023-09,2023-09,0
8974,2025-03,2025-03,0
6910,2021-11,2021-11,0
7471,2022-09,2022-09,0
3049,2022-02,2023-11,20
2833,2020-12,2023-06,30
4083,2021-04,2021-04,0
8882,2025-02,2025-02,0
4961,2020-12,2020-12,0
9824,2020-03,2023-10,43
8592,2023-07,2023-07,0
1357,2020-02,2020-10,7
8295,2021-03,2022-02,11
1321,2024-09,2024-09,0
4975,2021-12,2025-01,36
7418,2021-08,2021-08,0
2682,2021-03,2022-05,14
8074,2020-09,2020-09,0
5764,2021-06,2021-06,0
8964,2020-12,2021-02,2
8993,2022-10,2023-09,11
9655,2020-07,2020-08,1
6174,2020-07,2020-07,0
7834,2021-08,2021-08,0
9106,2022-11,2023-04,5
6681,2020-07,2020-07,0
1340,2020-01,2021-05,15
4149,2020-04,2020-04,0
4802,2020-05,2024-06,49
6556,2021-05,2021-05,0
8675,2021-09,2021-09,0
7395,2020-12,2021-11,10
6902,2020-07,2022-07,24
4394,2020-01,2021-05,15
2412,2022-01,2023-05,16
3839,2021-02,2021-08,6
9063,2020-05,2022-07,25
9089,2023-01,2023-01,0
1770,2020-07,2023-04,32
5273,2024-03,2024-03,0
3862,2021-12,2025-02,38
1523,2024-06,2024-06,0
8055,2022-08,2024-05,21
2977,2023-04,2023-04,0
5224,2021-12,2025-03,39
1764,2023-11,2025-02,14
5382,2022-05,2022-08,3
9444,2020-12,2021-10,10
1826,2020-02,2020-02,0
8489,2020-09,2023-01,28
2734,2020-01,2022-03,26
2669,2020-02,2020-02,0
9311,2023-01,2023-01,0
2934,2022-01,2022-01,0
3572,2020-06,2021-11,17
8233,2022-05,2022-05,0
2626,2024-04,2024-07,2
6482,2020-06,2020-06,0
4307,2020-02,2020-02,0
1107,2022-04,2025-04,35
6592,2020-06,2020-06,0
2396,2022-06,2022-06,0
7799,2022-05,2022-07,2
5021,2024-10,2024-10,0
7909,2021-08,2021-08,0
8025,2020-08,2020-08,0
8516,2021-09,2022-02,5
6927,2020-02,2021-08,18
3385,2022-05,2023-12,18
9476,2020-09,2020-11,2
6542,2020-04,2020-04,0
8111,2020-05,2020-10,4
3473,2021-11,2021-11,0
9516,2020-06,2021-09,15
7586,2021-04,2022-06,13
5986,2020-01,2020-01,0
6638,2022-08,2024-03,18
9647,2020-02,2020-02,0
7618,2022-08,2022-08,0
9919,2022-01,2022-01,0
8244,2021-01,2021-01,0
7627,2021-11,2021-11,0
2380,2022-08,2022-08,0
7389,2021-03,2025-04,49
3064,2024-04,2024-04,0
5651,2022-08,2023-12,16
6115,2023-08,2023-08,0
3621,2020-12,2022-01,13
5238,2021-10,2021-10,0
7926,2024-09,2024-09,0
1982,2024-07,2025-03,7
9314,2021-01,2021-01,0
3043,2022-05,2022-05,0
1085,2021-07,2021-07,0
9737,2022-11,2025-04,29
6739,2021-09,2024-02,29
3293,2024-02,2024-02,0
5057,2022-06,2022-06,0
4154,2020-02,2020-02,0
8443,2021-07,2021-07,0
7974,2022-11,2022-11,0
2511,2021-08,2022-11,15
8802,2020-08,2020-08,0
7050,2020-03,2020-03,0
9502,2023-02,2023-08,6
9172,2020-03,2021-02,11
9020,2021-11,2025-01,38
3668,2024-06,2024-06,0
8942,2022-10,2022-10,0
9408,2020-12,2021-10,10
4483,2020-09,2020-09,0
3569,2022-03,2022-03,0
2945,2020-12,2020-12,0
2807,2022-01,2024-06,28
5744,2020-05,2020-05,0
2929,2020-03,2020-03,0
5968,2024-02,2024-02,0
3340,2021-12,2024-08,31
7910,2021-04,2021-04,0
5644,2020-02,2025-04,61
9008,2020-11,2020-11,0
6712,2021-06,2021-06,0
7841,2020-04,2024-11,55
8411,2021-07,2021-07,0
8786,2020-09,2020-09,0
3175,2021-10,2021-10,0
8551,2020-06,2024-11,52
8357,2021-02,2024-03,36
6328,2021-02,2023-05,27
7711,2024-01,2024-01,0
6554,2021-02,2023-10,32
8259,2022-08,2023-04,8
2450,2022-01,2022-01,0
1406,2020-02,2020-02,0
6060,2022-05,2022-05,0
2395,2023-05,2023-05,0
9877,2021-08,2021-08,0
9548,2021-09,2024-09,35
9235,2021-10,2023-04,17
9713,2020-06,2021-08,14
5504,2024-01,2024-01,0
8278,2020-06,2020-06,0
6249,2023-01,2023-01,0
9052,2020-01,2020-01,0
6569,2020-06,2020-06,0
1394,2020-12,2020-12,0
7258,2020-09,2023-03,29
2627,2023-01,2023-01,0
3359,2022-05,2022-06,1
3526,2020-10,2020-10,0
3772,2022-10,2023-04,5
3973,2020-01,2020-01,0
5882,2022-01,2022-01,0
3334,2024-12,2024-12,0
5225,2020-07,2023-07,35
1849,2020-02,2020-02,0
4874,2022-04,2023-08,16
7308,2021-07,2023-05,21
1993,2022-03,2022-03,0
7669,2023-01,2023-08,7
7676,2021-12,2021-12,0
5409,2021-05,2023-02,20
2663,2023-02,2025-03,25
3057,2021-12,2021-12,0
8306,2021-02,2021-02,0
9199,2020-10,2020-10,0
7116,2022-03,2024-03,23
5016,2021-07,2023-11,27
8401,2020-08,2020-12,4
5739,2020-11,2024-01,37
1008,2020-04,2024-07,50
5477,2023-03,2023-08,4
7228,2020-08,2025-03,54
4485,2022-03,2022-11,8
5609,2022-04,2022-04,0
9750,2020-05,2020-05,0
2469,2022-06,2024-01,19
3288,2020-11,2020-11,0
8077,2021-02,2021-07,4
6215,2020-04,2024-02,46
5282,2023-09,2023-09,0
8417,2023-10,2023-10,0
6269,2020-09,2020-09,0
6381,2020-02,2020-02,0
3190,2020-04,2022-06,25
8807,2020-02,2020-02,0
3843,2020-01,2022-08,30
9011,2020-02,2024-06,51
2329,2020-09,2024-12,51
2270,2024-06,2024-06,0
8293,2020-04,2020-04,0
7166,2020-01,2020-01,0
7336,2020-03,2021-03,12
1138,2020-07,2020-07,0
4161,2020-07,2022-07,24
1324,2020-12,2022-11,23
6862,2021-06,2021-07,1
5967,2021-01,2023-02,24
4838,2020-02,2020-02,0
1602,2021-04,2022-03,10
4425,2020-06,2020-06,0
7489,2022-08,2023-08,12
9197,2024-07,2024-07,0
4174,2021-03,2021-06,3
3875,2020-10,2020-10,0
2065,2021-03,2022-10,18
4734,2020-12,2020-12,0
5494,2020-07,2021-07,11
1378,2021-06,2023-01,19
9731,2023-06,2023-06,0
8437,2023-05,2023-10,5
1849,2020-02,2022-02,23
8086,2022-10,2023-05,7
5489,2021-01,2021-01,0
8644,2021-04,2022-11,18
1712,2022-05,2022-05,0
1769,2022-09,2022-09,0
9723,2021-08,2021-08,0
7420,2022-06,2025-01,31
1415,2024-01,2024-01,0
7943,2025-04,2025-04,0
4225,2020-12,2020-12,0
2029,2020-12,2020-12,0
1456,2020-09,2022-07,22
6477,2020-11,2022-03,16
2766,2021-05,2025-04,47
1891,2020-02,2023-11,44
4878,2020-09,2024-05,43
8184,2021-07,2021-07,0
8314,2025-01,2025-03,1
1994,2021-03,2023-05,26
6132,2021-04,2021-04,0
2065,2021-03,2021-03,0
8240,2021-03,2021-09,6
8075,2022-05,2023-02,9
1914,2020-01,2020-01,0
7249,2021-04,2021-04,0
7735,2021-04,2022-07,14
1173,2022-02,2022-02,0
8014,2021-01,2021-01,0
2659,2022-07,2024-08,25
1425,2021-01,2021-06,4
4153,2020-02,2023-03,37
2106,2021-07,2025-03,43
3064,2024-04,2024-04,0
6822,2020-06,2020-06,0
8284,2020-07,2023-05,34
1722,2022-05,2022-05,0
8140,2023-11,2024-08,8
6861,2022-03,2023-07,16
3385,2022-05,2022-05,0
6618,2021-06,2022-10,15
9481,2021-05,2021-05,0
3369,2021-04,2021-06,2
1894,2020-11,2023-09,33
4282,2022-12,2023-06,6
2120,2024-02,2024-02,0
8794,2022-01,2024-04,26
6425,2023-02,2025-02,23
6499,2020-03,2023-04,36
6384,2020-11,2024-07,44
1691,2020-09,2020-09,0
4654,2024-04,2024-04,0
4492,2024-06,2024-06,0
6431,2020-05,2020-05,0
4363,2020-04,2021-06,14
6944,2020-12,2020-12,0
1491,2021-11,2023-05,17
5760,2020-08,2024-08,47
6896,2021-03,2024-02,34
4262,2020-05,2020-05,0
4587,2020-05,2024-03,45
3855,2021-02,2025-04,49
5029,2021-04,2021-04,0
3884,2021-08,2024-09,37
1343,2021-01,2021-11,10
7208,2020-07,2023-08,36
6544,2022-10,2022-10,0
8474,2021-10,2022-05,7
3807,2020-04,2020-04,0
8106,2024-09,2024-11,1
2941,2020-01,2020-01,0
4107,2021-10,2023-04,17
7131,2020-08,2022-03,19
5006,2020-07,2020-07,0
4098,2021-07,2021-07,0
3434,2022-01,2022-01,0
5588,2020-03,2020-03,0
9011,2020-02,2021-06,15
8711,2022-02,2023-12,22
2062,2023-12,2023-12,0
9342,2020-05,2020-11,5
8606,2020-01,2020-01,0
7125,2021-02,2022-07,16
9106,2022-11,2022-11,0
7569,2022-09,2022-09,0
1599,2022-10,2022-10,0
8406,2020-09,2022-03,17
4581,2021-06,2021-10,4
3575,2023-12,2023-12,0
5170,2020-04,2020-04,0
2376,2021-02,2024-05,38
6760,2022-02,2022-11,8
8622,2020-01,2020-04,3
7981,2021-05,2021-05,0
7700,2022-10,2022-10,0
6194,2020-10,2022-05,18
3942,2025-03,2025-03,0
2243,2021-08,2021-08,0
5825,2021-07,2021-07,0
9956,2021-03,2021-03,0
4731,2021-12,2021-12,0
6902,2020-07,2020-07,0
6468,2021-02,2022-12,22
5096,2020-07,2020-07,0
5496,2022-11,2022-11,0
3258,2021-02,2023-09,30
9898,2021-01,2025-04,50
5906,2022-05,2023-12,18
7616,2022-06,2022-06,0
1194,2020-01,2020-05,3
3445,2020-03,2020-11,8
4717,2021-11,2021-11,0
8773,2021-03,2023-06,26
8679,2021-02,2021-02,0
6581,2020-12,2023-05,28
4077,2020-11,2020-11,0
7843,2022-01,2025-03,38
1493,2023-08,2023-08,0
3102,2021-10,2021-10,0
1158,2025-03,2025-03,0
6810,2020-02,2022-11,32
7974,2022-11,2023-05,6
9808,2020-08,2022-07,22
1380,2020-09,2022-09,23
3279,2021-03,2021-03,0
7404,2020-10,2023-02,27
7400,2024-07,2024-07,0
4085,2021-01,2021-01,0
8397,2020-07,2024-03,43
2527,2020-09,2021-03,6
3910,2020-09,2023-07,33
9005,2024-05,2024-07,2
2138,2022-04,2022-04,0
5650,2021-02,2023-09,30
9591,2024-01,2024-01,0
7039,2021-01,2021-01,0
6353,2024-06,2024-06,0
7407,2022-02,2023-02,12
3115,2020-03,2021-12,21
2126,2024-09,2024-09,0
3128,2021-06,2021-06,0
8081,2021-12,2021-12,0
8778,2021-07,2021-07,0
6084,2020-09,2023-08,34
8519,2021-09,2022-08,10
3337,2024-08,2024-08,0
5044,2020-07,2021-02,7
9043,2021-01,2021-03,2
1640,2020-01,2023-05,40
8476,2021-06,2021-06,0
5873,2020-04,2020-04,0
7800,2022-08,2022-08,0
8079,2021-06,2021-07,1
4005,2020-06,2025-01,54
7447,2020-01,2020-10,8
4927,2024-05,2024-05,0
5485,2020-08,2020-08,0
5782,2020-06,2020-06,0
4559,2021-04,2021-12,7
2986,2020-07,2023-03,31
2723,2020-07,2024-02,43
7719,2023-12,2023-12,0
4397,2020-11,2021-08,8
1437,2023-05,2023-05,0
8567,2020-05,2020-05,0
7542,2022-06,2022-12,5
1618,2023-11,2023-11,0
3236,2023-07,2023-07,0
8606,2020-01,2020-04,3
2352,2021-08,2023-11,26
8171,2021-09,2023-01,16
3643,2020-06,2020-06,0
2646,2022-03,2023-06,15
9759,2023-11,2023-11,0
2271,2023-07,2023-07,0
5476,2022-02,2024-04,26
3915,2021-05,2024-08,38
9721,2022-04,2024-12,32
1782,2020-05,2022-04,22
2684,2021-10,2024-03,28
8274,2020-08,2022-01,17
1797,2021-06,2025-01,43
5091,2022-03,2022-03,0
4276,2023-06,2023-06,0
1457,2020-11,2024-01,38
4148,2023-03,2023-03,0
4613,2020-01,2020-01,0
3750,2024-03,2024-03,0
7810,2020-01,2024-10,56
6286,2021-06,2022-12,18
4393,2020-04,2020-04,0
8010,2024-04,2024-04,0
2734,2020-01,2021-05,16
1245,2024-06,2024-06,0
1196,2020-08,2023-10,37
4606,2022-12,2022-12,0
7045,2022-06,2022-06,0
7735,2021-04,2025-01,44
9185,2021-05,2022-09,15
9784,2023-05,2023-05,0
3809,2020-02,2020-02,0
6314,2020-02,2020-02,0
7366,2020-09,2024-12,51
3177,2022-08,2022-08,0
6209,2022-02,2024-05,27
8899,2021-01,2021-01,0
8354,2020-04,2024-01,45
4808,2020-08,2021-10,14
1217,2020-02,2022-08,30
3032,2021-10,2024-10,35
8020,2021-07,2021-07,0
2300,2021-06,2024-11,40
9171,2020-08,2021-10,13
7156,2022-03,2025-03,36
4900,2020-10,2020-10,0
8270,2020-04,2020-04,0
3199,2022-08,2022-08,0
1648,2022-05,2024-12,31
5726,2022-02,2022-02,0
6427,2021-08,2021-08,0
9836,2021-06,2021-06,0
5068,2020-05,2020-05,0
4644,2022-02,2024-07,29
9543,2020-10,2022-05,18
1099,2021-01,2024-03,38
2146,2020-06,2020-06,0
3318,2020-12,2022-04,16
2503,2024-03,2024-03,0
4348,2020-02,2020-02,0
7983,2020-01,2023-04,39
3689,2020-04,2020-04,0
7947,2021-12,2022-09,9
5966,2025-03,2025-03,0
4299,2021-02,2021-02,0
2310,2020-08,2023-12,39
7524,2020-05,2020-05,0
8231,2020-12,2024-01,36
8101,2022-07,2024-10,26
1324,2020-12,2020-12,0
2363,2023-01,2023-01,0
9801,2021-09,2023-08,23
3878,2021-09,2021-09,0
6011,2020-02,2020-02,0
8878,2022-06,2022-06,0
8688,2023-09,2024-09,11
1068,2024-09,2024-09,0
7131,2020-08,2023-02,30
7465,2020-08,2020-08,0
7292,2020-01,2020-08,7
2167,2020-12,2020-12,0
3039,2021-03,2021-03,0
3660,2024-05,2024-06,0
5182,2020-07,2020-07,0
6711,2021-10,2023-06,20
7032,2021-03,2021-03,0
7313,2021-10,2024-08,34
5043,2022-04,2023-12,19
6921,2023-04,2023-04,0
1462,2022-08,2022-08,0
3422,2021-03,2021-03,0
3414,2020-02,2021-08,17
3644,2020-12,2022-08,20
7297,2022-05,2022-05,0
2316,2020-04,2020-04,0
7929,2021-11,2022-11,11
5143,2023-03,2025-03,23
9735,2020-08,2020-08,0
6045,2021-12,2021-12,0
2456,2020-11,2020-11,0
6642,2021-08,2022-08,12
4432,2020-02,2020-02,0
6047,2022-03,2022-03,0
9056,2023-01,2023-01,0
7845,2020-01,2020-01,0
5724,2020-05,2020-05,0
3890,2020-03,2020-03,0
3200,2021-01,2021-03,2
9234,2020-03,2020-03,0
4482,2022-07,2022-11,3
3993,2020-11,2021-11,11
5249,2020-12,2022-02,14
8220,2023-12,2023-12,0
2789,2020-10,2020-10,0
2307,2020-09,2021-10,12
3042,2020-03,2020-03,0
1486,2020-11,2020-11,0
8949,2022-05,2022-12,7
1155,2020-10,2022-12,26
1685,2022-10,2022-10,0
1118,2020-05,2023-04,34
5355,2020-08,2020-08,0
6521,2020-11,2023-12,36
7074,2024-05,2024-05,0
6164,2023-02,2023-04,2
7528,2023-09,2023-09,0
6833,2020-07,2021-05,9
1050,2023-03,2024-05,14
7583,2023-07,2023-07,0
1420,2020-04,2024-12,56
5578,2022-01,2022-01,0
7036,2021-01,2021-01,0
8785,2020-10,2020-10,0
4079,2021-05,2021-05,0
6278,2021-09,2021-09,0
1749,2020-02,2022-05,27
6333,2021-09,2023-01,15
8938,2021-01,2023-03,25
2333,2020-07,2020-07,0
2645,2022-03,2022-03,0
4196,2021-06,2021-06,0
9267,2021-05,2021-05,0
2426,2021-07,2021-09,2
9990,2023-05,2023-05,0
3753,2021-09,2024-01,27
8899,2021-01,2023-08,31
4987,2021-10,2021-10,0
2465,2021-03,2021-10,6
1478,2023-09,2024-02,5
7283,2020-06,2020-06,0
5220,2022-06,2022-06,0
3016,2022-08,2024-12,27
9060,2023-04,2023-04,0
6452,2020-10,2020-10,0
2059,2022-03,2023-01,10
7252,2021-04,2024-12,43
8159,2021-02,2021-02,0
5244,2020-11,2021-05,5
2824,2021-03,2021-03,0
4082,2024-09,2024-09,0
7025,2020-06,2024-11,53
7229,2021-03,2023-08,29
6092,2020-10,2020-10,0
4110,2022-11,2023-04,4
6237,2021-11,2025-01,38
3069,2020-02,2020-02,0
4639,2020-04,2020-04,0
9819,2020-01,2020-01,0
3370,2021-09,2021-09,0
4586,2020-11,2020-11,0
3415,2021-02,2024-09,43
1562,2020-03,2020-03,0
9230,2021-01,2024-07,41
5480,2020-03,2021-09,18
8836,2020-03,2021-12,20
9110,2022-11,2022-11,0
1963,2021-03,2021-10,6
3501,2023-11,2023-11,0
4687,2021-12,2021-12,0
3933,2021-11,2021-11,0
7419,2022-07,2022-07,0
3608,2021-07,2021-07,0
7427,2021-09,2021-09,0
8756,2020-07,2024-11,51
7407,2022-02,2022-09,6
5637,2020-03,2020-03,0
9978,2022-07,2024-05,22
6298,2020-02,2024-07,52
1886,2020-08,2024-05,44
5981,2021-09,2024-01,28
3253,2022-07,2024-08,25
5769,2021-03,2021-03,0
4573,2022-09,2022-09,0
1149,2023-07,2023-07,0
2670,2020-02,2020-02,0
7169,2020-08,2024-03,42
3756,2021-03,2021-03,0
6825,2021-05,2024-09,39
1859,2020-12,2024-05,41
6545,2024-01,2024-07,5
7619,2023-02,2023-02,0
4946,2021-10,2025-01,38
3826,2022-10,2022-11,0
2468,2020-06,2021-03,9
7260,2020-11,2020-11,0
8292,2020-07,2024-11,51
2910,2020-11,2020-11,0
9351,2024-08,2025-01,4
8856,2023-01,2023-01,0
2549,2022-08,2022-08,0
7290,2021-07,2021-07,0
8105,2023-06,2024-05,11
2629,2020-09,2020-09,0
9806,2020-08,2020-08,0
1323,2023-06,2024-06,12
9684,2020-01,2022-06,29
9830,2021-03,2021-03,0
3033,2022-12,2022-12,0
2922,2020-06,2021-01,6
3948,2022-01,2022-01,0
6149,2020-06,2020-06,0
4378,2022-05,2022-05,0
5206,2020-10,2020-10,0
2386,2020-06,2021-12,18
5891,2021-05,2022-04,10
3811,2020-10,2022-06,20
1001,2020-06,2023-10,40
9510,2024-07,2024-11,4
9750,2020-05,2022-10,29
9035,2021-05,2021-05,0
6769,2021-11,2024-10,34
4438,2022-02,2024-05,26
1732,2020-11,2020-11,0
3321,2023-08,2024-06,9
3198,2022-06,2022-06,0
6882,2020-03,2020-03,0
7914,2021-07,2022-09,14
5270,2022-05,2024-11,30
7554,2021-08,2024-01,29
7968,2022-04,2022-04,0
9780,2022-01,2022-01,0
5413,2020-02,2020-03,0
4156,2021-05,2021-07,2
9379,2022-07,2023-05,9
3514,2020-10,2022-04,17
7208,2020-07,2023-01,29
5055,2021-08,2021-08,0
9707,2020-10,2023-10,36
7664,2024-01,2024-01,0
2457,2022-01,2022-01,0
5476,2022-02,2025-03,37
5483,2020-05,2020-05,0
4640,2021-11,2021-11,0
3023,2021-09,2024-10,36
6022,2021-12,2022-06,5
2565,2022-10,2022-10,0
5620,2022-12,2025-04,28
2623,2022-09,2022-09,0
6210,2021-03,2021-07,4
3960,2020-08,2020-12,3
9711,2020-08,2020-08,0
8812,2020-06,2023-03,33
1155,2020-10,2020-12,2
3547,2023-12,2023-12,0
7206,2021-08,2021-08,0
1866,2021-02,2021-02,0
7064,2022-07,2022-07,0
7852,2021-09,2021-09,0
8191,2022-10,2025-02,28
9228,2020-10,2020-10,0
9529,2020-02,2020-02,0
6000,2020-12,2020-12,0
6007,2022-02,2022-05,3
2476,2020-09,2022-09,24
4932,2021-02,2022-04,14
1940,2022-01,2022-01,0
9074,2020-04,2022-11,30
7946,2020-03,2020-03,0
3235,2024-08,2024-08,0
9722,2021-04,2021-04,0
1227,2021-05,2023-05,23
1119,2020-01,2021-03,14
9754,2021-07,2021-07,0
9652,2020-11,2024-10,47
8350,2021-05,2022-03,10
9577,2020-01,2024-06,52
2230,2020-08,2023-11,38
9416,2020-04,2020-04,0
7925,2023-12,2023-12,0
7115,2022-07,2022-07,0
5092,2024-10,2024-10,0
5752,2023-06,2023-06,0
5337,2025-03,2025-03,0
7449,2022-02,2022-05,2
9446,2022-03,2022-03,0
8586,2020-09,2022-02,16
1942,2020-10,2024-12,50
8542,2020-03,2020-03,0
2755,2021-11,2024-03,28
4050,2020-11,2020-11,0
2660,2021-10,2021-10,0
2388,2022-10,2025-03,29
7729,2021-12,2021-12,0
1113,2020-01,2020-01,0
5098,2021-03,2024-01,33
7132,2020-01,2020-01,0
3984,2021-09,2024-03,29
2780,2020-10,2021-12,13
8198,2020-10,2021-07,9
8110,2022-12,2024-02,13
4251,2022-02,2022-05,3
1659,2021-11,2024-11,35
6426,2022-08,2023-11,15
4260,2020-12,2020-12,0
5354,2022-06,2023-05,10
9119,2020-02,2025-04,62
3087,2020-06,2021-02,7
9222,2022-07,2022-10,3
7370,2020-12,2020-12,0
1346,2021-01,2024-12,46
9192,2020-12,2025-03,51
4874,2022-04,2025-01,33
8039,2021-05,2023-11,29
1131,2021-04,2021-04,0
5623,2020-10,2020-10,0
5059,2020-02,2020-02,0
9376,2021-09,2021-09,0
2884,2020-07,2020-07,0
5052,2022-04,2022-04,0
4250,2021-05,2023-06,25
9230,2021-01,2021-03,2
3436,2021-07,2021-07,0
7574,2022-05,2023-06,13
3395,2021-11,2021-11,0
4270,2020-03,2022-01,21
7231,2024-02,2024-02,0
4791,2020-09,2023-09,36
8851,2020-03,2020-03,0
1846,2023-08,2023-08,0
6956,2020-07,2020-07,0
7849,2022-01,2022-01,0
3977,2021-01,2023-07,30
6269,2020-09,2024-07,46
5590,2022-04,2022-04,0
8059,2024-07,2024-07,0
6956,2020-07,2021-03,7
2587,2024-09,2024-09,0
3134,2025-03,2025-03,0
6920,2022-05,2022-05,0
9664,2021-10,2022-11,13
5521,2021-01,2021-01,0
2429,2020-08,2020-08,0
2971,2021-07,2024-06,35
4120,2020-06,2025-01,54
2616,2020-05,2020-05,0
6618,2021-06,2024-07,37
4309,2020-08,2022-01,17
1717,2021-10,2021-10,0
5137,2022-08,2022-08,0
6690,2020-04,2020-04,0
2923,2022-09,2024-01,15
8910,2021-12,2023-02,13
1358,2020-06,2020-06,0
3112,2022-04,2022-04,0
1996,2021-11,2023-03,15
4116,2021-06,2021-06,0
9110,2022-11,2023-08,8
2228,2023-05,2023-06,0
7293,2021-06,2024-02,32
7567,2020-01,2022-09,31
4015,2021-04,2021-04,0
4568,2020-12,2023-05,29
9401,2023-07,2023-07,0
9602,2020-06,2022-09,26
5855,2025-04,2025-04,0
2951,2020-10,2022-08,22
9741,2021-12,2022-02,1
3427,2021-01,2021-01,0
3178,2023-02,2023-02,0
5079,2020-05,2025-04,58
9758,2022-08,2022-08,0
6692,2020-03,2020-03,0
6317,2020-06,2023-07,37
9999,2021-11,2021-11,0
7690,2024-03,2025-04,12
6318,2020-02,2024-01,47
1170,2020-08,2020-08,0
5582,2020-11,2022-12,24
9804,2020-05,2024-09,51
2743,2020-02,2020-02,0
7258,2020-09,2020-09,0
4377,2024-05,2024-12,7
6312,2023-08,2023-08,0
7479,2021-11,2023-07,20
8109,2022-12,2022-12,0
2535,2021-06,2021-06,0
4031,2021-05,2022-03,10
4094,2021-11,2021-11,0
3955,2020-09,2020-09,0
6081,2022-06,2022-06,0
7458,2020-10,2020-10,0
2137,2021-08,2021-08,0
5018,2022-08,2022-08,0
7594,2021-07,2024-12,41
3249,2020-11,2025-01,49
2633,2021-03,2023-12,32
2802,2020-11,2020-11,0
1716,2020-01,2020-05,4
5385,2022-01,2025-03,37
1221,2022-09,2023-01,3
2742,2022-09,2022-09,0
2392,2020-04,2020-04,0
8279,2020-09,2020-09,0
6435,2020-01,2023-08,42
1915,2021-04,2021-04,0
9906,2020-10,2020-10,0
2684,2021-10,2022-09,10
9381,2021-04,2021-04,0
3323,2020-10,2020-10,0
1393,2022-09,2022-09,0
3414,2020-02,2021-10,19
4700,2020-06,2022-03,20
7303,2021-04,2024-11,42
2841,2020-07,2020-07,0
4678,2020-10,2020-10,0
6854,2021-01,2021-01,0
2939,2020-05,2023-12,43
1710,2020-03,2023-09,41
8022,2021-07,2021-07,0
3971,2020-06,2020-06,0
5940,2021-06,2021-06,0
6707,2023-03,2023-03,0
9179,2020-11,2023-06,31
2251,2020-03,2020-11,7
3401,2024-03,2024-03,0
8318,2021-06,2021-06,0
2102,2020-02,2020-02,0
5562,2021-03,2021-11,7
3089,2021-06,2021-06,0
6777,2020-04,2020-04,0
8885,2020-03,2020-03,0
6463,2020-09,2024-02,40
5028,2020-06,2020-06,0
9144,2022-06,2022-06,0
9724,2020-03,2020-03,0
7301,2021-06,2024-08,37
7911,2021-06,2021-06,0
4593,2020-12,2020-12,0
6926,2020-08,2025-02,54
6937,2023-07,2023-07,0
2804,2020-06,2020-06,0
6912,2021-12,2021-12,0
5828,2023-02,2023-11,8
7898,2022-11,2022-11,0
1915,2021-04,2023-12,31
3344,2021-03,2021-03,0
7958,2021-12,2023-06,17
2736,2022-02,2022-02,0
8812,2020-06,2023-04,34
1494,2022-08,2025-04,31
2294,2022-08,2022-08,0
7823,2023-09,2025-02,17
8696,2020-09,2020-09,0
9641,2024-11,2024-11,0
8703,2020-09,2020-09,0
8274,2020-08,2020-08,0
1216,2020-04,2020-04,0
1983,2021-10,2023-10,23
3843,2020-01,2022-08,30
7494,2022-10,2022-10,0
8443,2021-07,2021-07,0
9222,2022-07,2023-08,13
7941,2021-10,2021-10,0
2506,2022-11,2023-07,7
4471,2021-04,2022-04,12
4586,2020-11,2025-03,52
2264,2023-03,2023-03,0
8821,2020-02,2020-02,0
7637,2021-11,2024-05,30
1895,2020-08,2024-04,44
7950,2021-06,2022-07,13
2710,2020-01,2020-01,0
6496,2021-11,2023-04,17
3666,2020-05,2020-05,0
4471,2021-04,2021-04,0
4075,2021-05,2022-01,8
1530,2022-03,2024-10,31
1735,2020-02,2020-02,0
1748,2024-02,2024-02,0
6056,2020-02,2020-02,0
5626,2024-01,2024-01,0
4192,2022-08,2022-08,0
6830,2022-02,2023-11,20
2595,2020-07,2023-09,37
9250,2022-05,2023-04,11
1388,2020-02,2020-02,0
8814,2021-05,2021-05,0
5753,2020-04,2021-06,14
8587,2024-03,2024-03,0
2528,2020-02,2020-02,0
4533,2021-08,2021-08,0
3307,2020-11,2022-09,21
9218,2024-01,2024-04,2
9573,2020-02,2020-02,0
8331,2021-12,2021-12,0
5765,2022-02,2024-10,32
1655,2024-12,2024-12,0
7350,2020-07,2020-07,0
2228,2023-05,2023-05,0
9151,2024-06,2024-09,2
3336,2021-11,2021-12,1
9964,2021-10,2023-09,23
9174,2021-02,2023-05,27
3780,2021-06,2023-08,25
2116,2020-05,2022-08,26
6789,2023-01,2023-01,0
8548,2020-10,2021-05,7
5194,2021-06,2025-03,45
3301,2022-10,2022-10,0
8999,2020-03,2021-07,16
7568,2021-01,2021-01,0
3113,2020-05,2022-09,27
6138,2024-03,2024-03,0
7769,2022-02,2022-02,0
1699,2021-12,2021-12,0
1934,2020-09,2022-03,18
1130,2021-06,2021-09,3
5762,2021-12,2022-06,6
7541,2020-08,2024-12,51
7360,2020-05,2020-05,0
2531,2020-01,2020-06,4
9767,2024-06,2024-12,5
2787,2022-06,2024-08,25
2775,2020-08,2020-08,0
8096,2020-10,2025-01,50
2056,2024-05,2024-05,0
8967,2020-05,2020-05,0
8802,2020-08,2025-02,53
1627,2021-05,2021-05,0
3384,2020-03,2022-05,25
1513,2020-12,2021-06,5
2022,2020-09,2023-10,37
8046,2022-02,2022-05,2
1886,2020-08,2020-09,0
7929,2021-11,2021-11,0
3885,2020-11,2023-11,36
5487,2024-06,2024-06,0
8396,2020-01,2020-01,0
4507,2020-01,2020-01,0
4015,2021-04,2023-02,21
8021,2023-04,2023-04,0
3695,2023-07,2023-08,1
8890,2020-11,2021-08,9
3632,2021-01,2021-01,0
6811,2021-08,2021-08,0
7375,2023-02,2023-02,0
4253,2025-04,2025-04,0
3369,2021-04,2021-04,0
6185,2022-09,2022-12,3
3416,2020-03,2020-03,0
2861,2020-01,2024-01,48
7658,2020-08,2020-08,0
1060,2021-09,2021-09,0
8361,2020-03,2025-01,58
2596,2020-06,2020-06,0
4074,2020-08,2020-08,0
3721,2020-12,2022-04,15
6703,2021-07,2022-11,16
1235,2021-05,2022-04,10
1265,2022-07,2023-09,13
9226,2020-10,2021-03,5
9177,2020-12,2022-03,15
7783,2020-05,2020-05,0
9887,2022-11,2023-07,8
2857,2021-03,2021-03,0
8018,2022-12,2022-12,0
3664,2024-02,2024-08,6
5669,2020-08,2024-02,42
8167,2020-07,2020-07,0
2625,2022-02,2024-09,31
2468,2020-06,2022-08,25
7738,2020-12,2020-12,0
9924,2021-02,2023-11,33
9247,2020-04,2020-04,0
5749,2021-08,2024-01,29
4651,2021-09,2022-12,14
7243,2021-06,2021-06,0
3038,2022-07,2025-01,30
7765,2022-02,2025-03,36
7484,2021-06,2021-06,0
4668,2023-04,2023-04,0
5333,2020-08,2020-08,0
4957,2020-11,2024-06,42
1535,2020-04,2020-04,0
7134,2021-09,2021-09,0
6201,2020-01,2022-02,24
8045,2020-11,2024-05,41
4156,2021-05,2021-05,0
1845,2022-03,2023-10,18
8030,2022-05,2022-05,0
7396,2021-09,2021-09,0
7604,2022-04,2022-04,0
3595,2020-12,2020-12,0
3069,2020-02,2020-10,8
7422,2023-05,2023-05,0
5263,2020-12,2020-12,0
6282,2023-06,2023-06,0
1420,2020-04,2020-07,3
3507,2020-04,2022-08,28
9907,2020-07,2025-01,53
7265,2020-01,2024-07,53
3138,2020-09,2020-09,0
6867,2020-07,2020-07,0
4633,2020-11,2020-11,0
5018,2022-08,2023-09,12
5267,2021-06,2022-12,17
2359,2020-12,2020-12,0
1379,2021-06,2023-11,29
2694,2022-07,2022-07,0
3010,2022-12,2022-12,0
5292,2022-05,2022-05,0
2267,2020-05,2021-05,12
4407,2021-01,2021-04,3
1359,2021-06,2021-06,0
2250,2020-04,2024-05,48
7148,2020-01,2024-07,53
8387,2022-09,2022-09,0
5894,2024-12,2024-12,0
1515,2021-06,2024-11,40
6681,2020-07,2024-07,48
9953,2022-10,2023-02,3
5169,2020-12,2024-11,46
1484,2020-06,2020-08,1
9384,2021-02,2024-01,35
6978,2021-10,2021-10,0
1483,2021-08,2022-08,11
2367,2021-10,2024-10,35
5384,2023-12,2023-12,0
2506,2022-11,2022-11,0
5822,2023-07,2023-07,0
8144,2020-05,2023-01,32
4163,2022-03,2022-03,0
5605,2020-01,2020-01,0
6105,2020-02,2022-07,29
8992,2020-12,2023-09,33
7942,2022-05,2022-05,0
6222,2023-06,2023-06,0
7275,2024-01,2024-01,0
6782,2021-10,2024-05,31
2052,2021-05,2021-05,0
9378,2020-10,2023-06,31
5808,2022-01,2022-06,4
9691,2020-10,2021-01,2
2878,2025-03,2025-03,0
8035,2022-06,2023-10,16
5019,2021-04,2024-03,35
7089,2020-09,2021-07,9
3003,2020-11,2020-11,0
1178,2022-10,2022-10,0
8624,2021-03,2023-11,31
4811,2021-12,2021-12,0
5646,2020-11,2024-04,41
4562,2021-11,2022-11,12
2225,2020-01,2020-01,0
7909,2021-08,2022-02,5
6206,2020-05,2020-05,0
4229,2022-04,2022-08,3
9169,2021-12,2021-12,0
7901,2020-04,2020-04,0
3803,2023-02,2023-04,2
7272,2020-06,2023-05,35
5670,2021-03,2022-10,18
1076,2020-06,2020-06,0
3147,2022-06,2022-06,0
1606,2020-04,2020-04,0
1640,2020-01,2023-01,35
2137,2021-08,2023-06,21
5931,2024-02,2024-02,0
7559,2020-01,2020-01,0
9090,2021-11,2021-11,0
5889,2021-08,2024-08,36
9082,2020-03,2020-03,0
7126,2020-07,2020-07,0
1479,2025-02,2025-02,0
3273,2020-03,2020-03,0
8138,2021-11,2021-11,0
4131,2023-08,2023-08,0
9807,2023-05,2023-05,0
1860,2021-06,2021-07,0
2815,2020-01,2022-08,30
2229,2020-04,2020-10,5
7218,2020-03,2020-03,0
3257,2020-04,2022-06,25
3069,2020-02,2021-02,11
7771,2023-07,2024-10,14
3004,2023-02,2023-02,0
8830,2021-09,2021-09,0
6274,2021-11,2023-02,14
4700,2020-06,2020-06,0
2356,2020-08,2020-08,0
4373,2020-01,2021-08,18
9103,2024-03,2024-03,0
4541,2021-02,2024-11,45
4078,2020-07,2020-07,0
4418,2023-02,2023-02,0
9420,2022-05,2024-08,27
8438,2023-02,2023-11,9
2731,2025-01,2025-01,0
6957,2020-02,2022-05,26
9412,2022-06,2023-06,12
4079,2021-05,2024-10,41
3690,2020-09,2023-05,31
2672,2024-01,2024-01,0
2805,2020-09,2022-04,18
4064,2024-07,2024-07,0
9698,2020-03,2023-08,40
2938,2020-09,2020-09,0
6806,2022-02,2022-02,0
7503,2020-09,2020-09,0
6467,2020-05,2020-12,7
7058,2021-04,2021-04,0
7267,2020-08,2020-08,0
4177,2020-09,2022-11,25
3894,2020-08,2020-08,0
9087,2021-11,2021-11,0
1817,2021-01,2021-01,0
4597,2024-07,2024-07,0
5361,2021-03,2021-03,0
2655,2021-08,2024-02,30
7628,2022-10,2022-10,0
4602,2024-04,2024-06,1
5395,2021-05,2021-05,0
4335,2020-03,2022-06,26
5718,2020-05,2023-01,32
4032,2020-06,2021-07,13
8811,2021-03,2021-03,0
4909,2020-07,2021-05,9
2137,2021-08,2022-05,9
8458,2020-03,2021-06,15
8775,2021-11,2021-11,0
3908,2022-01,2022-01,0
3797,2022-09,2022-09,0
6769,2021-11,2021-11,0
1016,2020-09,2020-09,0
8742,2021-09,2022-02,4
5762,2021-12,2022-04,4
9243,2020-01,2022-01,23
2538,2025-02,2025-02,0
6499,2020-03,2020-03,0
6747,2020-09,2020-09,0
8970,2023-10,2023-10,0
1222,2024-02,2024-02,0
6467,2020-05,2020-05,0
8935,2020-08,2020-08,0
9508,2023-10,2023-10,0
3423,2023-10,2024-03,5
3320,2020-01,2020-10,8
5003,2020-04,2020-04,0
8056,2020-10,2020-10,0
2462,2020-09,2022-11,25
2768,2021-10,2021-10,0
9927,2024-09,2024-09,0
9632,2020-09,2023-06,32
6715,2021-03,2021-10,6
7836,2023-08,2023-08,0
6067,2020-06,2022-04,22
9520,2021-10,2021-10,0
3014,2020-04,2020-04,0
6685,2020-08,2020-08,0
9174,2021-02,2021-02,0
8640,2024-09,2024-09,0
5747,2020-05,2020-05,0
3664,2024-02,2024-03,0
2058,2021-03,2021-03,0
8436,2021-04,2021-08,4
3022,2020-02,2021-12,21
1083,2020-05,2020-05,0
1010,2020-07,2023-12,41
6737,2021-07,2021-07,0
3540,2021-08,2021-08,0
5434,2021-08,2021-08,0
4223,2022-05,2023-08,15
5764,2021-06,2024-05,34
6810,2020-02,2024-01,46
7328,2020-03,2022-12,33
5280,2021-05,2023-12,31
6091,2021-12,2024-08,31
6283,2025-02,2025-02,0
4268,2021-04,2023-05,25
4268,2021-04,2021-12,8
5871,2025-03,2025-03,0
8555,2021-02,2023-06,28
8158,2022-09,2025-01,27
8240,2021-03,2023-02,23
6858,2021-03,2023-04,24
8643,2021-02,2021-02,0
8557,2021-06,2021-06,0
1432,2021-10,2024-03,29
2448,2020-03,2021-12,21
5954,2020-08,2020-08,0
9391,2021-07,2024-02,30
9900,2020-08,2024-10,50
1877,2023-12,2023-12,0
3063,2021-06,2021-06,0
8582,2022-07,2022-07,0
8540,2020-01,2020-01,0
1896,2022-12,2022-12,0
2753,2020-10,2025-03,53
5760,2020-08,2021-02,5
6428,2020-12,2023-10,34
9369,2021-02,2025-01,46
4359,2020-02,2020-02,0
9115,2020-01,2024-05,51
3535,2020-08,2023-10,38
1105,2020-02,2021-07,16
4288,2022-03,2022-03,0
3507,2020-04,2020-07,3
9516,2020-06,2023-04,33
2697,2020-10,2022-05,19
8271,2020-04,2024-01,44
5913,2020-04,2022-03,22
4849,2024-10,2024-10,0
5264,2020-03,2022-02,23
8194,2022-03,2022-06,2
3018,2022-02,2022-02,0
1354,2023-04,2024-06,13
4943,2022-08,2023-02,5
9956,2021-03,2021-08,4
5751,2022-09,2025-04,31
9076,2021-10,2024-05,30
7409,2022-02,2022-02,0
8601,2020-05,2020-05,0
3427,2021-01,2021-09,7
2968,2024-01,2024-01,0
5960,2021-01,2021-01,0
8282,2020-08,2022-08,23
3282,2020-05,2020-09,4
8509,2020-01,2021-06,16
6861,2022-03,2022-08,5
4453,2020-05,2020-05,0
9602,2020-06,2022-11,28
3858,2022-11,2024-09,22
6558,2022-07,2022-07,0
5560,2020-09,2020-09,0
5963,2021-03,2023-04,24
8925,2020-02,2021-03,13
3955,2020-09,2021-05,7
9608,2020-05,2020-05,0
6309,2021-06,2021-06,0
6703,2021-07,2024-10,38
2107,2021-07,2021-07,0
3607,2023-07,2023-07,0
2740,2022-05,2023-07,13
8805,2021-07,2021-07,0
4876,2021-10,2023-04,17
7292,2020-01,2020-01,0
2054,2020-07,2025-01,53
2875,2021-03,2021-03,0
2194,2021-03,2023-01,22
1482,2024-05,2024-05,0
2763,2021-06,2025-04,46
3182,2021-01,2021-01,0
4272,2022-04,2023-06,13
8168,2022-03,2022-03,0
4296,2020-05,2023-10,41
9659,2021-07,2021-07,0
2409,2022-01,2024-09,32
2576,2024-12,2024-12,0
1085,2021-07,2022-05,10
9955,2020-05,2023-01,32
4036,2020-07,2024-04,45
9653,2022-12,2025-03,26
8761,2022-06,2022-06,0
3258,2021-02,2021-02,0
8004,2021-11,2022-12,12
2280,2023-04,2023-04,0
5886,2021-07,2021-07,0
4777,2020-02,2020-02,0
6421,2021-05,2021-05,0
5118,2020-07,2020-07,0
2113,2020-02,2020-02,0
5719,2021-01,2025-04,50
4955,2020-01,2024-12,58
9192,2020-12,2025-03,51
1928,2020-01,2020-06,5
8716,2020-06,2020-06,0
1491,2021-11,2021-11,0
5274,2024-07,2024-07,0
3282,2020-05,2020-12,7
6400,2020-01,2023-02,37
2021,2023-05,2023-05,0
1579,2020-10,2020-10,0
7819,2020-01,2020-01,0
2320,2020-02,2023-11,44
3121,2020-02,2020-02,0
2704,2025-04,2025-04,0
4690,2020-05,2020-05,0
8824,2021-01,2023-02,25
1351,2021-03,2023-04,25
4214,2021-02,2021-02,0
1296,2023-03,2025-04,24
7342,2022-09,2024-08,22
3051,2021-01,2021-01,0
3257,2020-04,2024-02,45
7024,2020-04,2024-08,51
8152,2024-07,2024-07,0
4801,2020-02,2021-01,11
4721,2021-01,2021-01,0
1750,2021-01,2025-04,51
5094,2022-04,2022-04,0
1928,2020-01,2020-01,0
5630,2022-06,2023-09,15
5001,2025-01,2025-01,0
7517,2020-03,2020-03,0
2258,2020-01,2020-01,0
4372,2021-04,2021-04,0
6848,2021-04,2021-04,0
8266,2023-11,2023-11,0
5795,2020-11,2021-06,7
9631,2020-04,2020-04,0
9870,2020-03,2020-03,0
6679,2020-11,2021-05,5
8966,2025-01,2025-01,0
3246,2020-01,2021-08,18
4777,2020-02,2021-06,15
4453,2020-05,2023-04,34
3325,2020-07,2020-07,0
8213,2022-11,2022-11,0
2871,2020-07,2020-07,0
5428,2021-07,2021-09,2
5921,2020-07,2022-11,28
1978,2020-04,2020-04,0
7290,2021-07,2021-10,3
7302,2024-11,2024-11,0
4370,2020-08,2020-08,0
8062,2021-09,2023-05,19
5999,2020-08,2020-08,0
1425,2021-01,2021-01,0
5301,2023-11,2025-02,15
4547,2021-02,2022-02,12
8111,2020-05,2020-05,0
1935,2023-03,2023-03,0
7358,2020-01,2020-01,0
5709,2020-09,2020-09,0
8594,2021-07,2024-12,40
9501,2020-09,2020-09,0
8656,2020-06,2024-06,48
3160,2021-02,2021-02,0
5495,2024-07,2024-07,0
9893,2020-12,2021-12,12
7465,2020-08,2025-04,55
6926,2020-08,2024-01,41
1202,2020-01,2020-01,0
6259,2022-11,2022-11,0
8271,2020-04,2023-01,32
1145,2021-01,2021-01,0
8867,2021-05,2021-05,0
4569,2020-12,2020-12,0
2303,2021-01,2021-01,0
6145,2022-02,2023-07,17
3945,2023-11,2025-02,14
5252,2020-06,2021-09,15
4726,2020-01,2023-09,43
1812,2023-12,2023-12,0
1630,2020-08,2020-08,0
8214,2021-07,2024-12,41
4734,2020-12,2024-02,37
5244,2020-11,2021-07,7
6789,2023-01,2023-05,3
4845,2021-06,2021-06,0
9305,2022-09,2024-07,22
2268,2021-01,2021-04,2
7084,2024-08,2024-11,3
7815,2020-03,2020-03,0
5638,2020-11,2020-11,0
6902,2020-07,2022-07,23
7139,2022-08,2025-01,28
1510,2021-03,2022-11,20
5765,2022-02,2022-02,0
1418,2021-11,2023-09,21
6129,2020-02,2020-02,0
9326,2024-12,2024-12,0
6636,2020-05,2020-05,0
1534,2023-09,2023-09,0
7243,2021-06,2022-04,10
2285,2022-10,2023-09,10
9249,2024-05,2024-05,0
9982,2020-04,2020-04,0
2986,2020-07,2021-05,10
1842,2020-04,2021-04,11
9592,2022-08,2023-10,13
5410,2023-09,2023-09,0
5801,2020-09,2020-09,0
4982,2021-09,2025-02,40
4782,2022-01,2022-06,5
2890,2024-11,2024-11,0
7716,2021-09,2021-09,0
9284,2021-05,2021-11,6
8932,2022-05,2022-05,0
7862,2021-01,2021-01,0
9808,2020-08,2022-12,27
3263,2022-07,2022-07,0
6596,2021-03,2024-04,37
7692,2020-08,2020-08,0
9096,2021-06,2021-06,0
3947,2020-04,2021-02,9
3732,2020-02,2022-09,30
8698,2021-09,2023-12,26
1558,2022-07,2024-11,27
3735,2021-01,2021-01,0
9436,2020-03,2024-02,46
7919,2020-06,2020-06,0
4955,2020-01,2023-02,36
6518,2020-08,2020-08,0
2765,2020-12,2020-12,0
2208,2021-07,2023-02,19
8354,2020-04,2024-03,47
8368,2023-06,2023-08,1
5739,2020-11,2025-04,52
3205,2021-02,2024-03,36
9345,2023-01,2024-12,22
7060,2020-03,2020-03,0
7215,2020-10,2023-05,31
9334,2020-08,2020-08,0
2587,2024-09,2025-03,5
6588,2022-08,2023-12,15
9604,2021-05,2021-05,0
5673,2021-12,2023-05,17
3923,2024-01,2024-08,6
4451,2021-10,2024-06,32
6150,2022-07,2022-07,0
3713,2020-02,2021-10,20
8973,2024-01,2024-02,0
5726,2022-02,2024-10,32
2738,2022-08,2022-11,2
5565,2022-04,2022-04,0
9334,2020-08,2023-09,37
1651,2021-06,2021-06,0
9813,2024-08,2024-08,0
9001,2020-06,2024-05,46
7054,2020-05,2020-05,0
7987,2020-03,2020-03,0
3067,2021-06,2021-06,0
2795,2024-07,2024-07,0
8281,2023-02,2025-02,24
5309,2022-04,2024-07,27
5562,2021-03,2025-03,47
6795,2023-01,2024-11,22
4644,2022-02,2025-03,37
3567,2020-11,2024-09,45
8429,2024-07,2024-07,0
2213,2024-05,2024-05,0
1628,2021-09,2021-09,0
9540,2023-07,2023-07,0
1583,2022-04,2022-04,0
1130,2021-06,2022-05,10
7163,2024-12,2024-12,0
4205,2022-04,2022-04,0
8938,2021-01,2022-04,14
9138,2021-02,2021-02,0
2453,2022-05,2023-06,12
4509,2020-11,2024-06,43
9039,2022-04,2022-04,0
3918,2020-01,2021-01,12
5310,2020-11,2020-11,0
4845,2021-06,2022-05,10
9691,2020-10,2025-02,52
5916,2021-02,2024-11,44
8947,2020-07,2024-02,43
7425,2020-01,2023-09,44
8880,2020-12,2020-12,0
2841,2020-07,2023-07,36
7874,2020-01,2024-05,52
5053,2024-11,2024-11,0
3886,2020-12,2020-12,0
2860,2021-05,2021-05,0
3098,2024-05,2024-05,0
9014,2020-01,2022-11,33
4847,2020-05,2020-05,0
9314,2021-01,2022-10,20
1996,2021-11,2024-12,37
5286,2024-02,2024-02,0
7412,2024-04,2024-04,0
7531,2022-06,2023-03,8
5396,2021-02,2021-02,0
6567,2023-08,2024-05,8
6054,2020-06,2020-06,0
3728,2022-01,2022-01,0
2807,2022-01,2023-05,15
6401,2020-11,2020-11,0
1326,2021-04,2024-09,40
7212,2022-04,2022-04,0
6460,2022-06,2022-06,0
2039,2023-08,2023-08,0
4448,2022-11,2022-11,0
3572,2020-06,2021-09,15
4757,2021-04,2023-01,21
7125,2021-02,2024-12,45
5074,2020-06,2024-10,52
1328,2020-11,2022-09,22
2679,2021-10,2021-10,0
1692,2020-06,2023-12,41
1397,2024-03,2024-03,0
5051,2021-10,2022-06,7
3025,2020-10,2020-10,0
7565,2023-01,2023-01,0
5423,2022-06,2024-03,20
2210,2020-01,2020-01,0
7805,2020-12,2020-12,0
9875,2020-01,2021-07,17
2565,2022-10,2023-03,4
4183,2020-12,2023-06,29
6303,2021-06,2021-06,0
1383,2020-02,2025-03,60
4320,2022-04,2022-04,0
8723,2022-06,2022-06,0
2524,2021-04,2024-03,35
5563,2021-05,2024-06,37
9736,2020-06,2024-03,45
1282,2023-12,2023-12,0
7449,2022-02,2022-02,0
2774,2024-11,2024-11,0
1407,2021-12,2021-12,0
8325,2023-09,2023-09,0
2785,2023-09,2024-04,6
3355,2023-04,2025-01,21
2562,2023-05,2025-02,21
9025,2021-11,2021-11,0
3315,2022-01,2022-01,0
9575,2021-10,2021-10,0
4808,2020-08,2020-08,0
5129,2020-06,2020-06,0
6535,2020-06,2020-06,0
6266,2025-01,2025-01,0
7660,2023-04,2023-04,0
4427,2020-12,2024-07,43
9938,2020-03,2024-02,47
4862,2025-04,2025-04,0
8913,2022-02,2022-04,2
2334,2023-10,2024-05,6
2269,2022-07,2022-07,0
3655,2021-01,2021-01,0
3722,2022-11,2022-11,0
1639,2023-12,2024-12,11
3797,2022-09,2023-01,4
8982,2020-03,2023-10,43
7850,2021-12,2023-07,18
2926,2023-09,2023-09,0
5441,2022-03,2022-03,0
7088,2021-10,2021-10,0
3318,2020-12,2021-04,4
4349,2023-10,2024-09,11
7082,2020-03,2020-03,0
8735,2022-03,2023-02,11
3217,2022-08,2024-02,18
8763,2021-03,2021-03,0
3936,2021-06,2021-06,0
1091,2021-04,2024-09,40
4264,2022-11,2023-04,4
8513,2020-01,2024-07,53
8679,2021-02,2023-05,26
6741,2021-05,2021-05,0
6651,2020-05,2023-07,37
5498,2021-04,2023-02,22
6009,2021-04,2024-03,34
5173,2020-07,2020-07,0
4319,2020-01,2023-11,46
2687,2022-03,2023-08,17
3921,2021-10,2024-10,36
3075,2024-01,2024-08,7
7274,2020-04,2021-11,18
5542,2020-01,2020-01,0
8756,2020-07,2021-06,10
4798,2022-11,2024-06,19
3400,2022-11,2023-12,13
1004,2022-03,2023-10,19
3244,2024-01,2024-03,2
7969,2022-12,2022-12,0
5957,2021-08,2021-08,0
4944,2023-04,2023-04,0
7316,2020-01,2020-01,0
6107,2020-02,2020-02,0
9694,2020-09,2021-05,7
4504,2024-05,2024-05,0
5550,2022-07,2022-07,0
8235,2020-04,2021-11,19
2970,2020-08,2022-07,22
6704,2021-01,2021-01,0
8636,2020-12,2020-12,0
7948,2020-12,2024-09,44
4129,2020-04,2020-04,0
1174,2020-09,2025-04,54
9618,2020-07,2022-04,20
6085,2020-04,2020-10,6
5157,2020-11,2021-07,7
5473,2021-04,2021-08,4
8843,2023-08,2023-08,0
5145,2024-08,2024-08,0
1498,2021-03,2025-01,46
8446,2024-04,2024-04,0
9938,2020-03,2020-03,0
7054,2020-05,2024-11,53
3509,2021-01,2021-10,9
3156,2020-08,2025-04,56
1918,2021-02,2021-02,0
2021,2023-05,2025-02,20
5546,2022-05,2022-05,0
1273,2021-09,2022-02,5
6185,2022-09,2022-09,0
7000,2023-12,2025-02,13
7605,2020-03,2020-03,0
2007,2020-04,2021-01,9
3416,2020-03,2020-06,2
3827,2020-08,2020-08,0
4255,2025-01,2025-01,0
3833,2024-03,2024-03,0
6098,2020-12,2020-12,0
2928,2020-05,2023-11,41
2410,2022-06,2024-06,24
2444,2020-07,2022-05,22
3990,2021-07,2021-07,0
6201,2020-01,2020-01,0
3774,2021-08,2021-08,0
7136,2021-01,2021-01,0
5042,2022-06,2022-06,0
4130,2020-02,2020-02,0
3174,2020-04,2020-11,7
5703,2020-01,2020-01,0
6169,2021-05,2023-01,20
5469,2022-04,2023-11,19
5832,2023-08,2025-04,20
5334,2025-03,2025-03,0
6957,2020-02,2024-06,52
9569,2024-05,2024-05,0
3793,2023-09,2024-04,7
7318,2020-01,2023-06,40
4451,2021-10,2021-10,0
6683,2024-03,2024-03,0
5729,2021-05,2021-05,0
9253,2021-02,2021-02,0
5406,2023-02,2023-02,0
5230,2022-07,2024-09,25
1515,2021-06,2022-03,8
4054,2022-07,2022-07,0
6291,2021-05,2024-01,32
1554,2021-12,2021-12,0
6879,2020-02,2023-09,43
3600,2022-02,2024-04,25
6516,2020-05,2020-05,0
4065,2020-01,2021-01,11
3666,2020-05,2020-08,2
1356,2023-08,2023-08,0
8478,2021-06,2021-06,0
8126,2020-09,2023-10,36
4990,2020-03,2020-03,0
6535,2020-06,2023-01,30
5918,2022-02,2024-01,23
9306,2022-04,2022-04,0
5413,2020-02,2020-11,8
1467,2025-03,2025-03,0
5924,2020-04,2020-05,1
9586,2021-12,2021-12,0
3286,2020-05,2021-05,11
1881,2021-07,2021-07,0
3317,2020-03,2020-03,0
7487,2020-06,2024-05,46
3416,2020-03,2023-03,36
5936,2020-03,2020-03,0
4869,2020-03,2023-02,35
2477,2022-03,2025-04,36
7131,2020-08,2020-08,0
6647,2023-06,2023-06,0
7456,2022-04,2024-01,20
7165,2020-09,2020-09,0
4977,2021-04,2022-11,19
7350,2020-07,2023-01,29
7551,2024-12,2024-12,0
7956,2024-07,2024-07,0
2174,2021-01,2021-01,0
1440,2020-06,2023-03,33
3918,2020-01,2020-01,0
6935,2023-07,2023-07,0
7523,2020-03,2020-03,0
4769,2021-03,2023-03,23
1724,2020-12,2025-01,49
2521,2020-12,2024-02,38
3947,2020-04,2020-06,1
6096,2020-01,2020-01,0
1570,2021-10,2022-06,8
3941,2020-07,2020-07,0
9476,2020-09,2020-09,0
2353,2024-05,2024-05,0
2661,2022-07,2025-04,32
1200,2020-12,2024-05,41
9306,2022-04,2025-03,35
1189,2022-03,2022-03,0
7581,2020-05,2021-07,14
5963,2021-03,2021-03,0
2899,2021-08,2022-12,15
9225,2023-05,2023-05,0
6489,2021-09,2024-06,32
2829,2022-12,2025-02,25
9711,2020-08,2024-06,46
2310,2020-08,2023-05,33
5224,2021-12,2022-04,4
8454,2020-04,2020-04,0
5615,2020-05,2022-04,22
8540,2020-01,2023-02,37
7050,2020-03,2022-12,33
5852,2025-01,2025-01,0
9892,2021-01,2021-01,0
6847,2020-05,2024-03,45
6318,2020-02,2020-02,0
2829,2022-12,2025-01,24
9704,2022-05,2022-05,0
3871,2022-03,2022-03,0
3065,2020-04,2024-11,55
9084,2020-10,2021-06,8
6658,2020-05,2020-07,2
4999,2024-07,2024-07,0
9577,2020-01,2020-07,6
2253,2020-06,2020-06,0
3404,2021-04,2021-04,0
2656,2022-05,2022-05,0
2290,2021-12,2023-05,16
5947,2020-06,2024-12,54
4013,2021-09,2023-04,19
2298,2021-09,2022-05,8
2907,2024-12,2024-12,0
5275,2022-06,2022-06,0
9422,2020-08,2024-09,49
1800,2020-10,2020-10,0
4525,2025-03,2025-03,0
5502,2020-02,2020-02,0
5535,2024-11,2024-11,0
7531,2022-06,2022-06,0
5668,2020-08,2022-03,18
4393,2020-04,2022-07,26
3126,2022-01,2024-05,27
6212,2024-08,2024-08,0
1296,2023-03,2025-04,24
2044,2023-07,2023-07,0
8547,2022-11,2024-12,25
6386,2021-03,2021-03,0
1205,2020-08,2020-08,0
6674,2020-11,2022-11,23
8568,2021-01,2021-01,0
4451,2021-10,2023-04,18
7390,2020-04,2022-08,28
2287,2020-08,2022-07,22
6657,2021-12,2024-12,35
9676,2022-06,2022-06,0
6166,2021-01,2021-01,0
1484,2020-06,2020-06,0
3731,2020-07,2021-06,10
8070,2021-08,2024-11,39
5651,2022-08,2022-08,0
4845,2021-06,2022-01,6
3157,2020-05,2022-12,30
2588,2022-09,2022-09,0
2812,2022-07,2023-02,6
3606,2021-02,2021-02,0
7571,2022-08,2022-08,0
4567,2021-11,2022-01,2
5569,2022-05,2023-04,10
2730,2023-07,2023-07,0
6206,2020-05,2024-06,48
7425,2020-01,2020-01,0
9107,2021-02,2021-02,0
8363,2023-08,2023-08,0
7554,2021-08,2022-08,12
6473,2023-09,2024-07,10
3822,2022-03,2022-03,0
7280,2020-02,2022-10,31
7852,2021-09,2025-04,43
1475,2020-08,2022-11,26
9247,2020-04,2021-03,11
7697,2023-02,2023-02,0
5095,2023-04,2023-04,0
8731,2021-03,2022-06,15
1372,2020-06,2022-07,25
7378,2020-03,2022-09,29
3644,2020-12,2022-02,14
4920,2021-08,2021-11,2
4273,2022-12,2025-02,26
2061,2020-03,2021-05,13
8555,2021-02,2021-12,9
8268,2020-08,2020-08,0
8559,2021-07,2024-01,29
6427,2021-08,2022-03,6
5011,2020-01,2020-04,3
1112,2022-05,2022-05,0
7657,2020-06,2020-06,0
7313,2021-10,2025-02,39
5260,2023-02,2023-11,9
2982,2021-02,2021-02,0
9751,2020-07,2022-06,22
8877,2021-12,2022-07,6
5799,2023-10,2024-03,5
1653,2020-12,2024-03,39
9381,2021-04,2021-04,0
8021,2023-04,2025-04,24
3391,2021-04,2024-06,38
2831,2022-08,2022-08,0
7764,2021-05,2022-01,7
4982,2021-09,2023-09,24
5333,2020-08,2022-07,22
2213,2024-05,2025-03,9
9053,2021-06,2024-09,38
6610,2022-05,2022-07,1
6417,2022-02,2022-02,0
5225,2020-07,2021-06,10
1585,2020-02,2024-10,55
9548,2021-09,2021-09,0
7076,2021-08,2024-03,30
5771,2024-02,2024-02,0
3593,2021-11,2021-11,0
8787,2020-12,2020-12,0
5831,2022-03,2022-03,0
3106,2020-11,2022-09,22
7295,2022-11,2022-11,0
1458,2024-12,2024-12,0
5963,2021-03,2025-04,48
5250,2023-04,2023-04,0
9467,2020-02,2022-09,31
3791,2023-10,2025-01,14
3553,2022-11,2023-01,2
6149,2020-06,2020-09,2
8950,2022-01,2022-01,0
8897,2023-10,2024-04,5
1233,2022-01,2022-01,0
6609,2020-09,2023-04,30
4675,2022-05,2022-10,4
2959,2021-08,2021-08,0
9172,2020-03,2020-03,0
1199,2022-03,2024-03,24
4741,2021-09,2023-05,20
1538,2023-08,2023-08,0
6398,2020-05,2020-05,0
9761,2021-02,2021-02,0
2301,2021-11,2022-07,7
8317,2024-01,2025-02,12
5009,2021-07,2021-10,3
3993,2020-11,2020-11,0
5015,2021-05,2023-09,27
8472,2021-03,2023-04,24
5354,2022-06,2023-09,14
4113,2023-01,2023-01,0
3171,2022-05,2022-05,0
4403,2021-09,2021-09,0
8819,2024-04,2024-04,0
1836,2020-12,2020-12,0
2196,2022-01,2022-01,0
8240,2021-03,2021-03,0
2636,2023-11,2023-11,0
8982,2020-03,2020-03,0
8041,2020-12,2020-12,0
8252,2024-04,2024-04,0
8475,2020-05,2020-05,0
7671,2020-12,2022-09,21
3892,2024-09,2024-09,0
9424,2020-10,2020-10,0
5909,2022-10,2022-10,0
5079,2020-05,2020-05,0
9242,2021-09,2021-09,0
2826,2023-04,2023-08,4
8988,2020-05,2025-01,56
8708,2020-06,2022-01,19
2074,2021-06,2021-06,0
5991,2021-01,2021-01,0
6610,2022-05,2022-05,0
3992,2020-05,2020-05,0
4797,2020-01,2020-01,0
6003,2021-05,2021-05,0
8731,2021-03,2021-03,0
4445,2020-02,2020-02,0
6304,2021-04,2022-05,12
3814,2023-11,2024-11,11
3574,2020-10,2020-10,0
8762,2020-04,2020-04,0
5413,2020-02,2021-10,20
8732,2020-11,2020-11,0
7075,2020-09,2020-09,0
6798,2020-01,2023-07,41
8368,2023-06,2023-09,2
7447,2020-01,2020-01,0
7620,2021-05,2021-05,0
6793,2021-02,2024-04,37
8485,2020-02,2020-02,0
4313,2022-12,2022-12,0
5193,2020-02,2020-02,0
1387,2020-10,2020-10,0
6336,2021-08,2025-02,42
4267,2021-04,2021-04,0
9240,2020-01,2020-01,0
2750,2023-05,2023-05,0
6332,2021-03,2023-07,27
8698,2021-09,2023-07,22
7390,2020-04,2024-09,52
8979,2020-05,2024-02,44
7144,2020-07,2023-06,35
6614,2022-04,2022-04,0
8178,2022-05,2022-08,2
8730,2023-04,2023-04,0
2212,2021-04,2021-04,0
7779,2020-12,2020-12,0
5896,2020-08,2020-08,0
2441,2020-05,2022-04,22
9955,2020-05,2024-07,49
9700,2020-09,2025-02,52
1358,2020-06,2022-01,18
6143,2022-02,2022-02,0
8304,2023-01,2025-01,23
4016,2021-05,2022-04,11
8549,2022-02,2023-08,17
5243,2020-02,2021-01,11
1379,2021-06,2024-05,34
7730,2021-02,2025-01,47
1786,2022-11,2024-01,13
9392,2023-09,2023-09,0
8163,2022-07,2022-07,0
6358,2023-03,2023-03,0
5630,2022-06,2022-06,0
2099,2020-06,2020-06,0
2509,2022-03,2022-03,0
9712,2020-11,2020-11,0
2437,2021-06,2021-06,0
4127,2022-01,2022-01,0
8060,2020-10,2020-10,0
8393,2021-08,2021-08,0
3493,2020-11,2020-11,0
3976,2021-09,2024-07,34
8439,2023-04,2023-04,0
8084,2021-04,2021-04,0
5813,2020-11,2020-11,0
1309,2024-10,2024-10,0
7998,2022-03,2025-04,36
6351,2020-01,2020-04,3
4282,2022-12,2022-12,0
6810,2020-02,2020-02,0
3500,2024-11,2024-11,0
4377,2024-05,2024-05,0
1429,2020-04,2020-04,0
3086,2021-04,2024-11,42
6365,2022-01,2022-01,0
4421,2020-08,2022-09,24
7951,2021-08,2022-02,6
4559,2021-04,2024-09,41
3249,2020-11,2020-11,0
3017,2022-08,2022-08,0
1416,2020-03,2021-07,16
4417,2024-01,2024-01,0
8185,2024-02,2024-02,0
7234,2022-04,2023-06,14
2521,2020-12,2024-05,41
9462,2024-11,2024-11,0
2971,2021-07,2021-07,0
6871,2021-03,2024-12,45
7801,2023-09,2023-09,0
9305,2022-09,2022-09,0
9335,2020-07,2020-07,0
1264,2022-07,2022-07,0
7558,2023-01,2023-01,0
6811,2021-08,2023-07,23
2069,2021-06,2021-09,3
5926,2023-02,2023-02,0
2383,2020-09,2020-09,0
8722,2023-04,2023-04,0
6296,2021-12,2021-12,0
3905,2020-11,2025-02,50
9497,2022-04,2022-04,0
8697,2022-04,2023-06,13
4437,2021-01,2025-02,48
5801,2020-09,2024-07,46
3580,2021-12,2021-12,0
9496,2020-05,2024-12,54
3975,2023-08,2023-08,0
3660,2024-05,2024-05,0
6014,2021-08,2022-05,9
5344,2021-06,2023-01,18
1423,2020-11,2023-01,25
1560,2020-11,2022-11,24
7679,2022-10,2022-10,0
9604,2021-05,2024-09,39
1244,2020-05,2023-07,38
2509,2022-03,2023-05,14
2841,2020-07,2023-09,38
7800,2022-08,2023-06,10
8215,2020-11,2024-04,41
1011,2020-07,2020-07,0
5208,2021-09,2021-09,0
9847,2020-06,2024-03,45
2579,2025-01,2025-01,0
4215,2020-05,2022-12,30
3126,2022-01,2024-04,27
4695,2020-05,2021-09,15
2553,2021-01,2021-01,0
2724,2022-08,2023-11,14
4024,2022-01,2022-01,0
6384,2020-11,2023-08,32
9518,2020-02,2020-02,0
3157,2020-05,2024-05,48
3379,2020-10,2023-11,36
7308,2021-07,2021-07,0
3984,2021-09,2021-09,0
1558,2022-07,2025-02,30
3652,2022-05,2022-05,0
8877,2021-12,2021-12,0
4076,2020-03,2023-05,37
7646,2020-05,2021-01,8
8425,2020-10,2021-09,10
8206,2021-04,2025-04,47
9429,2022-10,2022-10,0
4052,2021-04,2021-04,0
9993,2022-07,2024-03,20
6609,2020-09,2020-09,0
2034,2020-01,2020-01,0
1416,2020-03,2020-03,0
2549,2022-08,2024-10,25
2820,2022-03,2023-07,15
5844,2020-12,2021-08,8
6030,2023-11,2023-11,0
2359,2020-12,2023-11,34
3991,2023-03,2024-02,11
4192,2022-08,2025-02,29
4634,2021-04,2021-04,0
6798,2020-01,2020-01,0
9692,2020-02,2020-02,0
6941,2022-01,2025-03,38
9697,2020-07,2024-10,50
2640,2020-02,2023-04,38
4707,2020-11,2021-11,12
3491,2024-03,2024-03,0
7947,2021-12,2022-01,1
1801,2020-07,2020-07,0
5857,2020-01,2022-10,32
7901,2020-04,2021-12,20
6274,2021-11,2021-11,0
1005,2022-12,2022-12,0
6105,2020-02,2022-01,23
2094,2021-11,2023-07,19
3298,2022-03,2022-03,0
4972,2025-03,2025-03,0
7865,2023-04,2023-04,0
5072,2021-04,2023-09,29
4707,2020-11,2020-11,0
3300,2023-08,2023-08,0
3487,2023-09,2023-09,0
5513,2022-03,2022-03,0
2921,2022-01,2022-01,0
2681,2023-06,2024-06,12
8718,2020-06,2020-06,0
5895,2022-01,2022-01,0
8444,2021-12,2023-02,13
6593,2020-10,2020-10,0
7250,2020-05,2025-03,58
2848,2020-02,2020-02,0
3759,2020-07,2024-01,41
8983,2021-10,2021-10,0
9566,2025-04,2025-04,0
6940,2021-01,2021-01,0
9102,2020-01,2022-04,27
7908,2023-02,2023-02,0
5590,2022-04,2024-01,21
5519,2020-08,2021-11,15
9320,2023-01,2024-12,23
5116,2023-04,2023-04,0
1211,2024-02,2024-02,0
4977,2021-04,2025-04,47
8106,2024-09,2024-09,0
8993,2022-10,2022-10,0
7157,2023-09,2023-09,0
7268,2021-10,2022-08,10
2615,2022-04,2022-04,0
4909,2020-07,2022-08,24
7911,2021-06,2025-02,43
1653,2020-12,2025-04,52
8548,2020-10,2020-10,0
1610,2022-02,2024-12,34
8074,2020-09,2021-06,9
4539,2020-05,2020-05,0
6389,2023-02,2023-02,0
1464,2020-03,2020-03,0
6875,2021-12,2021-12,0
6773,2024-12,2025-03,3
5532,2021-06,2024-04,33
6316,2020-07,2020-07,0
5311,2021-08,2021-08,0
4430,2024-12,2024-12,0
6273,2021-08,2021-08,0
3818,2022-01,2024-10,32
6468,2021-02,2021-02,0
4728,2020-10,2024-04,42
2659,2022-07,2024-05,22
7652,2020-07,2023-05,34
4050,2020-11,2021-04,5
5336,2020-11,2023-08,33
6744,2020-07,2020-08,1
6922,2021-08,2021-09,0
6288,2020-11,2020-11,0
6087,2020-03,2024-03,48
5853,2022-01,2022-01,0
3914,2021-06,2021-12,6
2244,2020-02,2020-02,0
7629,2024-03,2024-03,0
6573,2021-03,2021-08,5
3179,2024-08,2024-08,0
5815,2021-01,2021-01,0
6305,2022-10,2022-10,0
1668,2020-08,2022-08,23
5485,2020-08,2025-04,56
4587,2020-05,2024-01,43
8214,2021-07,2022-09,14
3381,2020-01,2023-01,35
1340,2020-01,2024-12,58
8191,2022-10,2022-10,0
4149,2020-04,2020-05,1
7547,2020-04,2022-06,26
5284,2022-08,2022-08,0
5318,2021-02,2021-02,0
4845,2021-06,2021-06,0
2262,2020-09,2021-08,11
6270,2020-10,2023-01,26
5045,2020-03,2020-03,0
3109,2020-08,2023-10,38
8794,2022-01,2024-08,31
4732,2020-02,2020-02,0
4669,2020-11,2024-02,39
1871,2021-03,2022-12,21
9145,2020-05,2024-12,55
3807,2020-04,2020-07,3
1942,2020-10,2021-12,14
3422,2021-03,2022-09,18
2071,2022-02,2022-02,0
5128,2020-11,2020-11,0
1451,2021-03,2024-06,38
8058,2021-12,2021-12,0
7492,2020-03,2020-12,8
6076,2022-02,2022-02,0
5991,2021-01,2022-09,19
9322,2020-02,2020-02,0
9841,2020-05,2024-06,49
6152,2024-08,2025-02,6
1867,2021-05,2024-11,41
2960,2021-04,2022-07,15
2042,2024-10,2024-12,2
3641,2020-09,2022-08,22
3938,2022-12,2023-09,8
9109,2020-01,2024-12,59
2459,2023-12,2023-12,0
7347,2020-05,2021-04,10
8772,2023-02,2023-02,0
3998,2021-04,2021-04,0
3906,2020-06,2023-03,32
9186,2021-08,2022-05,9
7576,2020-07,2022-11,28
2336,2020-02,2024-12,58
9583,2021-06,2023-04,22
1997,2020-04,2020-12,7
7113,2020-01,2020-01,0
9669,2020-07,2022-02,19
7303,2021-04,2021-04,0
7141,2020-10,2020-10,0
4088,2024-03,2024-12,8
3978,2021-02,2021-02,0
2588,2022-09,2024-10,25
7130,2022-06,2023-05,10
3908,2022-01,2023-02,12
1497,2023-05,2023-12,6
2970,2020-08,2023-05,32
5774,2023-03,2023-03,0
3955,2020-09,2024-06,44
2633,2021-03,2023-02,22
3543,2020-05,2020-05,0
8449,2021-11,2024-05,30
7370,2020-12,2023-03,27
2072,2022-07,2022-07,0
3316,2020-07,2020-07,0
4085,2021-01,2023-08,30
6870,2022-03,2025-02,34
2618,2021-12,2021-12,0
6251,2021-05,2021-05,0
9715,2020-11,2020-11,0
4292,2021-06,2021-06,0
8338,2024-02,2024-07,4
7984,2020-05,2025-04,59
2349,2020-01,2020-01,0
2709,2024-06,2024-06,0
7370,2020-12,2024-06,41
1903,2020-02,2023-04,38
4081,2022-02,2022-02,0
9893,2020-12,2020-12,0
1785,2020-10,2020-10,0
5963,2021-03,2021-12,8
9810,2020-06,2020-06,0
8107,2020-03,2023-01,34
3921,2021-10,2022-02,4
1732,2020-11,2022-12,25
8491,2024-11,2024-11,0
6247,2020-09,2024-06,44
9114,2020-12,2022-09,21
1255,2021-07,2023-02,19
4375,2020-01,2020-01,0
5758,2020-03,2023-10,42
6419,2021-01,2021-01,0
4741,2021-09,2021-09,0
1733,2023-01,2023-01,0
5033,2020-02,2020-02,0
7927,2023-06,2023-06,0
6074,2020-06,2020-06,0
5466,2020-09,2025-02,52
7813,2020-03,2022-04,24
5556,2023-07,2023-12,4
8998,2020-11,2020-11,0
7479,2021-11,2021-11,0
3111,2020-06,2024-11,53
2155,2022-11,2022-11,0
3603,2021-06,2021-09,3
2089,2020-12,2020-12,0
3742,2024-01,2024-09,7
7524,2020-05,2020-09,4
5664,2022-09,2022-09,0
2777,2023-04,2023-04,0
4311,2020-07,2021-10,14
9158,2021-09,2021-09,0
1584,2021-08,2021-08,0
2825,2020-07,2020-07,0
4022,2020-12,2022-03,15
2104,2022-02,2024-02,23
7076,2021-08,2021-08,0
8242,2022-02,2022-02,0
9251,2021-12,2021-12,0
4447,2020-08,2020-08,0
1232,2021-05,2023-11,30
5109,2021-11,2025-03,39
8569,2020-03,2023-05,38
1924,2021-10,2021-10,0
5780,2021-07,2023-09,25
4014,2021-09,2021-09,0
8190,2021-03,2022-08,17
2136,2024-09,2024-09,0
9659,2021-07,2022-11,15
3348,2020-02,2020-03,0
1929,2021-04,2021-04,0
7716,2021-09,2022-11,14
3783,2022-11,2023-07,7
7068,2025-03,2025-03,0
4828,2024-02,2024-02,0
1957,2022-06,2022-11,5
2960,2021-04,2023-12,31
1576,2020-12,2020-12,0
1324,2020-12,2024-04,40
7325,2023-08,2023-08,0
7336,2020-03,2020-03,0
4893,2021-04,2022-09,16
5096,2020-07,2022-08,24
8454,2020-04,2020-11,6
8441,2021-10,2021-10,0
4667,2023-10,2023-10,0
3856,2020-06,2022-10,28
5214,2020-08,2024-02,42
1343,2021-01,2021-01,0
3359,2022-05,2022-05,0
9871,2021-04,2021-05,1
3048,2022-10,2023-06,8
4409,2021-08,2021-08,0
7844,2020-03,2020-03,0
8272,2020-04,2020-04,0
6956,2020-07,2021-09,13
7535,2024-12,2025-01,0
4373,2020-01,2021-01,11
4128,2023-06,2023-06,0
6954,2020-07,2020-07,0
7688,2020-12,2020-12,0
4498,2021-02,2021-02,0
2780,2020-10,2023-05,31
5920,2020-02,2021-04,14
7752,2024-09,2024-09,0
6532,2021-10,2022-12,13
7296,2023-03,2024-01,9
3954,2020-03,2020-03,0
4382,2023-09,2023-09,0
3823,2021-06,2021-06,0
3553,2022-11,2022-11,0
4240,2020-03,2020-07,3
8677,2020-02,2020-02,0
3139,2022-01,2022-03,1
6180,2021-06,2021-06,0
9693,2020-09,2020-09,0
2590,2022-07,2023-09,14
1351,2021-03,2024-02,34
6431,2020-05,2023-02,33
6844,2021-11,2021-11,0
4489,2023-08,2023-08,0
6946,2020-06,2020-06,0
8317,2024-01,2024-01,0
3870,2023-08,2023-08,0
3618,2020-01,2024-06,52
3674,2020-05,2020-05,0
7712,2021-04,2021-04,0
8693,2022-04,2022-04,0
5086,2020-07,2020-07,0
3402,2022-12,2023-05,4
1645,2020-03,2025-02,59
8746,2022-10,2022-10,0
1326,2021-04,2024-12,43
8224,2024-01,2024-09,8
8329,2021-06,2024-12,42
6633,2021-11,2024-03,28
7061,2020-07,2021-07,12
5916,2021-02,2021-02,0
2818,2020-06,2020-06,0
4229,2022-04,2023-08,15
5789,2021-10,2021-10,0
6811,2021-08,2023-09,25
1261,2021-07,2021-07,0
7844,2020-03,2023-02,34
5140,2021-03,2023-03,24
9526,2022-05,2022-11,6
9021,2024-08,2024-08,0
1852,2020-11,2022-05,17
6023,2020-07,2021-03,7
6529,2020-05,2024-03,45
8505,2022-08,2023-10,14
1514,2023-12,2023-12,0
1174,2020-09,2022-06,20
5959,2021-11,2023-09,22
7226,2022-12,2022-12,0
5428,2021-07,2021-07,0
7009,2022-01,2022-01,0
7671,2020-12,2024-06,41
6672,2022-01,2022-01,0
4160,2024-09,2024-09,0
2364,2021-07,2021-07,0
2389,2024-11,2024-11,0
9336,2021-10,2023-11,25
3105,2020-11,2021-11,11
4980,2022-09,2022-09,0
2064,2024-02,2024-10,8
2431,2020-02,2020-02,0
1220,2023-08,2023-08,0
2153,2022-05,2023-07,14
8549,2022-02,2022-02,0
2733,2023-09,2023-09,0
3272,2020-03,2021-12,21
2329,2020-09,2021-06,8
2500,2021-01,2021-01,0
4818,2023-10,2023-10,0
2301,2021-11,2022-05,5
9672,2024-10,2024-10,0
9115,2020-01,2020-07,5
8687,2022-07,2022-07,0
2003,2021-02,2025-02,47
1103,2021-05,2021-05,0
5313,2020-10,2023-01,26
4102,2023-09,2023-09,0
2241,2024-08,2024-08,0
4730,2023-05,2023-05,0
5861,2023-10,2023-10,0
5676,2021-08,2022-05,8
6648,2021-10,2021-10,0
1114,2020-06,2022-10,28
5123,2022-11,2022-11,0
2059,2022-03,2022-03,0
6639,2023-01,2023-01,0
8046,2022-02,2022-02,0
8306,2021-02,2023-06,28
2445,2020-02,2020-02,0
2079,2023-02,2023-02,0
6227,2023-02,2023-07,4
8871,2020-11,2022-11,23
9013,2023-03,2025-03,24
4117,2020-05,2020-05,0
1699,2021-12,2022-09,9
8617,2022-09,2022-09,0
7606,2024-08,2024-10,1
8408,2023-11,2023-11,0
7317,2023-06,2023-06,0
3284,2021-05,2021-05,0
3447,2022-03,2024-12,32
8116,2020-09,2024-10,48
3830,2021-02,2024-08,41
4555,2020-02,2022-12,34
8737,2020-01,2020-10,9
4240,2020-03,2020-03,0
3593,2021-11,2022-09,9
5549,2020-04,2020-04,0
9177,2020-12,2023-04,28
8984,2021-10,2021-10,0
6789,2023-01,2025-03,25
6296,2021-12,2022-03,3
5740,2021-05,2021-05,0
9097,2022-11,2023-09,10
9036,2023-12,2023-12,0
3598,2022-12,2022-12,0
8028,2020-07,2020-07,0
3120,2021-04,2021-12,8
7117,2023-09,2023-09,0
7054,2020-05,2022-02,21
2034,2020-01,2020-02,0
7832,2021-02,2021-02,0
4824,2020-05,2023-12,42
8801,2023-05,2023-05,0
6582,2020-09,2020-10,1
4184,2023-07,2023-07,0
4750,2020-06,2020-09,3
4883,2023-10,2024-06,7
9005,2024-05,2024-05,0
6135,2021-03,2021-03,0
7293,2021-06,2021-06,0
6269,2020-09,2022-04,18
8580,2020-01,2020-01,0
5358,2020-11,2021-12,13
4165,2022-06,2022-06,0
3344,2021-03,2024-05,37
8761,2022-06,2024-01,19
1050,2023-03,2023-03,0
8906,2020-01,2020-01,0
6243,2021-01,2021-01,0
9786,2020-02,2022-08,30
4083,2021-04,2023-07,26
2972,2020-08,2020-08,0
4193,2021-08,2025-03,43
5627,2024-09,2024-09,0
7930,2023-04,2023-08,4
5885,2021-03,2021-03,0
5851,2021-11,2021-11,0
7904,2021-09,2022-10,13
3418,2022-07,2022-07,0
3571,2023-03,2023-03,0
2765,2020-12,2024-06,41
5521,2021-01,2021-08,7
8427,2022-09,2022-09,0
3105,2020-11,2023-12,36
3030,2020-08,2020-10,2
8816,2021-01,2024-02,36
7144,2020-07,2021-04,8
8114,2021-10,2024-02,28
3916,2022-04,2023-01,9
5635,2021-02,2022-10,19
1645,2020-03,2020-03,0
3160,2021-02,2022-04,13
3292,2020-08,2021-04,8
3676,2022-02,2023-07,17
2505,2022-12,2023-12,11
6540,2021-04,2021-04,0
2139,2021-02,2021-02,0
2018,2020-12,2020-12,0
7487,2020-06,2020-06,0
2465,2021-03,2023-01,21
3606,2021-02,2022-05,15
4725,2020-08,2020-08,0
1396,2021-08,2021-08,0
4694,2021-03,2021-08,4
4588,2022-04,2024-10,29
3255,2020-02,2020-09,6
7349,2025-01,2025-01,0
7484,2021-06,2023-03,20
9064,2020-06,2021-12,17
7798,2020-08,2020-08,0
4278,2023-08,2025-02,17
4760,2020-05,2024-03,45
6724,2023-11,2023-11,0
7031,2020-04,2020-04,0
7507,2022-02,2022-02,0
1120,2023-05,2023-05,0
5610,2021-09,2021-09,0
9370,2020-12,2021-04,4
5198,2020-07,2020-07,0
5265,2022-11,2024-03,16
5675,2022-12,2022-12,0
9385,2025-01,2025-01,0
4028,2021-08,2021-08,0
2748,2020-03,2024-03,47
4279,2020-08,2020-08,0
5892,2020-12,2024-08,44
4511,2020-01,2020-01,0
6913,2021-05,2021-12,7
4765,2022-10,2023-12,13
4552,2022-09,2024-06,20
1202,2020-01,2020-05,4
6471,2020-11,2020-11,0
7366,2020-09,2023-07,33
7402,2022-01,2022-01,0
9055,2020-08,2020-08,0
5675,2022-12,2025-01,24
5071,2025-04,2025-04,0
1004,2022-03,2022-03,0
1819,2020-04,2023-10,42
1000,2023-09,2024-06,8
3613,2025-02,2025-02,0
4527,2024-01,2024-01,0
7108,2021-10,2025-04,42
1366,2020-06,2024-02,43
2967,2020-05,2020-05,0
8486,2020-02,2020-02,0
2971,2021-07,2022-07,11
1497,2023-05,2024-03,10
3860,2021-05,2022-04,10
4847,2020-05,2024-03,45
5475,2022-04,2024-08,28
8859,2021-11,2021-11,0
3511,2024-02,2024-11,9
7183,2024-01,2024-01,0
8085,2022-04,2025-03,34
3867,2021-11,2022-06,6
1721,2024-10,2024-10,0
5613,2022-11,2022-11,0
5379,2020-08,2024-12,52
4081,2022-02,2024-09,31
1031,2021-11,2022-10,10
8132,2023-05,2025-03,21
9004,2020-04,2020-04,0
1774,2021-12,2021-12,0
7017,2020-09,2022-09,24
9922,2020-08,2024-05,44
7082,2020-03,2020-06,3
3387,2020-02,2020-02,0
6681,2020-07,2025-01,54
7582,2024-03,2024-03,0
5791,2020-01,2020-01,0
9102,2020-01,2024-04,51
6903,2021-12,2021-12,0
5148,2020-02,2022-08,30
6876,2020-06,2021-01,6
9834,2020-09,2022-06,21
1700,2020-03,2020-03,0
3376,2021-04,2021-04,0
3612,2020-06,2022-07,24
3285,2020-08,2023-10,38
7493,2021-01,2023-06,29
2833,2020-12,2020-12,0
1687,2023-10,2024-03,4
1066,2020-12,2020-12,0
3698,2023-05,2023-05,0
6486,2020-04,2024-02,45
7116,2022-03,2022-03,0
9570,2020-12,2023-02,25
4589,2020-03,2023-11,43
7684,2020-11,2021-07,7
4699,2021-06,2021-06,0
3551,2022-01,2022-01,0
1009,2021-09,2022-06,9
2766,2021-05,2021-05,0
6022,2021-12,2021-12,0
5962,2021-03,2024-07,40
2582,2023-07,2025-02,19
1385,2022-03,2022-03,0
2983,2020-06,2022-01,19
2168,2021-03,2021-03,0
2948,2025-01,2025-01,0
7602,2022-09,2022-09,0
5918,2022-02,2022-02,0
4415,2020-09,2020-09,0
8838,2020-03,2020-03,0
1686,2021-11,2024-09,34
9191,2021-04,2022-09,17
5190,2020-03,2023-07,40
9831,2022-01,2023-10,20
6751,2022-09,2022-09,0
9033,2021-09,2022-03,6
1633,2020-11,2021-10,10
8780,2022-03,2023-12,21
2359,2020-12,2021-08,7
2540,2021-05,2023-09,28
6527,2020-06,2020-06,0
1562,2020-03,2023-03,36
8392,2021-03,2022-09,18
2555,2020-04,2020-04,0
1462,2022-08,2024-02,17
2132,2021-03,2022-04,13
5501,2020-07,2021-05,9
9776,2024-11,2024-11,0
5148,2020-02,2020-02,0
9466,2020-11,2020-11,0
5806,2021-01,2021-01,0
5756,2025-03,2025-03,0
2796,2020-02,2024-11,57
4262,2020-05,2024-08,50
1093,2020-12,2023-09,33
3893,2022-08,2022-08,0
5952,2025-01,2025-01,0
9083,2020-07,2020-07,0
2902,2021-04,2021-04,0
3162,2020-12,2020-12,0
1387,2020-10,2023-11,37
8044,2024-12,2024-12,0
7034,2025-02,2025-02,0
7858,2021-11,2021-11,0
8148,2020-01,2020-01,0
2096,2020-04,2021-06,13
6859,2020-06,2020-06,0
4985,2021-02,2024-01,35
2982,2021-02,2022-07,16
4060,2020-04,2020-04,0
9944,2020-08,2020-08,0
8829,2023-06,2023-06,0
4039,2024-01,2024-01,0
1651,2021-06,2024-07,37
5920,2020-02,2023-05,39
7401,2022-02,2023-04,14
9359,2023-12,2023-12,0
9594,2021-11,2021-11,0
9692,2020-02,2021-03,12
6235,2020-05,2024-09,51
4498,2021-02,2022-03,12
8836,2020-03,2021-06,14
3824,2023-10,2023-10,0
9870,2020-03,2022-08,28
3393,2022-02,2022-02,0
3382,2020-12,2021-04,4
8826,2020-06,2020-06,0
3698,2023-05,2023-06,0
6926,2020-08,2020-08,0
7658,2020-08,2021-01,5
1703,2021-12,2022-08,7
1453,2020-10,2025-01,51
7122,2020-05,2022-03,22
4681,2022-01,2022-01,0
8853,2021-01,2021-01,0
7660,2023-04,2024-03,11
3576,2021-02,2021-02,0
5712,2021-07,2021-12,4
8090,2022-02,2024-04,26
2086,2020-03,2020-03,0
3384,2020-03,2020-03,0
7054,2020-05,2023-07,37
8610,2020-09,2020-09,0
5972,2023-03,2023-03,0
6359,2021-05,2021-05,0
9379,2022-07,2025-01,30
3248,2020-08,2024-01,41
9022,2022-10,2023-10,11
9470,2020-02,2022-12,33
5122,2020-07,2025-04,56
5734,2020-07,2020-07,0
6129,2020-02,2023-04,37
4922,2020-08,2021-01,5
6019,2022-12,2025-04,27
9481,2021-05,2023-10,29
5323,2021-06,2021-08,1
4085,2021-01,2022-04,15
5833,2020-01,2020-01,0
6922,2021-08,2023-02,17
6261,2020-12,2020-12,0
9521,2024-10,2024-10,0
5775,2022-11,2022-11,0
6527,2020-06,2021-02,7
9142,2020-05,2020-07,1
8935,2020-08,2024-01,41
8521,2023-04,2023-04,0
5173,2020-07,2023-06,34
3038,2022-07,2022-07,0
7440,2022-08,2022-08,0
5174,2021-01,2024-05,39
5539,2023-10,2023-10,0
4263,2020-02,2020-02,0
9020,2021-11,2021-11,0
8162,2021-09,2021-09,0
3289,2021-01,2021-01,0
1892,2020-12,2020-12,0
5544,2023-08,2024-09,13
5397,2023-06,2023-10,3
7934,2020-09,2023-05,31
1981,2020-04,2024-05,48
5541,2023-05,2023-05,0
4776,2021-01,2021-01,0
5370,2020-11,2022-11,24
4872,2020-12,2021-06,5
6189,2024-05,2024-05,0
7279,2021-05,2023-02,20
1285,2024-08,2024-08,0
5419,2023-08,2023-10,1
2567,2021-05,2021-05,0
4620,2021-12,2022-05,5
3713,2020-02,2020-05,2
5578,2022-01,2024-07,30
6054,2020-06,2024-02,44
7335,2023-07,2023-07,0
2644,2023-06,2023-06,0
8276,2020-11,2020-11,0
7299,2020-04,2020-04,0
1377,2021-06,2024-09,39
4360,2022-01,2024-03,26
8154,2020-04,2024-05,48
6608,2021-08,2024-02,29
9315,2020-07,2020-07,0
4366,2021-07,2025-04,45
2267,2020-05,2020-05,0
7187,2021-01,2021-02,1
4393,2020-04,2022-04,23
7637,2021-11,2021-11,0
5762,2021-12,2023-06,18
8695,2020-06,2020-06,0
4998,2021-01,2021-01,0
8409,2023-01,2024-10,21
7371,2020-10,2021-01,3
7241,2021-02,2021-02,0
8296,2025-03,2025-03,0
8165,2023-01,2025-01,23
5409,2021-05,2023-07,25
8840,2022-06,2022-06,0
9473,2020-10,2020-10,0
1594,2022-07,2022-07,0
1786,2022-11,2022-11,0
3601,2020-04,2020-04,0
1820,2021-10,2021-10,0
5180,2023-07,2023-07,0
3320,2020-01,2021-04,14
4047,2022-08,2022-08,0
3730,2020-03,2021-11,20
2511,2021-08,2021-08,0
3882,2022-08,2022-08,0
7934,2020-09,2022-06,21
1281,2023-09,2023-09,0
2262,2020-09,2020-09,0
5408,2022-06,2022-06,0
9748,2020-09,2023-08,34
7044,2020-02,2022-10,32
9743,2022-03,2023-09,18
1143,2023-02,2023-02,0
5461,2023-06,2023-06,0
9206,2020-11,2022-06,18
7452,2025-01,2025-01,0
8685,2020-02,2023-10,44
4963,2020-02,2020-02,0
5575,2020-03,2023-12,45
3869,2020-02,2024-11,56
5066,2020-10,2023-07,33
1692,2020-06,2020-06,0
3226,2021-12,2021-12,0
9665,2020-10,2025-01,51
7471,2022-09,2023-09,12
7617,2021-09,2021-09,0
9514,2020-05,2020-05,0
7638,2022-07,2023-11,16
7679,2022-10,2024-07,21
3068,2020-07,2020-07,0
2202,2021-06,2021-06,0
5889,2021-08,2021-12,4
7268,2021-10,2024-09,35
1391,2022-04,2022-04,0
1262,2020-12,2025-04,51
3411,2020-06,2020-06,0
3291,2020-09,2021-05,8
7493,2021-01,2025-03,49
4720,2020-01,2020-01,0
8975,2024-01,2024-01,0
8621,2021-01,2021-01,0
8590,2020-08,2025-03,55
5020,2020-10,2020-10,0
2659,2022-07,2022-08,1
6743,2020-01,2020-01,0
8100,2021-12,2021-12,0
6812,2021-06,2022-03,8
8816,2021-01,2022-08,18
2110,2021-01,2021-01,0
6084,2020-09,2020-09,0
1181,2020-04,2021-11,19
5417,2020-01,2023-02,36
4583,2022-06,2023-12,17
1395,2022-01,2022-01,0
8541,2021-09,2024-09,36
5668,2020-08,2023-02,30
3020,2022-09,2022-09,0
8100,2021-12,2024-12,36
9978,2022-07,2023-06,10
9289,2020-09,2022-05,19
7191,2024-04,2024-04,0
8206,2021-04,2021-04,0
5376,2021-08,2022-07,10
2526,2021-03,2021-03,0
7461,2022-12,2023-02,2
5962,2021-03,2021-03,0
4186,2021-09,2021-09,0
7841,2020-04,2020-04,0
7994,2022-12,2022-12,0
4450,2021-02,2021-02,0
3677,2024-08,2024-08,0
8907,2022-05,2022-05,0
8672,2021-08,2022-04,7
9085,2020-02,2020-02,0
8530,2020-05,2020-05,0
7096,2021-08,2023-10,26
9977,2022-09,2024-07,22
6416,2021-06,2023-11,29
9629,2021-05,2021-05,0
9520,2021-10,2022-06,7
5018,2022-08,2024-01,17
8108,2025-04,2025-04,0
9336,2021-10,2021-10,0
7630,2022-09,2022-09,0
5920,2020-02,2023-02,36
2744,2020-08,2020-08,0
4663,2023-08,2023-08,0
5075,2023-12,2025-03,14
2615,2022-04,2022-09,5
6947,2020-08,2020-08,0
7869,2020-06,2024-10,51
2329,2020-09,2024-06,44
8883,2022-09,2022-09,0
2086,2020-03,2024-09,53
8137,2021-05,2021-05,0
3523,2020-02,2022-04,26
6468,2021-02,2025-01,47
6046,2024-10,2024-10,0
7493,2021-01,2021-01,0
8046,2022-02,2023-01,10
4985,2021-02,2021-02,0
6506,2023-01,2023-01,0
7174,2020-06,2020-07,1
2345,2021-04,2021-04,0
1139,2022-03,2023-01,10
9071,2021-10,2021-11,1
3488,2020-04,2020-04,0
8720,2020-09,2023-11,38
5774,2023-03,2024-05,13
6853,2020-01,2020-01,0
1662,2020-08,2020-10,1
6409,2020-08,2020-08,0
2349,2020-01,2023-05,40
1003,2020-02,2020-05,3
3784,2021-11,2021-11,0
2761,2022-02,2022-02,0
9619,2023-02,2023-02,0
5660,2023-06,2023-06,0
5259,2023-01,2023-06,4
9435,2022-02,2022-02,0
4666,2022-10,2024-12,25
7445,2021-01,2023-02,25
3667,2024-09,2024-09,0
6877,2021-08,2021-08,0
5811,2020-05,2021-01,8
7848,2023-01,2023-02,1
6067,2020-06,2023-05,34
4943,2022-08,2024-01,16
3543,2020-05,2022-08,27
2928,2020-05,2023-08,39
3066,2020-08,2023-08,36
5628,2022-03,2023-06,14
6242,2021-11,2021-11,0
8890,2020-11,2020-11,0
5956,2021-03,2021-03,0
8753,2021-05,2022-03,9
3564,2023-01,2023-01,0
2082,2022-06,2022-06,0
7382,2020-11,2020-11,0
8594,2021-07,2021-07,0
6301,2020-05,2023-01,31
7919,2020-06,2024-02,44
4014,2021-09,2024-08,35
5105,2022-08,2022-08,0
6481,2021-08,2023-05,21
4932,2021-02,2021-02,0
5552,2020-10,2020-10,0
3957,2022-10,2022-10,0
6910,2021-11,2024-10,34
7111,2023-10,2023-10,0
8910,2021-12,2021-12,0
4304,2023-07,2023-07,0
9273,2025-01,2025-01,0
9662,2021-08,2022-10,13
4222,2023-02,2024-06,16
1645,2020-03,2022-10,31
9964,2021-10,2021-10,0
1729,2023-10,2023-10,0
7673,2024-10,2024-10,0
8774,2021-08,2024-03,30
8594,2021-07,2022-04,9
4783,2020-03,2021-09,17
4651,2021-09,2021-09,0
1634,2020-10,2020-10,0
5163,2020-08,2020-08,0
9695,2020-06,2020-11,4
8360,2025-02,2025-02,0
8045,2020-11,2022-01,13
5483,2020-05,2021-03,10
7828,2024-12,2024-12,0
6016,2020-08,2023-09,37
1838,2020-09,2022-10,25
4496,2020-12,2022-12,24
5711,2020-11,2020-11,0
7373,2021-01,2021-01,0
3903,2020-11,2020-11,0
1232,2021-05,2022-04,11
6386,2021-03,2024-09,41
1338,2024-09,2024-09,0
5230,2022-07,2023-07,11
5212,2021-03,2021-03,0
4343,2021-10,2022-09,11
2599,2022-07,2022-07,0
6070,2023-03,2023-06,3
9989,2020-08,2020-08,0
3548,2024-07,2024-07,0
4924,2020-11,2020-11,0
3932,2022-04,2022-04,0
6530,2021-08,2023-04,19
8623,2021-04,2021-04,0
5559,2022-08,2024-09,25
2507,2023-12,2023-12,0
4101,2023-11,2023-11,0
1298,2021-02,2023-05,27
2415,2022-08,2023-02,6
3388,2022-09,2024-01,16
9762,2021-03,2021-03,0
6757,2020-02,2024-06,51
8084,2021-04,2023-02,22
7593,2020-01,2020-08,6
8920,2021-06,2021-06,0
2096,2020-04,2023-06,38
4715,2024-03,2024-12,9
8501,2023-11,2023-11,0
7043,2023-04,2023-04,0
1596,2023-02,2023-02,0
6823,2024-07,2024-07,0
7103,2021-05,2021-06,0
1121,2022-07,2023-02,7
2396,2022-06,2024-01,18
9528,2020-12,2020-12,0
3224,2020-05,2024-07,49
6582,2020-09,2021-11,14
6194,2020-10,2021-11,12
7973,2020-03,2024-03,48
1899,2020-01,2020-01,0
3243,2021-04,2023-12,31
3507,2020-04,2020-04,0
2218,2024-11,2024-11,0
2230,2020-08,2023-05,32
5912,2021-03,2021-03,0
5671,2020-05,2020-05,0
2524,2021-04,2021-04,0
2640,2020-02,2022-01,22
5328,2020-11,2024-06,43
3027,2020-06,2020-06,0
2291,2022-03,2024-09,29
6103,2023-05,2023-05,0
9868,2024-12,2025-04,4
9993,2022-07,2022-07,0
9946,2022-04,2022-09,5
5874,2021-04,2023-08,27
1667,2022-09,2022-09,0
2523,2021-06,2021-06,0
1852,2020-11,2020-11,0
1065,2023-04,2023-04,0
1696,2021-05,2023-07,26
7651,2020-01,2020-01,0
3601,2020-04,2024-07,50
5056,2022-04,2025-01,32
4033,2021-01,2022-09,20
2701,2021-10,2021-10,0
8705,2022-04,2025-01,32
3075,2024-01,2024-01,0
9350,2021-02,2024-02,35
1086,2022-05,2022-05,0
4072,2022-10,2022-10,0
1972,2021-06,2021-09,2
7364,2021-06,2021-06,0
5795,2020-11,2020-11,0
7742,2021-11,2021-11,0
5413,2020-02,2023-06,39
7884,2022-02,2022-12,9
9153,2020-07,2020-07,0
7644,2020-06,2020-06,0
5144,2025-03,2025-03,0
4020,2022-08,2024-08,24
2965,2020-10,2020-10,0
3170,2025-03,2025-03,0
5095,2023-04,2023-05,1
2182,2021-07,2021-07,0
4573,2022-09,2023-03,6
1046,2022-01,2022-01,0
2814,2022-10,2022-10,0
7772,2022-11,2024-12,25
8324,2021-12,2022-01,0
3019,2024-01,2024-01,0
7735,2021-04,2024-09,40
5506,2020-05,2023-04,34
3390,2021-11,2021-11,0
4080,2020-03,2025-02,59
4977,2021-04,2021-04,0
8167,2020-07,2021-02,6
8099,2023-10,2023-10,0
1976,2020-04,2020-04,0
5736,2022-01,2023-06,17
5705,2023-01,2024-08,19
3900,2020-03,2020-03,0
8753,2021-05,2021-05,0
2069,2021-06,2024-11,41
5967,2021-01,2021-01,0
4291,2021-04,2022-11,19
8812,2020-06,2024-06,48
3628,2024-08,2024-08,0
3187,2020-03,2021-07,15
8961,2022-08,2022-08,0
9350,2021-02,2021-06,3
2799,2020-10,2023-03,29
9552,2022-08,2022-08,0
5453,2021-12,2021-12,0
6082,2021-09,2021-09,0
2031,2025-04,2025-04,0
4952,2022-08,2022-08,0
5002,2021-03,2022-08,16
9682,2023-03,2025-01,21
9143,2022-07,2023-12,17
3442,2022-03,2024-12,33
7876,2021-03,2021-03,0
8881,2022-11,2023-01,2
6019,2022-12,2024-04,15
5115,2022-06,2023-08,14
4268,2021-04,2021-04,0
6847,2020-05,2020-05,0
4215,2020-05,2020-05,0
1750,2021-01,2022-03,14
8723,2022-06,2024-02,20
6462,2021-02,2021-02,0
1269,2021-08,2021-08,0
3244,2024-01,2024-01,0
4358,2020-03,2020-03,0
2189,2020-03,2020-11,8
8229,2020-04,2020-04,0
4514,2022-10,2023-12,13
1599,2022-10,2025-02,27
7703,2022-02,2022-02,0
8370,2020-09,2022-07,22
6583,2021-05,2021-05,0
2946,2023-10,2023-10,0
9796,2021-01,2023-06,29
1723,2022-03,2022-03,0
9864,2021-12,2021-12,0
1104,2020-04,2022-11,31
4544,2021-04,2022-02,10
2639,2021-07,2023-07,24
4757,2021-04,2024-04,36
1001,2020-06,2022-05,23
6847,2020-05,2021-09,15
3691,2023-06,2023-06,0
1349,2021-12,2024-08,31
3819,2022-09,2022-09,0
1740,2023-11,2025-02,14
4425,2020-06,2022-07,24
8550,2023-01,2023-01,0
4696,2021-09,2021-09,0
2931,2020-08,2020-08,0
4345,2021-05,2024-11,42
8074,2020-09,2021-03,6
3606,2021-02,2022-05,14
3807,2020-04,2024-05,49
3868,2020-03,2020-03,0
2778,2021-06,2022-04,9
4469,2020-04,2025-01,57
2776,2022-07,2024-04,21
3722,2022-11,2022-11,0
9697,2020-07,2024-07,48
6407,2020-07,2020-07,0
9730,2021-07,2024-07,35
8357,2021-02,2021-10,8
8292,2020-07,2020-07,0
4508,2020-03,2020-03,0
4215,2020-05,2024-05,48
9772,2020-02,2020-02,0
2889,2020-05,2021-03,10
1881,2021-07,2022-01,6
9741,2021-12,2021-12,0
8853,2021-01,2023-12,35
3215,2020-08,2020-08,0
9831,2022-01,2023-01,11
4940,2020-02,2021-07,16
9907,2020-07,2020-07,0
9831,2022-01,2022-01,0
9602,2020-06,2020-06,0
5278,2020-02,2020-02,0
3921,2021-10,2021-10,0
4363,2020-04,2020-04,0
2464,2020-02,2020-02,0
8247,2021-11,2021-12,1
9957,2024-08,2024-08,0
8551,2020-06,2023-04,33
6532,2021-10,2021-10,0
1447,2021-12,2025-03,39
1396,2021-08,2024-10,37
1497,2023-05,2023-05,0
2328,2023-06,2023-06,0
8877,2021-12,2022-08,7
8192,2020-03,2020-07,3
7087,2025-01,2025-01,0
1423,2020-11,2020-11,0
6125,2022-03,2022-03,0
9257,2024-01,2024-01,0
5273,2024-03,2025-02,10
3423,2023-10,2023-10,0
9847,2020-06,2020-06,0
9556,2020-03,2021-09,17
3467,2024-06,2024-06,0
9215,2020-09,2020-09,0
6146,2023-06,2023-06,0
9309,2020-12,2022-11,22
1723,2022-03,2024-12,33
5280,2021-05,2021-05,0
6658,2020-05,2020-05,0
6922,2021-08,2021-08,0
9684,2020-01,2020-08,6
3014,2020-04,2020-12,8
5414,2020-02,2025-03,61
7054,2020-05,2024-08,50
6081,2022-06,2022-10,4
7149,2020-01,2020-01,0
1645,2020-03,2024-03,48
7663,2024-05,2024-05,0
8537,2024-05,2024-05,0
9615,2021-02,2023-07,28
1994,2021-03,2021-03,0
3005,2023-12,2023-12,0
9660,2020-09,2024-01,39
9671,2022-11,2022-11,0
5237,2021-03,2023-08,29
3907,2020-03,2020-03,0
9166,2020-09,2020-10,1
9448,2020-10,2020-10,0
4075,2021-05,2021-05,0
7548,2023-02,2024-09,19
2073,2025-01,2025-01,0
5835,2023-04,2023-04,0
6038,2022-05,2022-05,0
1339,2023-08,2024-05,8
3138,2020-09,2023-09,35
9656,2023-04,2023-04,0
6072,2021-06,2021-07,0
2346,2022-04,2023-08,16
7392,2022-01,2022-01,0
7387,2024-01,2024-01,0
5761,2020-05,2020-05,0
4057,2021-09,2021-09,0
7046,2020-07,2020-07,0
4063,2021-12,2021-12,0
1381,2021-03,2025-04,49
7181,2021-08,2022-11,14
5761,2020-05,2021-05,12
9277,2023-03,2024-06,14
4700,2020-06,2023-02,31
4955,2020-01,2022-11,33
9499,2021-03,2024-06,39
6432,2021-07,2021-07,0
8629,2022-01,2023-06,17
2008,2020-07,2020-07,0
1615,2020-08,2020-08,0
1942,2020-10,2021-10,12
4912,2023-02,2023-02,0
4423,2022-07,2022-07,0
4183,2020-12,2023-03,27
6162,2022-03,2024-06,27
7467,2021-05,2022-02,8
2674,2021-12,2022-02,2
8450,2020-01,2020-01,0
3027,2020-06,2023-03,32
4254,2020-04,2021-10,18
4243,2020-09,2020-09,0
7635,2022-07,2025-03,32
1642,2020-06,2024-04,45
2258,2020-01,2022-01,24
9272,2020-02,2024-11,57
7378,2020-03,2020-03,0
7671,2020-12,2020-12,0
9592,2022-08,2022-08,0
4028,2021-08,2024-05,33
1481,2020-08,2020-08,0
7799,2022-05,2022-05,0
9583,2021-06,2023-05,23
7181,2021-08,2023-01,17
9148,2024-03,2024-03,0
2961,2020-12,2023-01,24
1050,2023-03,2024-07,15
4501,2020-02,2020-02,0
6665,2021-11,2024-01,25
2249,2022-04,2024-08,28
3018,2022-02,2024-06,27
5699,2021-12,2021-12,0
4700,2020-06,2023-10,40
8820,2020-09,2022-12,26
3282,2020-05,2020-05,0
4190,2020-03,2023-11,44
3583,2020-05,2020-10,4
9287,2022-02,2022-02,0
8393,2021-08,2022-07,11
7852,2021-09,2023-05,20
1597,2022-09,2025-01,28
5816,2021-02,2022-02,12
7672,2022-08,2022-10,2
7010,2022-11,2022-11,0
4893,2021-04,2021-07,2
8023,2020-10,2023-04,29
1759,2022-08,2022-10,2
2908,2021-04,2021-04,0
1294,2023-02,2023-02,0
1907,2023-01,2023-01,0
6919,2020-11,2020-11,0
2448,2020-03,2020-03,0
7328,2020-03,2020-03,0
2190,2020-08,2020-08,0
4487,2021-01,2023-09,31
4581,2021-06,2021-06,0
6829,2024-01,2024-01,0
9340,2020-05,2021-10,16
2782,2024-08,2024-08,0
7954,2021-08,2021-08,0
3336,2021-11,2024-05,29
5321,2020-08,2020-08,0
2897,2020-11,2021-11,11
1081,2023-03,2023-03,0
4179,2024-01,2024-01,0
8813,2021-09,2022-12,15
9660,2020-09,2021-12,15
4472,2021-10,2025-03,41
3033,2022-12,2023-02,2
7071,2020-09,2024-09,47
1295,2021-02,2024-05,39
9313,2022-06,2022-06,0
2062,2023-12,2024-08,7
3978,2021-02,2021-09,7
8423,2021-12,2025-04,40
3713,2020-02,2020-02,0
7893,2023-12,2024-09,9
7158,2023-12,2023-12,0
5856,2022-06,2022-06,0
8474,2021-10,2021-12,2
5842,2020-05,2023-07,37
7293,2021-06,2021-09,3
5066,2020-10,2020-10,0
2686,2021-08,2021-08,0
6072,2021-06,2024-01,31
3869,2020-02,2022-08,29
4030,2020-10,2023-11,37
5823,2021-09,2021-09,0
7622,2021-09,2021-09,0
7681,2022-04,2022-04,0
8749,2021-10,2021-10,0
2928,2020-05,2020-05,0
1500,2020-06,2020-06,0
4537,2023-04,2023-04,0
4737,2024-03,2024-03,0
6337,2021-02,2021-02,0
6927,2020-02,2020-04,2
3269,2020-12,2023-09,33
1286,2020-11,2020-11,0
1050,2023-03,2024-01,9
2930,2022-07,2023-04,8
8113,2023-11,2023-11,0
3412,2023-12,2025-04,16
9921,2023-05,2023-05,0
5358,2020-11,2021-02,3
7265,2020-01,2021-08,18
7667,2021-08,2023-08,23
1244,2020-05,2020-05,0
2609,2020-12,2024-09,44
3387,2020-02,2021-02,12
6139,2022-06,2024-09,26
5127,2021-08,2022-03,7
7531,2022-06,2022-11,5
6091,2021-12,2021-12,0
1664,2025-02,2025-02,0
8838,2020-03,2020-05,1
1106,2020-06,2023-08,38
8114,2021-10,2023-04,17
2025,2021-10,2022-03,4
7343,2020-01,2022-08,30
2330,2021-12,2025-01,37
6486,2020-04,2023-06,37
1785,2020-10,2025-02,51
9647,2020-02,2024-09,54
5575,2020-03,2020-03,0
2198,2021-01,2021-10,9
1890,2020-04,2020-04,0
9549,2021-09,2021-09,0
8263,2021-02,2021-02,0
3353,2022-07,2022-07,0
4612,2021-01,2021-01,0
1275,2022-04,2022-04,0
8253,2020-10,2020-10,0
3659,2024-11,2024-11,0
3289,2021-01,2023-03,25
3130,2020-03,2021-10,19
1318,2024-05,2024-05,0
9062,2023-01,2024-08,19
7299,2020-04,2022-03,22
2094,2021-11,2021-11,0
1372,2020-06,2023-02,32
9741,2021-12,2023-01,13
4251,2022-02,2022-02,0
2461,2021-02,2021-02,0
6863,2022-03,2025-01,34
4319,2020-01,2020-08,7
2781,2020-10,2020-10,0
8606,2020-01,2023-01,36
2665,2024-09,2024-09,0
1007,2020-07,2020-07,0
7912,2021-12,2021-12,0
6206,2020-05,2020-08,2
9947,2020-01,2020-01,0
7160,2024-01,2024-01,0
8331,2021-12,2022-04,3
9932,2021-01,2021-01,0
1805,2021-12,2021-12,0
6292,2023-04,2023-04,0
5817,2021-11,2022-05,6
8064,2022-04,2023-12,19
4874,2022-04,2022-04,0
5098,2021-03,2024-05,38
8707,2021-05,2025-01,43
8589,2021-09,2021-10,1
9411,2022-05,2022-05,0
2231,2021-03,2022-09,18
2511,2021-08,2023-03,19
9785,2023-10,2024-02,4
4168,2021-03,2022-12,20
3811,2020-10,2020-10,0
9049,2022-02,2023-09,19
8175,2020-06,2024-02,43
4795,2022-05,2022-05,0
4981,2021-08,2025-04,44
3903,2020-11,2022-07,20
7691,2021-05,2021-05,0
8366,2021-11,2021-11,0
9074,2020-04,2022-05,24
9922,2020-08,2020-08,0
7599,2021-03,2021-03,0
8431,2022-05,2022-05,0
7597,2022-07,2023-12,16
4865,2023-03,2023-03,0
3400,2022-11,2025-04,29
6981,2021-11,2021-11,0
9857,2024-01,2024-01,0
3800,2020-06,2024-02,43
6722,2020-06,2020-06,0
2412,2022-01,2022-01,0
6997,2020-01,2020-01,0
9832,2024-06,2024-06,0
5340,2024-12,2024-12,0
2193,2022-05,2022-05,0
2191,2022-04,2022-04,0
6363,2023-07,2023-07,0
1646,2022-01,2022-10,8
5399,2022-07,2022-07,0
9877,2021-08,2024-03,31
1264,2022-07,2024-07,24
1619,2020-12,2020-12,0
4765,2022-10,2022-10,0
8096,2020-10,2022-06,20
5108,2024-07,2024-07,0
3129,2020-07,2025-03,56
6533,2023-05,2023-05,0
9391,2021-07,2021-07,0
2376,2021-02,2022-10,19
9940,2025-01,2025-01,0
8231,2020-12,2021-01,0
4854,2021-02,2023-05,27
8333,2020-06,2022-12,29
9835,2020-08,2024-01,41
4059,2023-02,2023-02,0
8405,2020-11,2024-02,39
2040,2022-04,2022-04,0
8559,2021-07,2023-08,24
9068,2020-05,2020-05,0
8151,2021-09,2021-09,0
3521,2020-01,2020-01,0
6244,2023-04,2023-04,0
9092,2025-03,2025-03,0
9718,2024-02,2024-02,0
1010,2020-07,2022-09,26
4890,2024-11,2024-11,0
5412,2020-11,2020-11,0
6904,2023-01,2023-01,0
7241,2021-02,2022-08,18
8481,2022-09,2022-11,1
3045,2024-02,2024-02,0
3882,2022-08,2024-10,26
7136,2021-01,2025-03,50
9578,2020-07,2022-10,27
7456,2022-04,2022-12,7
5819,2021-09,2022-03,6
3180,2021-06,2021-11,5
5411,2021-06,2021-06,0
4187,2020-05,2020-05,0
2689,2020-01,2022-12,34
5271,2021-04,2021-04,0
6371,2020-05,2023-05,35
8918,2020-01,2020-01,0
7374,2020-05,2020-05,0
3815,2020-12,2024-03,38
4631,2020-03,2021-05,14
6625,2023-12,2023-12,0
7062,2021-04,2021-04,0
2740,2022-05,2022-05,0
7049,2021-04,2024-07,38
9022,2022-10,2023-11,12
6314,2020-02,2024-04,49
8991,2023-03,2023-03,0
5287,2021-06,2023-12,30
6023,2020-07,2020-07,0
9393,2021-08,2021-08,0
2854,2022-02,2022-02,0
8933,2020-06,2020-06,0
9544,2020-06,2020-06,0
4866,2021-06,2021-06,0
2409,2022-01,2023-11,21
7463,2020-04,2020-06,2
5811,2020-05,2023-05,35
6370,2021-12,2025-02,37
3842,2022-01,2023-10,21
7872,2023-01,2023-01,0
2595,2020-07,2020-07,0
8329,2021-06,2023-07,25
1263,2020-03,2022-07,27
3452,2020-12,2020-12,0
2787,2022-06,2023-07,12
1576,2020-12,2024-11,46
8481,2022-09,2022-09,0
2999,2020-03,2025-01,57
8747,2023-10,2023-10,0
3156,2020-08,2020-08,0
5451,2020-03,2023-07,39
9425,2022-11,2022-11,0
7589,2022-12,2023-09,9
6421,2021-05,2024-11,41
7817,2024-05,2024-05,0
9297,2020-12,2023-12,35
9829,2020-10,2020-10,0
3745,2023-10,2023-10,0
6535,2020-06,2020-12,6
5581,2020-04,2024-09,53
7913,2021-01,2021-03,1
5719,2021-01,2023-06,29
5989,2022-08,2024-08,23
2359,2020-12,2023-03,26
6444,2022-03,2022-07,4
1645,2020-03,2021-11,20
7103,2021-05,2021-05,0
4802,2020-05,2020-07,2
3148,2020-06,2022-10,27
6340,2020-06,2022-09,26
4413,2022-09,2022-09,0
8872,2021-09,2021-09,0
7974,2022-11,2024-03,15
2644,2023-06,2024-10,15
9516,2020-06,2020-06,0
7321,2021-05,2022-09,16
9038,2020-02,2022-08,30
4638,2022-05,2024-10,28
8226,2021-10,2021-10,0
7771,2023-07,2023-10,2
3125,2024-02,2024-02,0
3747,2022-12,2022-12,0
4426,2021-03,2021-03,0
9615,2021-02,2021-02,0
9902,2021-03,2021-03,0
3190,2020-04,2020-04,0
3069,2020-02,2024-12,58
1116,2021-08,2022-05,9
2517,2024-07,2024-07,0
1132,2020-04,2020-11,6
5009,2021-07,2024-05,34
3623,2022-07,2025-01,29
8588,2021-06,2022-10,16
3704,2020-06,2022-06,24
9498,2021-06,2021-06,0
8471,2021-08,2025-04,43
6735,2020-10,2020-11,0
5265,2022-11,2022-11,0
5352,2023-03,2023-03,0
3535,2020-08,2020-08,0
6331,2024-08,2024-08,0
9371,2022-07,2022-07,0
8431,2022-05,2022-11,5
4950,2022-07,2022-07,0
1869,2020-03,2020-03,0
8201,2023-02,2023-02,0
8680,2020-04,2024-09,52
4523,2024-10,2024-10,0
4559,2021-04,2024-05,36
4049,2021-12,2021-12,0
6338,2022-02,2022-02,0
4507,2020-01,2021-09,19
2651,2020-07,2020-10,3
2234,2021-08,2022-05,9
3357,2020-02,2023-03,36
6326,2020-05,2020-05,0
5006,2020-07,2021-11,15
4329,2022-03,2022-09,6
5370,2020-11,2020-11,0
8586,2020-09,2020-09,0
4585,2020-02,2020-02,0
5748,2020-02,2022-01,22
6449,2020-04,2020-04,0
9161,2020-04,2021-02,9
2908,2021-04,2021-05,0
8189,2022-01,2022-01,0
3856,2020-06,2020-06,0
1908,2021-02,2021-02,0
8676,2024-07,2024-07,0
2843,2021-02,2022-07,17
6355,2022-03,2023-04,13
9502,2023-02,2023-02,0
1460,2020-04,2025-03,59
3207,2024-06,2024-06,0
1889,2020-03,2022-07,28
1616,2020-01,2020-01,0
9010,2024-07,2024-07,0
8628,2020-02,2020-02,0
8182,2021-01,2021-09,7
7098,2022-02,2022-02,0
4025,2020-02,2020-02,0
7460,2022-11,2022-11,0
4309,2020-08,2020-12,4
4871,2021-02,2022-12,21
2343,2021-07,2022-10,15
6254,2022-02,2022-09,6
6683,2024-03,2025-03,12
4441,2025-04,2025-04,0
2533,2021-06,2022-05,11
3743,2020-06,2023-03,33
6705,2023-05,2023-05,0
5960,2021-01,2022-09,19
9378,2020-10,2022-04,17
4216,2020-03,2021-01,10
7808,2020-06,2020-06,0
4447,2020-08,2024-02,42
2522,2021-06,2021-06,0
3378,2021-09,2024-08,34
3472,2021-08,2023-06,22
4395,2020-09,2020-09,0
8542,2020-03,2020-07,4
3287,2022-05,2022-05,0
2462,2020-09,2020-10,0
7597,2022-07,2022-07,0
1685,2022-10,2024-03,17
1522,2024-05,2024-05,0
6618,2021-06,2024-12,42
8170,2021-06,2022-04,10
4507,2020-01,2020-06,4
4153,2020-02,2020-02,0
4414,2021-06,2023-10,27
3930,2020-07,2021-12,17
5939,2024-12,2024-12,0
3451,2024-07,2024-07,0
3885,2020-11,2020-11,0
1372,2020-06,2020-06,0
7468,2020-11,2021-09,10
6523,2021-01,2021-01,0
6351,2020-01,2020-05,4
5697,2023-04,2023-04,0
4172,2020-01,2023-09,44
6733,2020-10,2020-10,0
1020,2021-01,2021-01,0
6656,2020-06,2020-06,0
9135,2022-08,2022-08,0
4749,2022-04,2022-04,0
3324,2022-10,2022-10,0
6882,2020-03,2023-09,41
7007,2020-03,2022-11,31
4473,2020-10,2020-10,0
2227,2021-08,2021-08,0
1420,2020-04,2020-04,0
1881,2021-07,2024-02,31
3653,2020-10,2022-01,15
9107,2021-02,2022-01,10
2007,2020-04,2020-04,0
2398,2022-07,2022-07,0
1366,2020-06,2023-10,39
3072,2020-08,2022-11,26
2753,2020-10,2020-10,0
3598,2022-12,2025-03,27
1124,2020-07,2021-06,11
5676,2021-08,2021-08,0
3042,2020-03,2020-11,8
7644,2020-06,2022-08,26
8396,2020-01,2024-10,56
2063,2020-09,2020-09,0
6702,2020-11,2020-11,0
3825,2023-04,2023-04,0
8857,2023-01,2024-03,14
5114,2023-01,2023-01,0
2811,2022-09,2022-09,0
2941,2020-01,2024-03,49
3009,2020-09,2020-10,0
7759,2021-04,2021-06,1
8361,2020-03,2020-03,0
9011,2020-02,2024-08,53
1698,2025-01,2025-01,0
2596,2020-06,2021-11,16
7000,2023-12,2023-12,0
1499,2021-12,2023-03,15
6615,2021-03,2021-03,0
2383,2020-09,2023-11,38
7694,2020-07,2020-07,0
1882,2020-05,2022-09,27
6441,2021-11,2021-11,0
5714,2022-11,2024-11,24
5514,2023-01,2023-01,0
7563,2020-05,2023-06,36
4220,2020-06,2023-09,39
8128,2021-09,2021-09,0
9652,2020-11,2021-02,3
7978,2023-10,2023-10,0
5157,2020-11,2023-07,31
2974,2020-01,2020-01,0
4259,2022-01,2022-01,0
7595,2022-03,2022-08,4
5165,2021-04,2021-04,0
8156,2020-04,2020-04,0
6787,2020-01,2023-11,46
4941,2020-10,2020-10,0
8782,2025-04,2025-04,0
5358,2020-11,2020-11,0
2641,2021-02,2022-12,21
1408,2023-01,2023-01,0
1828,2020-04,2020-10,6
8657,2020-02,2022-11,33
1611,2020-02,2020-02,0
5303,2020-03,2023-07,40
2113,2020-02,2024-06,51
5416,2021-12,2025-01,36
5084,2022-12,2023-09,8
2077,2022-03,2025-01,34
1692,2020-06,2020-11,5
9222,2022-07,2022-07,0
5876,2020-05,2023-01,32
9141,2020-03,2023-12,45
9670,2020-05,2020-05,0
4664,2020-01,2020-01,0
8589,2021-09,2025-02,41
2970,2020-08,2020-08,0
5794,2020-02,2020-02,0
2631,2022-11,2023-11,12
5696,2020-03,2020-03,0
8862,2020-04,2020-04,0
4822,2020-07,2024-11,52
8158,2022-09,2022-09,0
9444,2020-12,2021-01,0
5736,2022-01,2023-11,22
8308,2020-06,2023-01,30
5327,2020-08,2021-09,13
3286,2020-05,2023-10,40
1835,2022-06,2024-04,22
3810,2021-08,2021-08,0
1899,2020-01,2022-05,27
1449,2023-03,2023-03,0
5251,2020-01,2022-04,27
2371,2021-05,2024-11,42
9404,2022-10,2022-10,0
8349,2020-09,2021-04,7
2368,2021-03,2021-03,0
9806,2020-08,2021-10,13
5747,2020-05,2021-07,14
1500,2020-06,2021-04,10
9955,2020-05,2023-06,37
5982,2020-07,2020-07,0
2970,2020-08,2022-08,23
9551,2021-10,2021-10,0
8214,2021-07,2025-02,42
8170,2021-06,2024-11,41
3827,2020-08,2022-09,25
5251,2020-01,2020-01,0
8771,2020-11,2020-11,0
2535,2021-06,2025-03,45
4095,2023-07,2025-04,21
5907,2025-01,2025-01,0
2376,2021-02,2021-07,4
9186,2021-08,2022-03,7
5430,2022-05,2022-05,0
7938,2020-04,2020-04,0
3464,2023-04,2023-04,0
8817,2023-09,2024-10,12
5376,2021-08,2022-07,11
4757,2021-04,2021-04,0
2448,2020-03,2025-02,59
2843,2021-02,2023-07,28
9099,2020-11,2021-09,10
5065,2024-01,2024-09,7
4672,2021-08,2023-09,24
6800,2020-04,2023-03,35
7523,2020-03,2024-11,56
1740,2023-11,2023-11,0
5637,2020-03,2024-03,48
7287,2022-11,2023-09,10
5338,2022-02,2022-02,0
1419,2020-05,2020-05,0
6118,2022-01,2022-01,0
1190,2022-12,2024-05,17
2674,2021-12,2022-09,9
6825,2021-05,2025-04,47
7662,2022-01,2022-01,0
3048,2022-10,2023-04,6
4637,2022-04,2022-04,0
9727,2021-05,2021-05,0
1673,2021-12,2025-02,37
5235,2021-07,2021-07,0
9637,2022-01,2022-01,0
2116,2020-05,2020-05,0
2038,2020-03,2021-09,18
4513,2020-01,2020-01,0
5067,2020-11,2022-07,20
3674,2020-05,2022-07,26
7674,2020-12,2020-12,0
8784,2020-10,2020-10,0
6598,2020-10,2022-04,18
1717,2021-10,2022-05,6
9372,2021-12,2022-07,7
1359,2021-06,2024-08,38
5561,2022-08,2022-08,0
3369,2021-04,2023-02,22
2595,2020-07,2021-08,13
1517,2023-11,2023-11,0
5737,2023-10,2023-10,0
7822,2020-07,2022-07,24
8701,2024-10,2024-10,0
2070,2020-06,2022-12,29
5238,2021-10,2024-11,37
9955,2020-05,2022-05,23
9864,2021-12,2025-03,38
1046,2022-01,2024-10,32
3383,2021-08,2021-08,0
8255,2021-07,2021-07,0
2713,2023-05,2023-05,0
4026,2022-05,2022-05,0
7169,2020-08,2020-08,0
7917,2023-05,2024-10,16
5079,2020-05,2023-04,34
7485,2024-02,2024-02,0
8214,2021-07,2021-07,0
7244,2022-10,2023-09,11
2479,2022-04,2022-11,7
5279,2020-05,2020-05,0
1807,2020-03,2023-11,43
3208,2021-05,2024-12,43
3958,2020-01,2020-01,0
8827,2020-07,2020-07,0
7250,2020-05,2020-09,4
6755,2021-10,2023-10,23
2287,2020-08,2023-08,36
2013,2022-12,2022-12,0
9811,2022-12,2022-12,0
7469,2021-06,2021-06,0
5072,2021-04,2021-07,3
3060,2021-01,2023-06,29
5258,2023-03,2023-03,0
1914,2020-01,2021-10,20
1805,2021-12,2024-05,29
5933,2020-07,2023-04,32
9689,2020-07,2021-09,14
3931,2022-07,2022-07,0
7144,2020-07,2025-01,53
8125,2023-10,2023-10,0
1819,2020-04,2020-09,4
5294,2021-01,2021-01,0
6156,2021-12,2023-02,13
9028,2020-06,2020-06,0
9806,2020-08,2022-09,24
8382,2023-02,2023-09,7
6225,2020-01,2023-09,43
9297,2020-12,2020-12,0
7965,2021-10,2021-10,0
5228,2021-04,2021-04,0
3143,2022-05,2024-07,26
7860,2021-04,2021-04,0
1887,2023-07,2023-07,0
6472,2020-02,2020-02,0
4750,2020-06,2023-03,33
7971,2020-05,2020-05,0
2940,2021-08,2024-09,37
3966,2021-12,2024-02,26
8015,2022-06,2024-07,25
8765,2020-09,2020-09,0
6177,2020-07,2020-07,0
1454,2024-09,2024-09,0
5602,2021-06,2021-06,0
2512,2023-09,2023-09,0
5115,2022-06,2022-06,0
7361,2021-02,2024-09,43
9795,2020-10,2023-02,27
9458,2020-07,2020-07,0
9102,2020-01,2020-01,0
4209,2020-08,2020-08,0
6871,2021-03,2022-01,10
5476,2022-02,2022-02,0
7693,2020-06,2020-06,0
7963,2022-04,2023-10,17
2817,2022-08,2023-06,10
4340,2023-02,2023-02,0
8843,2023-08,2025-03,18
6664,2022-05,2022-10,4
7322,2024-12,2025-01,0
1787,2021-04,2022-12,20
3765,2020-06,2023-04,34
9422,2020-08,2024-07,47
3021,2020-04,2020-04,0
4810,2024-04,2024-04,0
6931,2020-06,2020-06,0
1772,2020-06,2020-06,0
5169,2020-12,2021-07,6
5672,2020-04,2020-04,0
3386,2023-02,2023-02,0
2825,2020-07,2020-08,1
3525,2021-04,2021-04,0
5677,2020-10,2024-06,43
9048,2021-11,2021-11,0
2390,2020-07,2020-07,0
4379,2020-01,2023-06,40
3725,2021-12,2021-12,0
4139,2021-07,2024-03,31
9829,2020-10,2021-11,12
2192,2023-03,2023-03,0
1206,2022-11,2023-06,7
2102,2020-02,2020-09,7
5045,2020-03,2020-10,7
6389,2023-02,2023-05,3
1543,2020-04,2022-01,21
6324,2020-12,2020-12,0
3372,2022-07,2022-07,0
6423,2023-07,2024-03,7
1193,2024-12,2024-12,0
2701,2021-10,2022-01,2
7493,2021-01,2021-02,0
5695,2020-11,2020-11,0
7962,2022-03,2022-03,0
5568,2022-01,2022-01,0
6889,2021-08,2021-08,0
1876,2020-07,2023-11,40
9766,2021-07,2021-07,0
2080,2020-03,2020-03,0
4562,2021-11,2023-07,20
2755,2021-11,2024-10,34
6251,2021-05,2024-07,37
3020,2022-09,2024-05,20
9230,2021-01,2021-01,0
9828,2023-06,2023-06,0
7972,2021-04,2021-04,0
9429,2022-10,2023-07,9
1998,2025-01,2025-01,0
8884,2021-06,2021-06,0
8853,2021-01,2024-03,38
3253,2022-07,2024-09,26
1596,2023-02,2024-08,18
9854,2022-05,2023-03,10
5139,2020-09,2021-08,11
4337,2021-03,2022-01,10
4709,2022-06,2022-06,0
9543,2020-10,2025-04,53
2690,2021-06,2021-06,0
9191,2021-04,2021-04,0
4442,2020-04,2024-06,49
9432,2022-12,2022-12,0
4474,2023-04,2023-04,0
1733,2023-01,2024-12,23
4032,2020-06,2020-06,0
1266,2022-03,2022-03,0
7323,2024-01,2024-01,0
2877,2021-04,2024-01,32
9321,2022-02,2022-02,0
8878,2022-06,2025-02,32
1183,2023-04,2023-04,0
4102,2023-09,2024-08,11
5731,2021-06,2021-06,0
4854,2021-02,2021-02,0
6231,2020-04,2020-04,0
2393,2020-10,2021-12,14
8906,2020-01,2024-08,55
3265,2021-07,2021-07,0
7695,2020-07,2023-10,38
6183,2023-05,2023-05,0
1571,2021-09,2022-03,5
1276,2020-12,2020-12,0
3988,2024-10,2024-10,0
6397,2021-11,2023-03,15
7212,2022-04,2023-06,13
6429,2021-01,2021-11,9
1754,2022-03,2023-05,14
7388,2021-08,2024-10,38
2209,2022-08,2022-08,0
7438,2021-02,2021-02,0
2417,2021-10,2021-10,0
4683,2020-11,2024-07,44
8323,2020-04,2020-04,0
7534,2020-12,2021-02,1
5405,2020-02,2020-02,0
1687,2023-10,2023-10,0
7017,2020-09,2020-09,0
8043,2021-03,2023-01,22
5820,2020-07,2020-07,0
9753,2024-10,2024-10,0
7639,2020-02,2021-02,12
8522,2022-06,2022-12,6
4835,2023-01,2023-01,0
9520,2021-10,2022-02,3
2938,2020-09,2023-08,35
8951,2021-02,2021-02,0
6965,2023-10,2023-10,0
8024,2024-02,2024-02,0
2270,2024-06,2025-04,9
1382,2020-11,2020-11,0
3072,2020-08,2020-08,0
3174,2020-04,2020-04,0
6873,2020-05,2020-05,0
9552,2022-08,2023-11,14
7228,2020-08,2020-08,0
1095,2021-10,2021-10,0
7038,2021-01,2021-01,0
8552,2022-04,2023-05,13
6150,2022-07,2022-08,1
8545,2023-03,2023-03,0
2478,2024-06,2024-12,6
8999,2020-03,2021-04,13
4029,2023-02,2023-04,1
9877,2021-08,2023-10,25
3370,2021-09,2023-07,21
7599,2021-03,2024-04,36
5362,2024-02,2024-09,7
8823,2020-12,2022-03,15
2219,2023-04,2023-12,8
5330,2020-06,2022-08,26
5364,2023-08,2024-05,9
6678,2023-01,2024-03,14
8964,2020-12,2022-04,16
6225,2020-01,2020-01,0
3071,2021-05,2021-05,0
3318,2020-12,2020-12,0
9141,2020-03,2020-03,0
1295,2021-02,2023-08,30
2038,2020-03,2020-06,3
6606,2022-08,2022-08,0
8526,2022-07,2023-02,7
5562,2021-03,2022-07,15
3910,2020-09,2021-11,14
6375,2021-04,2021-04,0
1082,2024-10,2024-10,0
9522,2024-12,2024-12,0
3994,2020-07,2024-04,44
8415,2022-09,2022-09,0
7876,2021-03,2024-05,38
7113,2020-01,2025-01,60
1965,2022-01,2022-01,0
1966,2022-06,2024-09,26
7091,2022-01,2022-01,0
3916,2022-04,2022-04,0
2411,2021-06,2025-04,46
2324,2020-12,2024-02,38
6942,2020-03,2020-03,0
1872,2022-10,2024-05,19
4270,2020-03,2020-03,0
2161,2020-06,2024-09,51
6143,2022-02,2023-05,15
8927,2023-03,2023-03,0
2419,2024-05,2024-09,4
6116,2020-10,2020-10,0
5801,2020-09,2025-02,52
3307,2020-11,2023-04,28
8673,2022-05,2022-05,0
4495,2020-01,2020-01,0
6646,2021-02,2024-07,41
5571,2020-07,2020-07,0
7773,2020-06,2020-06,0
9432,2022-12,2025-03,26
4312,2020-02,2024-05,50
2354,2020-12,2020-12,0
2158,2022-01,2022-02,0
1743,2022-07,2022-07,0
7607,2020-05,2024-05,48
2125,2023-04,2024-02,9
4495,2020-01,2020-07,5
6897,2022-06,2022-06,0
4964,2020-10,2020-10,0
7892,2020-10,2020-10,0
5472,2022-01,2024-09,31
1637,2024-12,2025-03,2
4174,2021-03,2024-02,35
5118,2020-07,2024-10,51
9247,2020-04,2020-06,2
3897,2020-06,2020-06,0
7268,2021-10,2024-07,33
5881,2021-04,2021-04,0
9850,2020-05,2020-05,0
1869,2020-03,2021-06,15
5533,2021-08,2022-07,10
6899,2020-01,2022-05,28
6774,2024-03,2024-07,3
3612,2020-06,2021-09,14
1159,2020-10,2022-04,17
6460,2022-06,2023-05,10
2755,2021-11,2021-11,0
6070,2023-03,2023-03,0
2666,2020-02,2020-02,0
2365,2023-07,2023-07,0
9315,2020-07,2020-08,1
1312,2023-11,2024-04,4
8293,2020-04,2021-11,19
3902,2024-04,2024-04,0
7653,2021-01,2024-06,41
4830,2024-02,2024-02,0
2362,2023-12,2023-12,0
2354,2020-12,2022-12,23
8171,2021-09,2021-12,3
6854,2021-01,2024-10,45
1173,2022-02,2022-11,9
1831,2020-04,2023-03,35
6525,2021-11,2021-11,0
3999,2020-03,2021-02,11
5253,2020-06,2020-06,0
6567,2023-08,2023-08,0
1718,2022-09,2023-08,11
2636,2023-11,2024-05,5
4133,2022-01,2023-04,15
1811,2020-08,2020-08,0
6999,2020-11,2023-10,35
2077,2022-03,2022-03,0
5716,2024-01,2024-01,0
4542,2020-05,2020-05,0
1199,2022-03,2022-03,0
2941,2020-01,2021-05,15
3065,2020-04,2022-07,27
8019,2021-02,2022-11,21
5656,2020-05,2024-06,48
5913,2020-04,2020-04,0
4627,2020-11,2021-01,1
3855,2021-02,2021-02,0
6670,2021-08,2022-01,5
7124,2021-10,2023-08,21
3400,2022-11,2022-11,0
2157,2021-10,2021-10,0
8977,2020-10,2020-10,0
1213,2021-10,2023-10,23
8020,2021-07,2023-01,17
1963,2021-03,2024-01,33
8196,2022-05,2025-01,32
4958,2025-03,2025-03,0
5375,2023-05,2023-09,4
4568,2020-12,2021-07,7
5734,2020-07,2022-02,18
7143,2022-05,2023-04,10
1045,2022-09,2022-09,0
7176,2021-01,2023-12,35
6475,2020-11,2021-05,6
3632,2021-01,2023-08,31
2194,2021-03,2021-03,0
6129,2020-02,2021-04,13
4008,2022-07,2022-07,0
9802,2021-06,2022-03,9
2001,2023-05,2023-10,5
3448,2023-04,2023-04,0
6041,2024-10,2024-10,0
2142,2020-02,2025-04,62
1652,2021-09,2023-03,18
1760,2022-09,2023-11,14
9863,2024-11,2024-11,0
9362,2022-09,2023-02,5
3481,2024-07,2024-07,0
2448,2020-03,2023-06,39
4603,2024-04,2024-04,0
1106,2020-06,2020-06,0
6480,2020-02,2020-02,0
6473,2023-09,2023-09,0
9897,2020-10,2020-10,0
4048,2021-06,2021-06,0
7938,2020-04,2023-10,41
1760,2022-09,2022-09,0
7866,2021-01,2021-01,0
1138,2020-07,2021-08,12
8496,2021-06,2023-03,21
4056,2021-05,2025-01,44
8591,2023-12,2023-12,0
3065,2020-04,2023-12,44
2876,2020-04,2020-06,2
3655,2021-01,2022-03,13
1100,2022-02,2022-02,0
3756,2021-03,2022-07,16
3800,2020-06,2024-11,52
3039,2021-03,2025-01,45
1070,2021-06,2024-03,32
2547,2020-05,2021-01,8
9243,2020-01,2022-08,30
7085,2020-05,2025-01,56
2336,2020-02,2025-02,60
8598,2020-02,2024-03,49
3743,2020-06,2020-06,0
7254,2020-12,2020-12,0
1824,2020-02,2023-09,42
4872,2020-12,2025-04,51
4538,2022-11,2022-11,0
3532,2021-08,2023-06,21
8857,2023-01,2023-01,0
5523,2021-09,2021-09,0
1875,2022-03,2022-03,0
3262,2021-02,2021-02,0
3662,2022-06,2024-12,29
4502,2020-08,2021-04,8
3088,2021-03,2023-09,29
3216,2022-05,2025-04,35
1969,2022-06,2022-06,0
5566,2022-07,2022-07,0
4463,2020-01,2023-08,42
9599,2020-06,2020-06,0
7905,2022-01,2022-08,6
4215,2020-05,2021-11,17
3073,2022-05,2024-09,27
1213,2021-10,2021-10,0
4405,2024-08,2024-08,0
3445,2020-03,2023-05,37
3139,2022-01,2022-01,0
6884,2020-10,2020-10,0
2691,2022-11,2022-11,0
4177,2020-09,2020-09,0
9246,2021-01,2021-12,11
1770,2020-07,2023-07,36
4228,2022-10,2023-06,7
6643,2025-01,2025-01,0
4781,2022-09,2024-07,22
8486,2020-02,2020-09,6
2572,2021-10,2024-04,29
3163,2021-11,2021-11,0
1375,2020-04,2020-04,0
2468,2020-06,2020-06,0
2212,2021-04,2024-12,43
1669,2021-07,2024-03,32
9698,2020-03,2020-09,5
5319,2021-08,2021-08,0
9867,2023-10,2023-10,0
7342,2022-09,2022-09,0
2329,2020-09,2023-07,33
2941,2020-01,2022-02,24
9209,2021-01,2021-01,0
7038,2021-01,2024-09,43
7443,2020-09,2022-10,25
7277,2020-05,2024-05,48
3506,2025-02,2025-02,0
7450,2024-03,2025-01,9
5967,2021-01,2023-07,29
5923,2021-09,2024-11,37
8069,2021-06,2022-10,16
6016,2020-08,2020-08,0
4681,2022-01,2024-08,31
1139,2022-03,2022-03,0
7175,2023-12,2023-12,0
3121,2020-02,2020-10,8
3206,2023-10,2023-10,0
2449,2020-05,2020-05,0
5189,2024-07,2024-07,0
3251,2020-10,2020-10,0
6628,2021-02,2021-02,0
6252,2021-10,2021-10,0
2661,2022-07,2025-04,32
1643,2022-10,2024-01,15
2607,2022-12,2022-12,0
3416,2020-03,2022-04,25
6097,2022-01,2022-01,0
2386,2020-06,2024-09,50
7230,2022-05,2022-05,0
6551,2020-10,2020-10,0
5615,2020-05,2022-08,26
6990,2020-03,2020-11,7
9710,2021-03,2024-03,36
5271,2021-04,2022-11,18
4946,2021-10,2021-10,0
6993,2020-10,2020-10,0
9183,2020-06,2022-08,26
5375,2023-05,2023-05,0
7396,2021-09,2024-03,29
5400,2021-03,2021-03,0
7576,2020-07,2020-07,0
5395,2021-05,2022-07,14
6496,2021-11,2021-11,0
4930,2024-01,2024-01,0
8736,2020-06,2020-06,0
7439,2023-04,2023-04,0
9237,2020-04,2020-04,0
8059,2024-07,2025-03,7
3072,2020-08,2021-03,6
5678,2020-09,2023-10,37
1129,2022-06,2022-06,0
6019,2022-12,2022-12,0
4037,2022-04,2022-04,0
3336,2021-11,2021-11,0
7247,2023-02,2023-02,0
3977,2021-01,2022-05,16
1221,2022-09,2022-09,0
3239,2022-02,2022-02,0
2944,2021-09,2021-09,0
3007,2020-04,2022-03,23
1862,2020-03,2022-08,28
9920,2024-08,2024-08,0
3579,2020-07,2020-07,0
5931,2024-02,2025-03,13
4497,2020-10,2020-10,0
8418,2023-01,2024-07,18
8502,2020-06,2024-11,52
1296,2023-03,2023-03,0
2998,2023-04,2024-06,14
6837,2020-03,2022-01,21
2970,2020-08,2021-12,15
9994,2020-12,2023-03,26
5601,2024-06,2025-02,7
6943,2020-03,2020-03,0
5577,2020-12,2020-12,0
8093,2023-08,2023-08,0
8547,2022-11,2022-11,0
9160,2024-12,2024-12,0
4178,2022-08,2022-08,0
1414,2023-10,2023-10,0
6594,2020-02,2021-09,18
4646,2020-02,2023-01,34
8421,2023-07,2023-07,0
7558,2023-01,2025-03,25
4085,2021-01,2024-09,44
2826,2023-04,2023-04,0
1764,2023-11,2023-11,0
6850,2020-06,2020-06,0
9798,2020-01,2020-07,6
6332,2021-03,2021-03,0
1747,2023-09,2024-03,5
8927,2023-03,2023-12,9
3097,2024-08,2025-03,6
6239,2020-09,2022-11,26
2964,2020-01,2023-02,37
5933,2020-07,2021-12,16
3022,2020-02,2020-02,0
7520,2020-11,2020-11,0
2422,2023-05,2023-05,0
1574,2021-02,2021-02,0
7194,2020-11,2020-11,0
3525,2021-04,2022-11,18
3883,2020-09,2022-02,16
4055,2022-06,2025-01,30
8940,2020-01,2021-07,17
3094,2022-07,2022-11,3
6771,2020-12,2020-12,0
4493,2022-06,2024-07,25
3768,2021-09,2022-05,7
8253,2020-10,2022-09,22
4114,2022-04,2022-04,0
3855,2021-02,2022-12,21
8760,2020-04,2023-02,34
6800,2020-04,2020-04,0
7934,2020-09,2022-10,24
6734,2021-01,2021-01,0
7506,2020-01,2025-03,62
8522,2022-06,2022-06,0
7374,2020-05,2025-01,56
9284,2021-05,2023-03,21
7244,2022-10,2024-08,22
9050,2022-01,2022-01,0
2634,2022-12,2022-12,0
4641,2021-08,2024-04,32
3996,2024-04,2024-04,0
8122,2025-03,2025-03,0
9751,2020-07,2022-04,21
8839,2020-03,2024-02,46
5303,2020-03,2020-10,7
4550,2021-11,2021-11,0
3320,2020-01,2020-01,0
9328,2020-11,2024-02,39
5784,2024-10,2024-10,0
6670,2021-08,2021-08,0
3527,2022-08,2022-10,1
4016,2021-05,2021-05,0
7635,2022-07,2022-07,0
6530,2021-08,2025-01,40
1807,2020-03,2021-05,14
8844,2021-09,2021-10,0
2092,2023-07,2023-07,0
9709,2022-09,2023-10,12
9057,2021-07,2021-07,0
1103,2021-05,2023-07,25
4753,2021-09,2023-03,18
2999,2020-03,2022-06,27
3432,2020-05,2020-05,0
2175,2020-06,2023-12,41
3859,2022-06,2022-06,0
9334,2020-08,2025-03,55
7542,2022-06,2024-12,29
8758,2021-02,2021-02,0
2036,2021-12,2023-01,13
8801,2023-05,2024-02,9
5119,2021-09,2021-09,0
2102,2020-02,2025-03,61
5385,2022-01,2022-05,4
6606,2022-08,2023-05,9
1277,2021-11,2022-12,13
2496,2022-03,2022-03,0
4465,2020-03,2020-03,0
9964,2021-10,2022-03,4
1986,2022-10,2022-10,0
3246,2020-01,2020-01,0
8120,2024-07,2024-07,0
1244,2020-05,2024-10,52
9128,2023-01,2023-12,11
2471,2023-11,2023-11,0
4306,2022-02,2022-02,0
8045,2020-11,2022-04,16
7611,2021-01,2021-01,0
8436,2021-04,2021-04,0
9572,2020-10,2020-10,0
3702,2021-07,2021-07,0
4790,2021-05,2021-05,0
4037,2022-04,2023-04,12
7379,2022-01,2022-01,0
8542,2020-03,2023-08,41
9690,2020-11,2020-11,0
9924,2021-02,2023-12,33
4407,2021-01,2023-06,28
6058,2020-06,2022-07,24
2502,2023-01,2024-10,20
6387,2020-07,2020-07,0
9396,2024-06,2024-06,0
6486,2020-04,2020-04,0
3371,2021-12,2021-12,0
2134,2021-05,2021-05,0
6719,2020-03,2022-12,33
5461,2023-06,2023-06,0
8472,2021-03,2022-12,20
8863,2022-05,2025-01,31
1019,2023-12,2024-04,4
8606,2020-01,2020-06,5
9925,2020-02,2020-09,7
9133,2020-03,2020-03,0
8337,2020-10,2021-10,12
2458,2020-05,2020-07,2
7318,2020-01,2020-01,0
1553,2025-03,2025-03,0
1541,2021-04,2021-04,0
6783,2022-07,2022-07,0
8704,2023-10,2025-03,17
7326,2020-03,2020-03,0
7989,2020-07,2023-11,39
8231,2020-12,2022-10,22
6867,2020-07,2022-04,20
7228,2020-08,2022-02,17
1811,2020-08,2023-09,36
8634,2023-07,2023-07,0
7029,2020-10,2023-04,29
9667,2021-06,2021-06,0
4381,2023-04,2023-10,6
2283,2020-08,2020-08,0
5751,2022-09,2022-09,0
6495,2021-07,2024-11,40
5615,2020-05,2024-01,43
5063,2024-09,2024-09,0
5288,2023-07,2023-12,5
4627,2020-11,2020-11,0
2195,2021-03,2024-04,36
2987,2020-12,2020-12,0
5007,2020-01,2020-01,0
5234,2023-01,2023-01,0
5670,2021-03,2021-03,0
7716,2021-09,2022-11,13
3807,2020-04,2022-12,31
6377,2024-09,2024-09,0
8815,2024-11,2024-11,0
9735,2020-08,2025-02,54
5417,2020-01,2020-01,0
2697,2020-10,2021-12,14
8299,2022-06,2022-06,0
3839,2021-02,2022-05,15
1710,2020-03,2020-10,6
9496,2020-05,2020-05,0
7763,2021-10,2024-08,33
3161,2024-01,2024-01,0
1610,2022-02,2022-09,7
5944,2023-04,2023-11,7
5987,2021-05,2024-08,39
3431,2021-11,2022-01,2
1894,2020-11,2020-11,0
6828,2020-11,2020-11,0
4342,2024-08,2024-08,0
6461,2023-08,2023-08,0
9663,2025-03,2025-03,0
4118,2020-02,2021-12,22
8722,2023-04,2024-06,13
8049,2023-08,2023-08,0
4578,2021-07,2024-05,33
6906,2023-06,2025-01,19
5249,2020-12,2020-12,0
7355,2020-11,2023-07,31
4650,2020-10,2020-10,0
7078,2022-08,2025-01,29
5859,2020-02,2020-02,0
7674,2020-12,2021-01,1
3223,2020-04,2023-09,41
4193,2021-08,2021-08,0
4000,2024-09,2024-09,0
2765,2020-12,2025-04,52
8385,2020-05,2020-08,2
9264,2020-04,2020-04,0
7492,2020-03,2020-03,0
1459,2023-02,2025-03,24
6141,2023-11,2024-05,5
5597,2021-01,2021-04,3
1821,2021-09,2021-09,0
2469,2022-06,2022-06,0
8178,2022-05,2023-07,13
8631,2020-03,2020-03,0
5949,2020-08,2020-08,0
1957,2022-06,2022-06,0
7006,2021-06,2021-06,0
3653,2020-10,2023-01,27
5592,2021-05,2021-05,0
3968,2022-07,2022-07,0
3612,2020-06,2023-11,40
9524,2020-11,2022-04,16
4830,2024-02,2024-11,8
3202,2020-08,2024-08,48
2766,2021-05,2022-07,13
4763,2020-10,2020-10,0
5155,2024-03,2024-03,0
2109,2022-10,2022-10,0
8008,2021-06,2021-07,1
1175,2020-04,2020-04,0
3326,2020-06,2021-07,13
6691,2021-10,2021-10,0
5081,2024-01,2024-01,0
3843,2020-01,2020-01,0
4450,2021-02,2023-05,27
4781,2022-09,2022-09,0
5232,2022-02,2022-02,0
4850,2021-10,2022-10,11
3159,2020-05,2022-07,25
5849,2022-04,2022-06,2
1268,2020-12,2020-12,0
3671,2020-07,2020-07,0
3169,2022-07,2024-07,23
1958,2020-04,2024-05,49
7776,2020-08,2020-08,0
9953,2022-10,2022-10,0
8803,2022-01,2024-04,26
9113,2022-05,2024-02,21
7781,2024-05,2024-05,0
3996,2024-04,2025-01,9
7329,2023-08,2024-02,5
4725,2020-08,2024-12,52
3524,2020-07,2020-07,0
3430,2020-01,2021-11,21
3947,2020-04,2021-05,12
1657,2021-01,2024-06,41
6623,2020-03,2021-03,11
5616,2020-09,2020-09,0
3415,2021-02,2021-12,10
5081,2024-01,2024-01,0
2250,2020-04,2020-04,0
3129,2020-07,2024-07,47
2953,2020-07,2023-10,38
1687,2023-10,2024-04,6
7814,2024-03,2024-03,0
1819,2020-04,2020-04,0
8445,2020-09,2020-09,0
5773,2022-05,2022-05,0
4695,2020-05,2020-11,5
2696,2020-02,2020-02,0
5125,2023-01,2023-01,0
6215,2020-04,2023-10,41
9093,2022-01,2022-01,0
3328,2021-06,2021-06,0
5170,2020-04,2024-11,55
8444,2021-12,2021-12,0
6909,2021-09,2023-03,18
3364,2020-11,2023-04,29
7174,2020-06,2020-06,0
5270,2022-05,2022-05,0
7266,2022-11,2023-06,7
4199,2024-11,2024-11,0
9840,2020-09,2022-02,16
5749,2021-08,2021-08,0
1303,2023-07,2023-07,0
9177,2020-12,2025-04,52
6416,2021-06,2024-09,39
1340,2020-01,2020-01,0
7130,2022-06,2022-06,0
9314,2021-01,2023-04,26
6131,2021-02,2021-02,0
8343,2021-01,2021-05,3
3976,2021-09,2021-09,0
4427,2020-12,2023-06,30
6186,2023-10,2023-10,0
4030,2020-10,2021-11,13
8768,2020-11,2020-11,0
3621,2020-12,2023-03,27
3516,2020-09,2020-09,0
7543,2020-10,2021-03,4
3322,2023-03,2023-03,0
1455,2020-04,2021-12,19
3583,2020-05,2021-11,17
2917,2023-03,2023-10,6
4577,2023-07,2023-07,0
6205,2021-01,2021-01,0
7590,2021-10,2022-06,7
8590,2020-08,2024-11,51
7694,2020-07,2022-08,25
5860,2022-06,2022-06,0
1700,2020-03,2021-08,16
6492,2024-11,2025-03,4
9427,2020-12,2022-11,23
6564,2021-05,2024-11,41
2752,2021-10,2022-05,6
1662,2020-08,2020-08,0
9756,2021-08,2021-08,0
3572,2020-06,2025-02,56
2371,2021-05,2025-03,46
2546,2021-05,2021-07,2
2249,2022-04,2022-04,0
9378,2020-10,2020-10,0
7102,2020-07,2020-07,0
9903,2020-04,2021-07,14
7577,2020-01,2020-01,0
2703,2024-02,2024-02,0
9697,2020-07,2020-07,0
9802,2021-06,2021-06,0
6006,2021-07,2023-03,19
1015,2020-12,2021-03,2
3910,2020-09,2020-09,0
9156,2023-11,2024-08,9
8871,2020-11,2022-02,15
9532,2020-09,2020-09,0
7352,2024-03,2024-03,0
7542,2022-06,2022-06,0
2945,2020-12,2022-11,22
3118,2022-02,2024-06,28
3953,2020-08,2022-08,24
8145,2022-02,2023-01,10
2230,2020-08,2020-08,0
6007,2022-02,2022-02,0
5658,2023-08,2024-02,5
9714,2020-07,2024-05,45
5610,2021-09,2024-05,31
2833,2020-12,2023-06,29
8315,2022-03,2022-03,0
5549,2020-04,2021-06,14
2581,2023-04,2023-04,0
4263,2020-02,2025-01,59
1326,2021-04,2022-08,15
7918,2020-08,2022-12,27
3754,2020-05,2023-02,33
1088,2021-05,2021-05,0
3642,2024-09,2024-09,0
9912,2022-07,2022-11,3
1063,2020-06,2023-01,30
6351,2020-01,2022-09,31
5002,2021-03,2024-11,44
1031,2021-11,2021-11,0
3651,2020-05,2020-06,1
3800,2020-06,2021-06,11
2023,2022-02,2022-02,0
9748,2020-09,2023-03,30
8493,2020-01,2020-10,9
4721,2021-01,2022-01,12
4388,2025-03,2025-03,0
7313,2021-10,2023-03,16
4514,2022-10,2022-10,0
2364,2021-07,2022-01,5
2868,2022-06,2023-04,9
7594,2021-07,2021-07,0
2716,2022-11,2022-11,0
5992,2021-04,2021-05,1
1013,2022-02,2022-08,6
3540,2021-08,2021-12,4
4295,2025-02,2025-02,0
3496,2022-05,2022-05,0
9324,2020-04,2020-04,0
6723,2023-08,2023-08,0
2037,2024-03,2024-03,0
1324,2020-12,2025-03,51
9077,2020-08,2024-09,48
1711,2022-05,2022-07,1
7065,2022-07,2022-07,0
1102,2023-04,2023-04,0
9563,2021-06,2023-09,27
5364,2023-08,2023-08,0
3087,2020-06,2022-10,27
7713,2021-02,2021-02,0
2813,2023-07,2023-07,0
7864,2020-10,2021-03,4
5046,2023-11,2023-11,0
6733,2020-10,2023-07,32
1272,2020-09,2022-11,25
3468,2023-04,2023-04,0
7039,2021-01,2023-10,32
9746,2021-11,2023-06,19
6798,2020-01,2021-04,14
3266,2023-07,2023-07,0
6047,2022-03,2024-08,28
3662,2022-06,2023-06,11
5470,2020-12,2020-12,0
1147,2020-10,2020-10,0
5880,2023-09,2023-09,0
1368,2020-04,2020-04,0
8785,2020-10,2021-03,5
7750,2021-09,2023-03,18
2031,2025-04,2025-04,0
7493,2021-01,2022-10,20
1063,2020-06,2020-06,0
8492,2021-10,2021-10,0
9159,2020-04,2021-07,14
5656,2020-05,2020-05,0
9340,2020-05,2025-02,56
9258,2024-07,2024-07,0
7733,2022-09,2022-09,0
8509,2020-01,2020-01,0
6625,2023-12,2025-04,15
9788,2020-06,2021-10,16
7239,2024-09,2024-09,0
9744,2022-12,2022-12,0
6177,2020-07,2024-08,48
3730,2020-03,2020-03,0
7463,2020-04,2020-04,0
3800,2020-06,2020-06,0
3687,2023-09,2023-09,0
1640,2020-01,2021-01,12
2002,2021-10,2021-10,0
3935,2020-07,2021-03,8
6874,2023-02,2023-02,0
1008,2020-04,2024-05,49
4112,2020-07,2020-07,0
6404,2020-06,2020-06,0
9861,2020-09,2020-09,0
8761,2022-06,2022-09,3
2736,2022-02,2023-07,17
4875,2020-06,2020-06,0
7071,2020-09,2020-09,0
1010,2020-07,2020-08,0
6651,2020-05,2021-01,7
7607,2020-05,2024-10,53
6830,2022-02,2023-05,15
6856,2020-09,2020-09,0
5277,2022-07,2022-07,0
8180,2025-03,2025-03,0
5820,2020-07,2022-09,26
1848,2021-03,2023-03,24
1319,2020-12,2023-08,32
8734,2024-07,2024-07,0
1572,2023-10,2023-10,0
4343,2021-10,2021-10,0
3013,2024-04,2024-04,0
5843,2020-12,2020-12,0
3154,2022-04,2024-01,20
7445,2021-01,2021-01,0
6618,2021-06,2021-06,0
7567,2020-01,2020-05,3
3700,2020-07,2022-07,23
7190,2023-01,2023-01,0
2914,2020-03,2020-03,0
8146,2024-03,2025-01,10
6167,2021-02,2021-02,0
4018,2020-05,2020-05,0
3046,2020-01,2020-07,5
4865,2023-03,2023-10,7
5831,2022-03,2024-07,27
5237,2021-03,2024-03,36
7370,2020-12,2024-02,37
6335,2020-12,2020-12,0
8161,2021-08,2025-03,42
4797,2020-01,2024-11,57
1100,2022-02,2024-06,27
3247,2020-07,2020-07,0
6696,2023-06,2023-06,0
1923,2020-02,2020-02,0
7461,2022-12,2024-08,20
2497,2021-07,2021-07,0
8738,2022-11,2022-11,0
3345,2023-02,2023-02,0
9104,2022-01,2022-01,0
9782,2020-01,2023-07,42
5036,2022-11,2023-03,4
6259,2022-11,2024-07,19
6320,2020-09,2020-09,0
6001,2021-05,2021-05,0
3292,2020-08,2021-01,5
2661,2022-07,2022-07,0
6368,2021-03,2021-03,0
2376,2021-02,2021-04,1
6504,2020-10,2020-10,0
1772,2020-06,2024-02,43
2519,2025-02,2025-02,0
6034,2021-10,2021-10,0
6998,2021-05,2021-10,5
3312,2020-01,2020-01,0
5846,2023-06,2023-10,3
2951,2020-10,2020-10,0
8527,2020-02,2020-02,0
4328,2020-08,2022-07,23
9000,2022-02,2022-02,0
4641,2021-08,2022-09,13
4567,2021-11,2023-05,18
4293,2024-02,2024-02,0
9538,2021-02,2021-02,0
7997,2020-01,2022-06,29
8773,2021-03,2021-03,0
2119,2022-11,2024-06,18
8862,2020-04,2021-03,11
1157,2021-06,2023-10,27
8123,2020-02,2020-02,0
2025,2021-10,2024-06,31
8293,2020-04,2021-07,15
6352,2023-10,2023-12,1
6364,2020-02,2024-11,57
9386,2021-01,2021-01,0
2759,2023-11,2023-11,0
8837,2020-08,2020-08,0
7250,2020-05,2023-01,32
8851,2020-03,2023-01,33
3663,2024-07,2024-07,0
2069,2021-06,2021-06,0
4439,2022-08,2023-03,7
5209,2020-04,2020-08,4
8045,2020-11,2024-04,40
1862,2020-03,2020-03,0
1475,2020-08,2020-08,0
1790,2020-08,2020-09,1
6575,2023-09,2023-09,0
1277,2021-11,2022-12,12
6576,2022-06,2022-06,0
2392,2020-04,2021-05,13
9553,2022-08,2022-08,0
3788,2021-07,2021-07,0
5537,2024-06,2024-12,6
9465,2024-04,2024-04,0
8500,2021-12,2021-12,0
3796,2022-03,2022-03,0
9032,2021-09,2021-09,0
6710,2020-04,2020-04,0
9492,2021-06,2021-06,0
1841,2022-02,2022-07,4
8227,2021-03,2022-02,10
9827,2020-02,2020-02,0
2212,2021-04,2024-04,36
9664,2021-10,2021-10,0
8403,2020-02,2020-02,0
1235,2021-05,2021-05,0
9669,2020-07,2020-07,0
6385,2024-07,2024-07,0
4376,2021-04,2022-05,13
9570,2020-12,2021-08,7
2717,2023-11,2023-11,0
4565,2022-09,2022-09,0
9653,2022-12,2023-12,11
9787,2020-12,2020-12,0
5026,2020-06,2022-06,23
9827,2020-02,2022-06,28
1186,2024-11,2024-11,0
3734,2023-09,2023-09,0
8667,2021-03,2022-06,15
6171,2023-09,2024-12,15
7929,2021-11,2022-03,3
7122,2020-05,2020-05,0
6129,2020-02,2020-04,1
1338,2024-09,2025-03,6
1194,2020-01,2021-02,12
6216,2020-08,2022-06,22
7464,2021-11,2025-04,40
2991,2025-02,2025-02,0
2307,2020-09,2020-09,0
3058,2025-04,2025-04,0
6036,2020-04,2024-12,56
6727,2022-04,2022-04,0
7989,2020-07,2021-02,6
9701,2022-10,2022-10,0
2655,2021-08,2024-08,36
3015,2023-02,2023-02,0
1999,2022-04,2022-04,0
4476,2023-08,2023-08,0
7561,2020-09,2021-09,11
9698,2020-03,2022-03,23
7587,2022-03,2022-03,0
2292,2020-05,2020-05,0
9350,2021-02,2021-02,0
5019,2021-04,2023-02,21
1988,2022-03,2022-03,0
6470,2024-10,2024-10,0
2480,2020-02,2022-06,28
8378,2020-12,2020-12,0
6477,2020-11,2024-11,47
4922,2020-08,2025-01,53
4046,2024-06,2024-06,0
2659,2022-07,2022-07,0
7437,2020-06,2024-12,53
1697,2020-04,2022-02,21
4931,2025-04,2025-04,0
8486,2020-02,2024-04,49
9924,2021-02,2021-02,0
7196,2021-11,2021-11,0
5085,2024-07,2025-04,8
2346,2022-04,2025-04,35
5201,2023-12,2023-12,0
7753,2021-09,2021-09,0
8566,2023-09,2024-01,4
4354,2024-11,2024-11,0
5908,2020-05,2024-07,50
1702,2020-01,2020-01,0
1613,2023-06,2023-06,0
9959,2025-01,2025-01,0
4506,2021-09,2022-05,8
8972,2021-11,2024-10,35
3200,2021-01,2021-01,0
2678,2020-11,2025-01,50
5433,2022-09,2022-09,0
4766,2022-06,2022-06,0
1354,2023-04,2023-04,0
1735,2020-02,2023-07,41
5261,2020-12,2021-05,4
1058,2024-12,2024-12,0
9284,2021-05,2021-05,0
9341,2021-02,2024-10,43
6241,2020-01,2023-03,38
2833,2020-12,2022-04,16
6384,2020-11,2023-08,32
3224,2020-05,2021-01,7
8430,2020-05,2021-03,9
1348,2021-03,2021-03,0
2963,2025-03,2025-03,0
5439,2024-03,2024-05,1
4327,2020-12,2021-08,8
9255,2024-05,2024-05,0
9310,2020-01,2020-01,0
8698,2021-09,2021-09,0
6884,2020-10,2021-02,3
4834,2021-04,2021-04,0
8780,2022-03,2023-05,14
2544,2021-04,2022-06,13
1204,2020-07,2020-07,0
6719,2020-03,2020-03,0
7867,2020-05,2023-07,38
9928,2021-05,2024-11,41
6712,2021-06,2021-11,4
1647,2021-12,2021-12,0
3791,2023-10,2023-10,0
2392,2020-04,2024-04,48
6834,2022-05,2025-04,35
1119,2020-01,2020-01,0
2086,2020-03,2023-06,39
9105,2022-03,2022-03,0
5458,2020-08,2020-08,0
3614,2020-05,2020-05,0
2233,2021-12,2021-12,0
6071,2020-01,2020-09,8
3366,2022-07,2024-10,26
9912,2022-07,2025-02,30
8776,2020-04,2024-05,49
5190,2020-03,2021-12,21
7666,2020-03,2020-03,0
7114,2020-07,2024-07,48
5891,2021-05,2023-08,26
5745,2020-02,2022-09,31
4505,2022-03,2023-07,15
2767,2021-03,2021-03,0
1845,2022-03,2022-03,0
7268,2021-10,2024-09,35
7250,2020-05,2023-04,34
1196,2020-08,2020-08,0
8350,2021-05,2021-05,0
1918,2021-02,2023-02,23
1575,2020-06,2020-06,0
4873,2024-06,2024-06,0
3220,2021-01,2021-01,0
4220,2020-06,2021-03,9
1510,2021-03,2024-03,36
8795,2020-04,2023-07,39
1981,2020-04,2020-04,0
3237,2022-06,2022-06,0
1201,2021-02,2021-02,0
4542,2020-05,2021-02,8
4104,2024-11,2024-11,0
8396,2020-01,2022-05,27
2788,2022-11,2022-11,0
1675,2020-07,2020-07,0
2238,2024-09,2024-09,0
3335,2025-04,2025-04,0
5159,2023-11,2023-11,0
5576,2021-05,2021-05,0
9126,2020-12,2020-12,0
9964,2021-10,2021-12,1
8765,2020-09,2023-12,39
5207,2024-06,2024-06,0
1881,2021-07,2021-10,2
4695,2020-05,2020-05,0
3158,2020-02,2021-01,11
2521,2020-12,2021-01,1
3360,2021-09,2023-02,17
5421,2022-07,2024-05,22
1278,2021-01,2021-01,0
8308,2020-06,2023-04,33
3953,2020-08,2023-10,38
4411,2020-01,2020-07,5
6785,2020-12,2023-04,27
3138,2020-09,2021-08,11
8628,2020-02,2025-02,60
1394,2020-12,2022-02,13
3194,2021-09,2021-09,0
6883,2020-05,2020-05,0
2834,2021-03,2021-03,0
2732,2024-03,2024-03,0
2809,2022-09,2022-09,0
2489,2022-01,2022-01,0
9855,2023-01,2023-04,3
5678,2020-09,2020-09,0
7776,2020-08,2022-05,21
8011,2021-01,2021-01,0
7902,2023-08,2025-01,16
7215,2020-10,2020-10,0
9195,2021-02,2022-10,19
8474,2021-10,2021-10,0
4780,2020-11,2020-11,0
2451,2021-10,2021-10,0
1532,2020-03,2021-07,15
3140,2022-04,2022-04,0
1714,2021-08,2021-08,0
9668,2021-06,2025-01,43
7439,2023-04,2024-06,14
3094,2022-07,2022-07,0
4775,2023-08,2024-02,6
9353,2023-01,2023-07,6
1640,2020-01,2020-01,0
4670,2021-01,2021-01,0
7721,2021-03,2021-03,0
4071,2023-12,2023-12,0
3755,2020-01,2023-02,37
4265,2022-01,2022-01,0
3431,2021-11,2021-11,0
6387,2020-07,2021-09,14
4568,2020-12,2021-08,8
1297,2020-08,2023-09,36
5074,2020-06,2020-06,0
7607,2020-05,2020-05,0
2822,2022-05,2022-05,0
9456,2025-03,2025-03,0
2474,2022-06,2022-06,0
7655,2024-02,2024-12,10
2512,2023-09,2025-03,17
3494,2021-03,2024-06,38
9101,2020-04,2020-04,0
9715,2020-11,2021-07,8
8533,2020-04,2025-03,59
1732,2020-11,2025-03,52
6518,2020-08,2024-10,50
9972,2025-02,2025-02,0
7365,2020-05,2022-07,25
1377,2021-06,2023-03,20
9438,2023-08,2023-08,0
5080,2022-12,2023-06,6
5002,2021-03,2021-03,0
2574,2021-10,2022-12,14
6215,2020-04,2020-07,3
7051,2022-01,2025-01,35
9212,2024-04,2024-04,0
6063,2020-06,2024-05,46
4098,2021-07,2024-01,29
1197,2021-10,2023-06,19
6307,2020-09,2020-09,0
7764,2021-05,2024-07,37
6269,2020-09,2024-09,47
5102,2020-12,2020-12,0
5478,2021-12,2024-04,28
8235,2020-04,2020-04,0
2564,2020-02,2020-09,6
5374,2022-03,2023-03,12
1262,2020-12,2024-05,40
9832,2024-06,2024-12,6
9306,2022-04,2024-03,23
4645,2020-03,2020-03,0
5734,2020-07,2023-10,39
7407,2022-02,2022-02,0
6679,2020-11,2020-11,0
9140,2024-01,2024-05,4
3227,2023-03,2023-03,0
4156,2021-05,2022-10,16
4641,2021-08,2021-08,0
1285,2024-08,2025-03,7
3612,2020-06,2025-03,56
3285,2020-08,2021-07,11
2756,2022-08,2022-11,3
7859,2022-07,2024-12,29
3894,2020-08,2021-02,5
6668,2024-03,2024-03,0
7513,2022-03,2024-05,26
1996,2021-11,2021-11,0
4589,2020-03,2023-05,37
7691,2021-05,2024-01,32
3093,2022-09,2022-09,0
3348,2020-02,2020-02,0
2470,2021-08,2021-08,0
3879,2022-01,2022-01,0
7999,2020-06,2020-06,0
3049,2022-02,2022-07,4
9722,2021-04,2023-10,30
9155,2021-05,2021-05,0
6326,2020-05,2020-11,6
5236,2020-09,2023-04,30
1753,2021-11,2025-01,37
3911,2021-08,2021-08,0
7864,2020-10,2020-10,0
5912,2021-03,2022-02,11
2754,2020-08,2025-02,54
4876,2021-10,2021-10,0
4358,2020-03,2021-09,18
9057,2021-07,2024-01,30
4848,2021-02,2021-02,0
2361,2023-07,2023-07,0
9761,2021-02,2021-11,9
2663,2023-02,2023-02,0
8517,2022-04,2022-04,0
7459,2021-07,2022-07,12
9345,2023-01,2023-01,0
7347,2020-05,2022-01,20
7556,2024-10,2024-10,0
5522,2024-03,2024-03,0
8240,2021-03,2022-07,16
9942,2023-03,2023-03,0
5807,2021-11,2021-11,0
3615,2021-08,2021-12,4
4402,2021-04,2023-01,20
7763,2021-10,2021-10,0
9360,2020-07,2020-07,0
8919,2022-05,2022-05,0
3057,2021-12,2023-07,19
4432,2020-02,2021-03,12
7869,2020-06,2020-06,0
9973,2022-07,2024-02,18
3470,2025-02,2025-02,0
8091,2021-02,2022-09,18
6837,2020-03,2020-03,0
3819,2022-09,2024-09,23
5528,2021-07,2021-07,0
2440,2022-07,2022-07,0
9078,2021-03,2025-02,47
2315,2020-04,2023-03,34
5080,2022-12,2022-12,0
8029,2022-01,2022-01,0
6527,2020-06,2022-05,22
9199,2020-10,2021-05,6
3928,2020-04,2022-06,26
9467,2020-02,2024-05,51
9795,2020-10,2020-10,0
7638,2022-07,2022-07,0
6690,2020-04,2025-02,57
1716,2020-01,2024-07,54
7079,2025-04,2025-04,0
5570,2023-05,2023-05,0
4055,2022-06,2025-03,32
2940,2021-08,2021-08,0
6094,2021-02,2022-01,11
7944,2023-05,2023-05,0
9137,2022-06,2022-06,0
9277,2023-03,2023-03,0
4319,2020-01,2024-02,49
4303,2021-03,2021-03,0
1810,2024-10,2024-10,0
1531,2020-07,2022-01,18
5879,2022-04,2022-04,0
2913,2023-05,2023-05,0
9132,2021-07,2024-02,30
8645,2020-02,2025-02,60
7798,2020-08,2024-06,46
2719,2020-04,2020-04,0
3549,2020-02,2022-06,28
1834,2020-11,2023-04,28
2614,2020-06,2023-08,38
8645,2020-02,2020-02,0
6974,2023-09,2023-09,0
2973,2022-03,2024-04,24
6582,2020-09,2020-09,0
3713,2020-02,2023-04,38
8742,2021-09,2021-10,0
9658,2022-06,2022-06,0
9562,2024-12,2024-12,0
3254,2022-03,2024-01,22
1921,2025-02,2025-02,0
2834,2021-03,2021-11,8
7991,2022-02,2024-10,31
9388,2020-01,2020-10,9
8700,2021-08,2025-02,42
3126,2022-01,2022-01,0
7294,2022-08,2023-09,13
2976,2020-11,2020-11,0
6551,2020-10,2023-02,27
8330,2021-10,2021-10,0
2737,2021-07,2022-09,14
3982,2022-11,2022-11,0
1244,2020-05,2020-12,7
9995,2022-01,2024-03,26
8627,2021-05,2021-05,0
1515,2021-06,2021-06,0
5208,2021-09,2024-05,32
4181,2024-07,2024-09,2
4494,2020-11,2020-11,0
3658,2020-03,2020-03,0
7401,2022-02,2022-02,0
7265,2020-01,2022-08,30
5252,2020-06,2022-04,21
1326,2021-04,2021-04,0
6841,2020-02,2020-02,0
2939,2020-05,2020-05,0
3327,2022-12,2022-12,0
2891,2023-03,2023-05,1
3378,2021-09,2025-01,39
8869,2022-11,2024-03,15
4237,2021-06,2021-06,0
9563,2021-06,2021-06,0
5621,2020-11,2025-04,52
2843,2021-02,2021-02,0
3243,2021-04,2021-04,0
9247,2020-04,2020-06,2
1167,2020-01,2020-01,0
7964,2023-11,2023-11,0
1253,2024-01,2024-05,3
1767,2020-04,2020-04,0
2167,2020-12,2025-03,51
6975,2020-01,2020-01,0
7359,2022-04,2022-04,0
5015,2021-05,2021-05,0
6406,2021-02,2025-02,48
2486,2021-11,2021-11,0
1279,2022-08,2022-08,0
9170,2020-09,2020-09,0
9037,2020-05,2020-05,0
7954,2021-08,2021-11,3
6243,2021-01,2023-12,34
6520,2021-03,2021-03,0
3241,2020-12,2020-12,0
8357,2021-02,2025-02,47
2613,2021-02,2021-02,0
7096,2021-08,2023-06,22
9301,2020-07,2023-08,37
5253,2020-06,2023-09,38
1747,2023-09,2023-09,0
8567,2020-05,2022-08,27
7280,2020-02,2024-10,55
5795,2020-11,2022-07,19
7058,2021-04,2025-04,48
8578,2020-08,2022-01,16
6867,2020-07,2024-04,44
1447,2021-12,2023-09,20
9192,2020-12,2021-11,10
7295,2022-11,2025-02,27
8875,2023-03,2023-03,0
4766,2022-06,2023-10,16
2002,2021-10,2024-11,36
6210,2021-03,2021-03,0
9684,2020-01,2021-01,12
8246,2020-11,2023-12,36
5943,2021-09,2021-09,0
8520,2020-06,2020-06,0
1816,2022-02,2022-02,0
6444,2022-03,2022-03,0
9652,2020-11,2021-11,12
8387,2022-09,2024-05,20
5919,2021-07,2024-05,33
7825,2022-08,2022-10,2
1168,2020-11,2021-05,5
4389,2020-02,2020-02,0
4383,2025-03,2025-03,0
9986,2022-06,2025-04,34
8796,2020-10,2022-01,15
6867,2020-07,2022-03,19
9667,2021-06,2024-09,38
8785,2020-10,2021-03,4
1494,2022-08,2023-08,11
9574,2021-02,2021-02,0
4829,2021-12,2021-12,0
6482,2020-06,2024-02,44
5255,2020-10,2020-10,0
9598,2020-04,2020-08,3
3372,2022-07,2023-02,6
7850,2021-12,2023-09,20
8362,2020-12,2022-02,14
1144,2021-08,2024-01,29
6270,2020-10,2020-10,0
8760,2020-04,2024-04,47
9188,2021-07,2021-07,0
5172,2023-02,2023-02,0
1452,2020-07,2020-07,0
5254,2020-04,2020-04,0
8812,2020-06,2020-06,0
3133,2020-10,2020-10,0
3953,2020-08,2024-07,47
3874,2024-03,2024-03,0
8899,2021-01,2021-11,10
8615,2023-10,2023-10,0
9029,2023-02,2023-02,0
9057,2021-07,2021-11,3
1937,2024-12,2024-12,0
9899,2020-09,2020-09,0
5394,2020-03,2020-07,3
4812,2021-04,2023-10,29
2696,2020-02,2025-01,58
1128,2024-03,2024-03,0
4066,2020-10,2023-02,27
7770,2020-11,2020-11,0
1227,2021-05,2021-09,4
4020,2022-08,2023-05,8
9117,2020-08,2023-12,40
7919,2020-06,2021-12,18
8382,2023-02,2023-02,0
4539,2020-05,2022-07,26
7554,2021-08,2021-08,0
1644,2020-05,2020-05,0
1176,2021-04,2024-07,38
4248,2020-07,2024-03,43
8517,2022-04,2022-09,5
7172,2021-09,2021-09,0
8218,2020-08,2020-08,0
8267,2020-06,2020-06,0
1087,2020-03,2020-03,0
1532,2020-03,2021-04,12
5261,2020-12,2022-01,12
6325,2021-05,2024-07,38
4587,2020-05,2020-05,0
3084,2021-06,2025-01,42
9081,2022-10,2022-10,0
3622,2022-03,2022-03,0
7350,2020-07,2020-12,5
1782,2020-05,2020-05,0
8032,2020-04,2024-07,50
7877,2022-08,2022-08,0
6425,2023-02,2023-06,3
3723,2021-03,2021-03,0
6831,2024-10,2024-10,0
9015,2020-12,2023-11,34
7121,2022-06,2022-06,0
1009,2021-09,2021-09,0
8124,2024-09,2024-09,0
7859,2022-07,2023-04,8
7763,2021-10,2022-07,8
3779,2020-11,2023-01,25
2692,2022-12,2022-12,0
1761,2020-09,2020-09,0
7085,2020-05,2024-11,54
4902,2023-02,2025-03,25
5244,2020-11,2020-11,0
4689,2023-10,2023-10,0
6709,2023-10,2023-10,0
4379,2020-01,2023-04,38
5008,2020-12,2020-12,0
3522,2021-12,2021-12,0
6429,2021-01,2024-11,45
2859,2020-08,2020-08,0
4706,2020-02,2020-02,0
6383,2021-01,2022-11,21
1547,2021-12,2021-12,0
9262,2024-10,2024-10,0
5666,2022-07,2022-07,0
4172,2020-01,2022-07,30
4157,2020-05,2022-06,25
5035,2021-12,2021-12,0
7991,2022-02,2022-02,0
1436,2020-07,2022-01,17
9820,2022-12,2023-05,5
3006,2021-04,2021-04,0
5427,2021-10,2023-05,19
1942,2020-10,2020-10,0
7435,2023-11,2023-11,0
3193,2020-03,2025-04,61
3337,2024-08,2024-08,0
7577,2020-01,2025-01,60
8533,2020-04,2020-04,0
5552,2020-10,2023-02,27
7290,2021-07,2022-04,9
2522,2021-06,2022-09,15
6601,2024-09,2024-09,0
3169,2022-07,2022-07,0
2245,2020-06,2025-03,56
8890,2020-11,2023-05,30
7566,2021-03,2021-04,0
5490,2020-10,2021-05,6
9334,2020-08,2022-09,25
5126,2022-10,2024-10,23
1416,2020-03,2021-09,18
2973,2022-03,2024-03,23
1433,2021-01,2021-01,0
3594,2021-01,2023-08,30
5400,2021-03,2021-11,7
5431,2022-06,2024-08,26
2734,2020-01,2020-01,0
4772,2020-05,2020-05,0
1162,2021-04,2021-04,0
4438,2022-02,2025-02,35
2644,2023-06,2024-09,15
5907,2025-01,2025-02,0
9477,2020-10,2020-10,0
8552,2022-04,2022-04,0
8637,2021-07,2021-07,0
7133,2023-07,2023-07,0
3151,2022-07,2022-11,4
9220,2021-07,2022-05,9
5167,2022-09,2022-09,0
6264,2024-11,2024-11,0
2793,2024-01,2024-01,0
1121,2022-07,2022-07,0
8915,2024-03,2024-03,0
9072,2020-12,2021-07,7
4248,2020-07,2020-07,0
3787,2020-04,2022-02,21
8045,2020-11,2021-05,5
1936,2022-04,2022-04,0
9894,2020-01,2020-01,0
5504,2024-01,2024-10,9
6464,2020-12,2024-07,43
9639,2020-09,2020-09,0
9871,2021-04,2021-04,0
8163,2022-07,2023-08,13
3211,2022-05,2022-05,0
1294,2023-02,2023-11,8
7519,2021-03,2021-03,0
3757,2020-02,2023-08,42
6224,2022-11,2024-02,15
7419,2022-07,2024-10,27
3828,2021-07,2025-01,41
1141,2021-08,2024-02,30
4004,2020-01,2020-01,0
7647,2021-04,2021-04,0
8327,2021-11,2024-04,28
4091,2021-05,2021-05,0
3953,2020-08,2022-08,24
3777,2023-05,2023-05,0
5481,2021-03,2021-03,0
3867,2021-11,2021-11,0
7840,2024-01,2024-01,0
8264,2020-10,2020-10,0
7529,2021-03,2021-03,0
1862,2020-03,2022-11,31
8050,2020-07,2020-07,0
8818,2021-06,2021-06,0
1644,2020-05,2021-02,8
2226,2021-02,2022-09,18
4598,2020-02,2020-02,0
9826,2023-07,2024-08,12
3626,2021-07,2021-07,0
2534,2022-07,2022-07,0
4640,2021-11,2022-05,5
1766,2023-01,2024-08,19
9665,2020-10,2020-10,0
1610,2022-02,2022-02,0
7557,2020-05,2020-05,0
7848,2023-01,2023-11,10
8766,2024-08,2025-03,7
7404,2020-10,2020-10,0
9613,2021-02,2021-02,0
1169,2023-06,2023-06,0
4739,2020-06,2020-06,0
5446,2023-01,2023-01,0
7973,2020-03,2020-12,9
2823,2021-04,2021-04,0
7723,2021-10,2024-09,35
5243,2020-02,2020-10,8
8131,2025-03,2025-03,0
2624,2021-02,2021-02,0
5713,2020-01,2021-01,12
4221,2021-03,2021-03,0
8698,2021-09,2023-04,18
9574,2021-02,2021-08,6
1518,2023-05,2023-05,0
4414,2021-06,2022-07,13
5789,2021-10,2022-04,5
5545,2020-12,2023-05,29
8755,2022-01,2022-02,0
2639,2021-07,2021-11,3
1323,2023-06,2023-06,0
4093,2024-05,2024-05,0
3994,2020-07,2020-07,0
5702,2021-06,2025-03,45
6040,2021-07,2023-07,23
2274,2021-06,2022-01,7
4588,2022-04,2024-04,23
6492,2024-11,2024-11,0
7368,2022-02,2022-02,0
1176,2021-04,2021-04,0
9782,2020-01,2020-01,0
7201,2021-11,2024-10,35
7848,2023-01,2023-08,7
5601,2024-06,2024-06,0
4241,2023-06,2023-12,6
5361,2021-03,2024-12,44
1052,2024-07,2024-07,0
9206,2020-11,2024-08,44
6127,2024-09,2024-09,0
3857,2020-10,2020-10,0
5563,2021-05,2021-05,0
1262,2020-12,2023-10,33
4610,2020-08,2020-08,0
5290,2020-11,2020-11,0
5992,2021-04,2024-01,33
7726,2021-06,2023-06,23
4639,2020-04,2025-01,56
5291,2021-09,2021-09,0
1839,2020-08,2022-10,25
2349,2020-01,2024-02,48
6757,2020-02,2020-02,0
7784,2020-06,2020-06,0
7352,2024-03,2025-01,9
2100,2020-02,2020-02,0
2427,2020-01,2020-01,0
1549,2021-03,2021-03,0
8418,2023-01,2023-06,4
3735,2021-01,2021-03,1
1181,2020-04,2020-04,0
6480,2020-02,2022-07,29
7308,2021-07,2024-10,38
6952,2022-01,2023-11,21
1545,2024-09,2024-09,0
4733,2020-08,2022-05,21
5374,2022-03,2024-10,31
9342,2020-05,2021-07,14
7493,2021-01,2023-10,32
4456,2023-11,2023-11,0
8716,2020-06,2024-06,48
9978,2022-07,2024-11,28
4004,2020-01,2023-05,39
5607,2022-05,2022-05,0
1264,2022-07,2024-11,27
9324,2020-04,2024-06,50
6391,2021-07,2021-07,0
1764,2023-11,2024-08,8
7794,2023-01,2023-01,0
3771,2022-07,2022-07,0
9252,2021-04,2021-12,8
1394,2020-12,2022-06,17
6286,2021-06,2021-11,5
5959,2021-11,2021-11,0
2932,2022-12,2023-03,3
5298,2024-06,2024-06,0
7923,2020-08,2021-04,8
9930,2025-04,2025-04,0
8254,2020-05,2020-05,0
4374,2022-04,2022-04,0
2142,2020-02,2025-04,61
1242,2023-05,2023-05,0
3905,2020-11,2020-12,0
2312,2020-08,2024-03,42
9790,2020-05,2023-02,32
2966,2022-08,2024-08,24
6289,2022-10,2022-10,0
4823,2022-07,2022-07,0
1099,2021-01,2021-01,0
5299,2020-04,2020-08,4
5783,2021-04,2021-09,4
9774,2022-03,2022-03,0
4840,2020-02,2020-02,0
4889,2023-02,2023-02,0
1315,2022-02,2022-02,0
7857,2022-02,2022-02,0
3943,2022-08,2022-08,0
9824,2020-03,2020-12,9
7027,2022-02,2024-03,25
9691,2020-10,2020-10,0
4801,2020-02,2020-02,0
5553,2021-01,2024-09,44
1889,2020-03,2020-03,0
2234,2021-08,2021-08,0
2829,2022-12,2022-12,0
1091,2021-04,2024-10,41
5441,2022-03,2024-03,24
2866,2020-03,2020-06,2
9645,2021-02,2021-02,0
2686,2021-08,2023-03,19
3325,2020-07,2021-11,15
9372,2021-12,2021-12,0
4272,2022-04,2023-11,19
2874,2022-03,2022-09,6
3557,2021-10,2022-02,4
1696,2021-05,2021-05,0
4335,2020-03,2022-12,32
9837,2021-11,2024-09,34
2074,2021-06,2024-03,33
3461,2020-01,2025-04,62
7793,2020-08,2020-08,0
5849,2022-04,2022-11,7
6345,2021-07,2021-07,0
1315,2022-02,2024-02,23
9317,2020-06,2024-01,43
4012,2024-09,2024-09,0
5515,2023-06,2023-06,0
9844,2020-07,2020-07,0
2840,2020-01,2020-01,0
2805,2020-09,2022-02,16
7654,2020-07,2023-06,34
1542,2020-06,2025-03,56
4933,2021-06,2024-01,30
1930,2024-06,2024-06,0
7902,2023-08,2023-08,0
5597,2021-01,2021-01,0
7250,2020-05,2020-05,0
5146,2022-05,2024-01,20
8938,2021-01,2022-09,19
3926,2024-01,2024-05,3
5837,2020-10,2021-04,5
3336,2021-11,2022-03,4
7126,2020-07,2022-10,27
1304,2020-12,2020-12,0
4650,2020-10,2022-04,18
1146,2025-02,2025-02,0
8394,2021-11,2021-11,0
1963,2021-03,2024-10,43
8354,2020-04,2020-04,0
4969,2020-04,2020-04,0
6051,2023-10,2023-10,0
4642,2022-12,2022-12,0
5191,2022-10,2022-10,0
9729,2020-11,2020-11,0
5561,2022-08,2023-02,5
7555,2024-05,2024-05,0
9356,2023-02,2023-02,0
6771,2020-12,2021-11,10
8401,2020-08,2020-08,0
9483,2023-05,2023-05,0
7554,2021-08,2023-07,23
3083,2020-05,2020-05,0
7244,2022-10,2023-11,13
9666,2020-08,2021-01,5
2207,2020-07,2020-07,0
6085,2020-04,2020-04,0
3853,2022-06,2022-06,0
5203,2021-01,2023-07,30
7339,2020-05,2020-05,0
3110,2020-10,2020-10,0
7523,2020-03,2024-08,53
7687,2020-07,2024-04,44
7176,2021-01,2021-01,0
3528,2022-04,2022-04,0
9981,2022-03,2022-03,0
8822,2021-01,2021-01,0
9433,2020-12,2023-07,31
8388,2023-10,2023-10,0
8107,2020-03,2025-04,61
5047,2021-05,2022-06,13
1800,2020-10,2023-02,28
5047,2021-05,2024-08,39
9648,2020-09,2023-10,37
2386,2020-06,2020-06,0
7593,2020-01,2021-10,21
2089,2020-12,2021-05,5
8641,2022-12,2022-12,0
2103,2021-03,2021-03,0
4716,2020-10,2024-01,39
2158,2022-01,2022-02,0
1273,2021-09,2022-10,13
9121,2024-03,2024-03,0
9905,2021-02,2021-02,0
9849,2020-09,2021-05,7
7287,2022-11,2022-11,0
3218,2022-09,2022-09,0
6398,2020-05,2022-05,24
3479,2020-06,2020-06,0
4826,2022-06,2022-06,0
1507,2021-03,2021-03,0
7989,2020-07,2025-01,53
5276,2020-11,2020-11,0
7564,2022-02,2024-10,32
9932,2021-01,2021-04,3
7062,2021-04,2021-08,4
1070,2021-06,2025-03,44
6971,2020-06,2021-01,7
8349,2020-09,2020-09,0
2646,2022-03,2022-03,0
6459,2021-05,2021-05,0
5757,2020-05,2020-05,0
6072,2021-06,2022-05,11
9040,2023-03,2023-03,0
3676,2022-02,2024-08,30
4181,2024-07,2024-07,0
6173,2020-04,2020-04,0
1208,2020-05,2020-05,0
9124,2021-06,2021-06,0
2200,2022-07,2022-07,0
2017,2020-09,2020-09,0
3938,2022-12,2022-12,0
6464,2020-12,2020-12,0
2162,2021-06,2021-07,1
8934,2023-01,2023-01,0
1660,2022-09,2022-09,0
4012,2024-09,2024-09,0
5506,2020-05,2021-09,15
1001,2020-06,2022-02,20
8065,2020-10,2022-06,20
9757,2020-04,2023-12,43
4694,2021-03,2021-03,0
1084,2022-03,2022-03,0
7775,2020-02,2020-02,0
2168,2021-03,2022-06,14
1558,2022-07,2022-07,0
6853,2020-01,2023-05,40
4914,2024-06,2024-06,0
9818,2020-08,2020-11,2
5390,2020-05,2020-05,0
5190,2020-03,2020-03,0
6800,2020-04,2024-10,53
6674,2020-11,2021-08,9
2563,2022-05,2022-05,0
5269,2021-12,2021-12,0
7429,2024-08,2024-08,0
2916,2020-02,2020-02,0
9059,2020-03,2022-07,28
1828,2020-04,2022-12,31
5027,2020-02,2020-02,0
6103,2023-05,2024-05,12
2920,2023-04,2023-04,0
5073,2020-07,2020-07,0
9944,2020-08,2025-04,55
9841,2020-05,2020-05,0
7268,2021-10,2021-10,0
1653,2020-12,2021-03,3
9912,2022-07,2023-07,11
5566,2022-07,2024-09,26
1344,2024-01,2024-01,0
9855,2023-01,2023-01,0
6270,2020-10,2022-01,14
6536,2020-07,2020-07,0
5628,2022-03,2022-03,0
4385,2021-05,2023-07,25
4878,2020-09,2023-03,29
3165,2020-07,2023-08,37
8674,2020-09,2020-09,0
9243,2020-01,2023-05,39
8077,2021-02,2024-03,36
8912,2022-06,2024-04,22
3755,2020-01,2020-01,0
2924,2021-07,2024-05,33
2518,2022-08,2022-08,0
5622,2023-02,2023-02,0
2505,2022-12,2024-07,19
7386,2025-01,2025-01,0
6493,2021-02,2021-02,0
6546,2023-03,2023-03,0
3670,2020-08,2020-08,0
4055,2022-06,2022-07,0
7607,2020-05,2021-03,10
3603,2021-06,2023-10,27
4700,2020-06,2024-10,52
1114,2020-06,2024-05,47
6953,2024-01,2024-01,0
8868,2024-12,2024-12,0
9713,2020-06,2021-04,9
3254,2022-03,2022-03,0
2309,2021-01,2023-09,31
5739,2020-11,2020-11,0
6553,2020-08,2020-08,0
5461,2023-06,2024-02,8
7348,2020-08,2020-08,0
7675,2021-01,2021-01,0
7159,2021-06,2022-03,8
4802,2020-05,2020-05,0
7297,2022-05,2025-02,33
5934,2020-01,2020-01,0
8965,2021-04,2021-04,0
1097,2021-06,2023-10,27
9469,2021-12,2021-12,0
1849,2020-02,2023-01,35
7491,2022-01,2023-05,15
1137,2021-12,2025-04,40
9698,2020-03,2020-03,0
8027,2021-02,2021-02,0
9929,2023-01,2024-08,19
4544,2021-04,2021-04,0
2937,2023-05,2024-06,12
4887,2022-10,2022-10,0
6977,2024-03,2024-03,0
5297,2021-02,2021-02,0
4277,2024-11,2024-11,0
7078,2022-08,2024-03,19
7007,2020-03,2023-10,42
4058,2022-09,2024-05,19
1811,2020-08,2021-07,10
8051,2021-09,2024-10,37
6715,2021-03,2025-02,46
5837,2020-10,2020-10,0
5478,2021-12,2021-12,0
3245,2021-12,2021-12,0
5612,2020-01,2020-01,0
4688,2020-05,2023-07,37
1266,2022-03,2025-04,36
9978,2022-07,2025-01,30
6740,2023-04,2023-04,0
5636,2021-11,2021-11,0
7654,2020-07,2020-07,0
7078,2022-08,2024-01,17
9110,2022-11,2024-10,22
7674,2020-12,2025-01,48
7691,2021-05,2024-03,34
3286,2020-05,2020-05,0
1499,2021-12,2021-12,0
8354,2020-04,2020-07,2
7907,2023-05,2023-05,0
1262,2020-12,2020-12,0
2030,2023-02,2023-02,0
1445,2022-04,2022-04,0
1071,2023-06,2023-06,0
2477,2022-03,2024-03,23
6177,2020-07,2022-10,26
9627,2022-05,2022-05,0
7118,2020-06,2022-11,28
5951,2021-05,2023-01,19
6347,2020-07,2020-07,0
5347,2024-10,2024-10,0
5328,2020-11,2020-11,0
4502,2020-08,2020-08,0
8660,2021-06,2021-06,0
8540,2020-01,2023-12,47
2309,2021-01,2021-09,7
9708,2021-04,2021-11,6
5920,2020-02,2023-02,35
4519,2020-06,2020-10,4
3016,2022-08,2022-11,2
6280,2021-06,2021-06,0
5322,2020-03,2020-03,0
8536,2020-01,2020-12,10
7131,2020-08,2021-08,12
4043,2022-02,2024-04,25
8835,2020-08,2025-02,54
2453,2022-05,2022-05,0
1097,2021-06,2021-06,0
4041,2023-11,2024-01,1
6896,2021-03,2021-03,0
4555,2020-02,2021-10,20
8848,2021-10,2021-10,0
3183,2024-07,2024-07,0
5736,2022-01,2022-03,1
3185,2020-06,2020-06,0
7468,2020-11,2020-11,0
7161,2020-05,2022-11,29
4061,2022-08,2022-08,0
8756,2020-07,2020-07,0
3612,2020-06,2020-06,0
6540,2021-04,2023-06,25
3239,2022-02,2023-03,13
1355,2020-04,2023-09,40
1002,2020-04,2020-04,0
4094,2021-11,2023-04,17
9458,2020-07,2022-10,26
4480,2022-07,2022-07,0
2156,2020-06,2023-01,31
3446,2021-06,2024-03,33
8917,2021-02,2025-03,49
2377,2023-11,2023-11,0
6604,2020-10,2023-05,31
1943,2021-06,2021-06,0
6301,2020-05,2023-10,41
2137,2021-08,2023-01,16
3036,2021-04,2021-04,0
7444,2020-01,2024-07,53
4497,2020-10,2020-10,0
8086,2022-10,2023-03,5
3466,2020-05,2020-05,0
8362,2020-12,2024-01,37
4338,2025-02,2025-02,0
9294,2020-08,2020-08,0
7527,2020-04,2020-04,0
8833,2021-02,2021-02,0
1056,2021-08,2021-08,0
1857,2021-11,2021-11,0
6489,2021-09,2021-09,0
9248,2020-11,2020-11,0
5713,2020-01,2023-01,36
8748,2021-08,2022-08,12
1878,2023-04,2025-01,20
5427,2021-10,2021-10,0
8116,2020-09,2022-04,18
9295,2022-11,2022-11,0
7885,2020-05,2023-04,34
1039,2022-09,2022-09,0
3619,2020-10,2024-05,42
5015,2021-05,2021-09,3
9328,2020-11,2024-04,41
7611,2021-01,2021-12,10
7744,2022-09,2022-09,0
8337,2020-10,2023-08,34
8957,2021-04,2021-04,0
2711,2020-01,2024-03,50
8936,2023-01,2023-01,0
5551,2020-03,2025-02,58
2267,2020-05,2022-11,29
9291,2023-10,2024-03,4
6160,2020-05,2020-05,0
5621,2020-11,2023-06,31
4400,2020-06,2020-06,0
8151,2021-09,2023-10,25
3159,2020-05,2022-11,29
5214,2020-08,2020-08,0
3142,2023-03,2023-03,0
9979,2020-04,2022-07,26
2222,2020-08,2020-12,4
6399,2022-02,2022-02,0
6561,2021-12,2021-12,0
1066,2020-12,2024-08,44
8379,2024-07,2024-07,0
3676,2022-02,2022-02,0
9700,2020-09,2020-09,0
9154,2020-09,2021-12,15
3647,2021-06,2021-06,0
8554,2020-10,2020-10,0
9055,2020-08,2022-07,22
9211,2022-11,2024-06,19
4359,2020-02,2024-11,56
9946,2022-04,2025-04,35
6403,2023-02,2023-05,2
2104,2022-02,2022-02,0
7298,2020-06,2021-11,17
4275,2023-03,2025-04,25
7063,2023-03,2023-03,0
9789,2022-09,2022-09,0
7412,2024-04,2025-03,10
6317,2020-06,2023-10,39
8271,2020-04,2025-03,59
7337,2021-07,2022-08,12
9873,2023-12,2024-01,0
8287,2020-08,2020-08,0
2955,2023-08,2023-08,0
1972,2021-06,2021-06,0
7835,2020-10,2020-12,2
3169,2022-07,2024-08,24
6286,2021-06,2023-03,21
8366,2021-11,2021-12,0
5551,2020-03,2020-03,0
9564,2020-09,2021-03,5
6370,2021-12,2021-12,0
9086,2022-11,2022-11,0
5174,2021-01,2024-06,40
1093,2020-12,2020-12,0
9581,2023-01,2024-01,12
7798,2020-08,2020-12,4
5770,2020-07,2020-07,0
2168,2021-03,2023-07,28
5183,2022-07,2022-07,0
3869,2020-02,2020-02,0
5260,2023-02,2023-02,0
8738,2022-11,2023-02,3
3354,2020-02,2023-08,41
4302,2021-08,2021-08,0
7976,2021-09,2021-09,0
6214,2020-11,2024-10,47
2040,2022-04,2025-02,33
7688,2020-12,2021-06,5
5887,2021-05,2021-05,0
3521,2020-01,2024-07,53
7737,2020-12,2020-12,0
6452,2020-10,2021-10,12
9760,2024-08,2024-08,0
5554,2020-05,2024-03,46
5409,2021-05,2021-05,0
8098,2020-11,2020-11,0
8792,2020-08,2020-08,0
8978,2020-01,2023-01,35
6515,2022-08,2022-08,0
5402,2021-08,2025-04,44
7377,2022-03,2023-02,10
1215,2021-06,2021-06,0
8602,2020-10,2024-02,40
9063,2020-05,2020-05,0
1232,2021-05,2021-05,0
4649,2020-12,2024-08,43
1308,2022-03,2022-03,0
9986,2022-06,2024-03,21
8081,2021-12,2022-07,7
5111,2021-01,2021-01,0
1725,2024-01,2024-09,8
6796,2021-12,2024-11,35
3292,2020-08,2021-05,9
1287,2020-12,2024-01,37
3516,2020-09,2021-05,7
8209,2022-01,2022-01,0
5680,2020-06,2020-06,0
6940,2021-01,2022-11,22
6058,2020-06,2020-06,0
5379,2020-08,2021-10,14
9563,2021-06,2023-07,25
1060,2021-09,2025-03,41
3115,2020-03,2023-06,39
9519,2023-02,2023-02,0
9426,2021-06,2021-06,0
2737,2021-07,2023-10,27
5009,2021-07,2021-07,0
3757,2020-02,2020-02,0
1510,2021-03,2024-09,42
9988,2020-04,2020-11,7
5586,2020-01,2020-01,0
8873,2022-01,2024-09,32
4437,2021-01,2021-01,0
4153,2020-02,2022-04,26
7600,2021-08,2022-05,8
4500,2022-05,2022-05,0
2416,2022-03,2022-03,0
2479,2022-04,2022-04,0
3450,2020-04,2020-04,0
7250,2020-05,2022-03,22
6118,2022-01,2024-04,27
1383,2020-02,2020-02,0
4859,2020-01,2020-01,0
3366,2022-07,2022-07,0
2950,2023-11,2023-11,0
1441,2023-12,2023-12,0
4735,2021-09,2024-04,31
1927,2020-05,2021-09,15
6183,2023-05,2023-07,1
9882,2020-10,2023-02,27
1911,2021-08,2021-08,0
5596,2022-01,2024-06,29
6291,2021-05,2024-04,35
8293,2020-04,2024-03,47
6142,2020-10,2020-10,0
2268,2021-01,2021-01,0
9860,2021-09,2021-09,0
8412,2020-11,2023-07,31
9424,2020-10,2023-05,31
2061,2020-03,2024-04,49
1951,2024-09,2024-09,0
7055,2023-10,2023-10,0
7399,2020-09,2020-09,0
4442,2020-04,2020-04,0
9384,2021-02,2021-02,0
9603,2021-03,2021-03,0
1276,2020-12,2024-01,37
2298,2021-09,2023-06,21
7539,2024-07,2024-07,0
2876,2020-04,2020-12,8
1456,2020-09,2024-03,42
2445,2020-02,2024-01,46
2634,2022-12,2023-09,9
9847,2020-06,2023-03,33
2610,2022-02,2024-06,28
1435,2022-09,2022-09,0
1115,2021-04,2021-04,0
1600,2021-08,2022-08,12
8449,2021-11,2021-11,0
8881,2022-11,2022-11,0
3358,2023-12,2023-12,0
4784,2023-06,2023-06,0
9378,2020-10,2021-12,13
5977,2023-08,2023-08,0
1757,2021-02,2024-08,41
1724,2020-12,2020-12,0
8540,2020-01,2023-01,36
9496,2020-05,2024-07,50
4129,2020-04,2020-10,5
8308,2020-06,2022-11,28
8245,2023-10,2023-10,0
3798,2022-10,2022-10,0
4572,2020-01,2021-12,23
6574,2022-06,2024-12,30
6214,2020-11,2024-02,38
6856,2020-09,2022-01,15
9598,2020-04,2020-04,0
4647,2021-07,2025-01,42
5590,2022-04,2022-05,0
7023,2020-01,2020-01,0
4428,2022-04,2022-04,0
6101,2020-12,2020-12,0
1842,2020-04,2020-04,0
2677,2022-08,2022-08,0
6287,2022-02,2022-08,5
7563,2020-05,2021-06,13
2865,2020-09,2022-11,25
9746,2021-11,2021-11,0
1613,2023-06,2023-08,2
8378,2020-12,2021-06,6
1875,2022-03,2023-11,20
4803,2024-12,2024-12,0
5374,2022-03,2022-03,0
5782,2020-06,2023-10,40
5807,2021-11,2022-04,5
7934,2020-09,2020-09,0
5885,2021-03,2024-08,40
8077,2021-02,2021-02,0
6231,2020-04,2024-07,51
9290,2020-12,2021-11,11
6817,2021-06,2021-06,0
6997,2020-01,2023-12,47
3413,2021-10,2021-11,0
2711,2020-01,2024-06,53
4414,2021-06,2025-02,43
2453,2022-05,2024-12,30
5985,2020-01,2023-02,37
4713,2024-02,2024-02,0
7158,2023-12,2024-05,5
7108,2021-10,2021-10,0
5166,2021-05,2021-05,0
8091,2021-02,2021-02,0
8644,2021-04,2021-04,0
5778,2021-10,2021-10,0
5171,2024-06,2024-06,0
3004,2023-02,2024-10,20
6844,2021-11,2021-11,0
2348,2020-09,2020-09,0
5386,2021-07,2023-09,25
2882,2020-02,2024-12,58
1048,2023-05,2023-05,0
3712,2020-10,2021-09,10
2540,2021-05,2021-05,0
2176,2020-04,2021-05,13
2620,2020-10,2020-10,0
5480,2020-03,2025-04,61
1959,2021-10,2022-05,7
4332,2025-04,2025-04,0
5715,2020-08,2020-08,0
3054,2020-07,2023-09,38
4954,2021-04,2021-08,3
3483,2024-02,2024-02,0
6699,2024-09,2024-09,0
1484,2020-06,2025-02,55
7299,2020-04,2022-06,25
2909,2021-06,2022-10,16
7809,2021-03,2021-03,0
3017,2022-08,2024-04,19
7807,2021-03,2022-07,16
1024,2020-04,2024-03,47
7457,2020-08,2020-08,0
3849,2022-11,2024-11,23
3202,2020-08,2020-08,0
3189,2020-12,2020-12,0
5401,2020-08,2020-08,0
1649,2022-05,2022-05,0
8171,2021-09,2021-09,0
4616,2024-03,2024-03,0
6866,2020-12,2024-12,48
2536,2022-06,2022-06,0
2182,2021-07,2021-11,4
5987,2021-05,2022-07,13
2970,2020-08,2024-06,45
3690,2020-09,2020-09,0
2026,2021-02,2021-02,0
6906,2023-06,2023-06,0
3295,2023-03,2024-04,12
1860,2021-06,2024-10,40
5035,2021-12,2024-01,24
7219,2023-08,2023-08,0
6844,2021-11,2025-03,40
7248,2023-08,2023-08,0
6486,2020-04,2020-07,2
3993,2020-11,2021-04,4
7154,2022-04,2024-04,23
2518,2022-08,2024-03,19
1431,2020-09,2020-09,0
6298,2020-02,2020-02,0
6480,2020-02,2023-01,34
4412,2023-02,2023-08,6
5727,2021-09,2021-09,0
7542,2022-06,2023-05,10
9739,2020-05,2021-08,15
1013,2022-02,2022-02,0
4824,2020-05,2020-05,0
5521,2021-01,2025-01,47
2371,2021-05,2021-05,0
5790,2022-01,2022-01,0
3438,2024-05,2024-10,4
5271,2021-04,2024-08,39
8503,2020-03,2020-03,0
6190,2022-08,2022-08,0
1132,2020-04,2020-04,0
6279,2020-09,2022-01,16
9119,2020-02,2024-07,52
2552,2022-03,2022-03,0
9656,2023-04,2023-11,6
1845,2022-03,2024-01,21
9780,2022-01,2024-04,27
2405,2023-07,2023-07,0
2381,2021-09,2022-04,7
5098,2021-03,2021-03,0
9763,2020-03,2020-03,0
2702,2020-06,2020-06,0
8960,2021-04,2024-05,37
9991,2022-08,2025-02,29
7641,2023-01,2023-01,0
7934,2020-09,2023-02,28
8440,2020-11,2020-11,0
9977,2022-09,2022-09,0
3339,2023-01,2023-01,0
4242,2023-01,2024-05,16
2181,2021-12,2021-12,0
3936,2021-06,2023-07,25
1200,2020-12,2024-09,45
4025,2020-02,2022-04,26
9228,2020-10,2024-01,39
6490,2020-03,2024-11,55
6348,2020-10,2020-10,0
3755,2020-01,2024-10,57
2570,2022-01,2022-04,2
1447,2021-12,2021-12,0
1600,2021-08,2021-11,3
5195,2022-10,2022-10,0
3321,2023-08,2024-05,8
7953,2020-10,2020-10,0
9508,2023-10,2024-10,12
3238,2022-03,2024-05,25
6234,2021-01,2023-12,34
3137,2023-10,2023-10,0
1773,2022-05,2024-05,24
1451,2021-03,2024-04,37
1759,2022-08,2022-08,0
4403,2021-09,2024-08,34
4425,2020-06,2024-06,48
4152,2023-05,2023-05,0
6957,2020-02,2020-02,0
2912,2020-07,2020-07,0
4985,2021-02,2023-11,33
6497,2023-02,2023-02,0
5641,2021-04,2023-10,29
5985,2020-01,2020-10,9
5889,2021-08,2023-03,19
8253,2020-10,2022-03,16
3838,2021-12,2021-12,0
8045,2020-11,2020-11,0
3848,2023-01,2023-01,0
6842,2023-11,2023-11,0
8758,2021-02,2022-08,17
5533,2021-08,2023-11,26
6906,2023-06,2024-06,11
4801,2020-02,2020-09,6
6482,2020-06,2021-07,13
7623,2024-11,2024-11,0
2086,2020-03,2021-04,13
3583,2020-05,2023-03,33
9370,2020-12,2020-12,0
7823,2023-09,2023-09,0
8745,2023-02,2023-02,0
4590,2021-08,2022-10,13
7076,2021-08,2023-10,26
5436,2024-05,2024-05,0
8115,2022-08,2022-08,0
4822,2020-07,2024-02,43
7680,2020-03,2022-12,33
6555,2022-08,2022-09,1
5745,2020-02,2020-02,0
7361,2021-02,2023-01,22
3469,2021-05,2021-05,0
8779,2022-11,2024-12,25
8498,2020-03,2020-03,0
7854,2024-05,2024-05,0
9962,2023-08,2023-08,0
5447,2023-07,2023-07,0
5695,2020-11,2025-03,51
9195,2021-02,2021-02,0
1428,2021-01,2023-01,23
7443,2020-09,2020-09,0
5850,2023-08,2023-08,0
4872,2020-12,2024-03,39
2264,2023-03,2023-12,8
4679,2023-04,2023-04,0
2364,2021-07,2023-12,29
4223,2022-05,2022-05,0
1478,2023-09,2024-05,7
4411,2020-01,2024-06,52
1965,2022-01,2025-04,38
1066,2020-12,2023-01,25
9786,2020-02,2023-11,44
1312,2023-11,2023-11,0
7334,2020-11,2020-11,0
4407,2021-01,2022-07,17
5677,2020-10,2020-10,0
5879,2022-04,2024-03,23
7502,2020-07,2020-07,0
5554,2020-05,2022-07,26
3694,2022-08,2022-08,0
5858,2023-12,2023-12,0
4360,2022-01,2022-01,0
2783,2021-03,2021-03,0
5924,2020-04,2020-04,0
5296,2022-09,2022-12,3
2309,2021-01,2021-01,0
3974,2024-03,2024-03,0
7279,2021-05,2021-12,6
8539,2025-03,2025-03,0
8397,2020-07,2021-01,5
7745,2022-05,2022-05,0
4673,2020-09,2024-03,42
2817,2022-08,2022-08,0
2760,2021-07,2023-08,25
1451,2021-03,2022-12,20
5045,2020-03,2023-12,45
1555,2020-03,2023-07,39
4189,2022-03,2022-03,0
5454,2021-05,2021-11,6
7869,2020-06,2024-05,46
4360,2022-01,2022-11,10
9740,2020-05,2022-02,20
1746,2020-01,2022-10,32
5346,2022-12,2022-12,0
2165,2022-02,2024-11,32
4547,2021-02,2021-02,0
9919,2022-01,2022-04,2
1170,2020-08,2023-11,38
2360,2022-05,2022-05,0
6104,2024-05,2024-05,0
1633,2020-11,2023-04,29
7835,2020-10,2020-10,0
7622,2021-09,2023-11,25
2185,2024-10,2024-10,0
1648,2022-05,2022-05,0
2998,2023-04,2024-12,20
5224,2021-12,2021-12,0
6392,2022-05,2022-05,0
3554,2023-04,2023-04,0
6230,2022-11,2024-11,24
2005,2023-10,2023-10,0
2575,2021-03,2021-03,0
2633,2021-03,2021-06,2
7261,2021-07,2023-04,20
8873,2022-01,2024-07,30
2415,2022-08,2023-01,5
4330,2020-10,2020-10,0
2601,2020-12,2020-12,0
1265,2022-07,2022-07,0
8601,2020-05,2024-04,46
3647,2021-06,2021-11,4
2446,2020-11,2023-04,29
3171,2022-05,2025-01,32
5900,2024-04,2024-04,0
2230,2020-08,2021-07,10
4491,2024-10,2024-10,0
9357,2021-12,2022-01,0
5826,2020-06,2020-06,0
2175,2020-06,2020-06,0
1614,2020-11,2023-07,31
5942,2022-01,2022-01,0
7208,2020-07,2024-05,45
5690,2020-01,2022-12,35
3486,2022-08,2022-08,0
1784,2021-01,2021-01,0
2350,2021-06,2023-08,26
6431,2020-05,2024-02,45
8099,2023-10,2024-11,13
7365,2020-05,2023-06,37
5149,2022-07,2022-07,0
3739,2020-06,2020-06,0
9140,2024-01,2024-03,1
1033,2021-03,2021-03,0
5636,2021-11,2025-01,38
8643,2021-02,2025-04,50
5520,2020-09,2020-09,0
7978,2023-10,2025-02,15
9301,2020-07,2020-07,0
4619,2023-08,2023-12,3
7049,2021-04,2021-04,0
6582,2020-09,2023-09,35
7584,2021-09,2024-03,29
9271,2022-06,2022-06,0
4018,2020-05,2025-01,55
2415,2022-08,2022-08,0
7622,2021-09,2022-03,6
6924,2023-10,2025-02,15
5243,2020-02,2020-02,0
8805,2021-07,2024-10,38
2359,2020-12,2023-02,25
5496,2022-11,2024-12,24
1083,2020-05,2022-03,21
9343,2023-01,2023-01,0
3949,2021-05,2021-05,0
9387,2024-11,2024-11,0
1084,2022-03,2023-08,16
7747,2021-02,2021-02,0
1966,2022-06,2022-06,0
8960,2021-04,2025-01,44
1126,2023-03,2023-03,0
4148,2023-03,2023-06,2
2994,2024-07,2024-07,0
3643,2020-06,2024-01,43
3426,2022-03,2024-08,28
3539,2020-06,2023-11,40
5550,2022-07,2023-12,16
9618,2020-07,2021-07,11
5868,2022-09,2023-08,11
2511,2021-08,2022-05,9
5390,2020-05,2020-06,0
4738,2025-04,2025-04,0
2891,2023-03,2023-03,0
1486,2020-11,2024-02,38
4182,2025-03,2025-03,0
3385,2022-05,2024-11,29
9693,2020-09,2021-01,4
8154,2020-04,2020-04,0
6888,2023-09,2023-09,0
1670,2020-12,2020-12,0
9588,2023-07,2024-10,14
9854,2022-05,2022-05,0
1388,2020-02,2020-12,10
5713,2020-01,2020-01,0
6397,2021-11,2021-11,0
6454,2020-01,2022-05,27
9364,2021-03,2023-03,24
5303,2020-03,2020-03,0
7717,2022-01,2022-10,8
3111,2020-06,2023-05,34
2392,2020-04,2024-11,55
4658,2021-06,2021-06,0
6641,2021-05,2022-01,8
1408,2023-01,2025-01,24
8612,2023-04,2023-04,0
3390,2021-11,2022-01,2
8284,2020-07,2020-07,0
7594,2021-07,2023-05,22
6225,2020-01,2025-03,62
6294,2024-09,2024-09,0
7096,2021-08,2023-11,27
1341,2021-01,2021-01,0
4056,2021-05,2023-07,25
1010,2020-07,2020-07,0
8043,2021-03,2021-06,3
5883,2020-07,2022-08,24
9516,2020-06,2022-06,23
8031,2020-03,2020-03,0
1794,2020-08,2020-11,3
8531,2023-07,2023-07,0
5478,2021-12,2024-12,36
2359,2020-12,2025-02,49
8277,2020-11,2020-11,0
7852,2021-09,2021-09,0
5896,2020-08,2021-01,5
1959,2021-10,2022-06,7
1335,2024-02,2024-02,0
8846,2020-11,2023-08,33
3633,2023-11,2025-03,15
5845,2021-03,2022-03,12
9173,2024-09,2024-09,0
6293,2021-01,2023-02,25
9708,2021-04,2022-08,15
4938,2021-10,2023-08,22
3852,2023-12,2023-12,0
1078,2022-07,2022-07,0
2310,2020-08,2020-08,0
6043,2020-11,2020-11,0
6603,2021-11,2021-11,0
2769,2020-08,2020-08,0
6166,2021-01,2024-07,41
1471,2021-01,2024-11,46
7206,2021-08,2024-02,30
3695,2023-07,2024-11,16
4918,2023-09,2023-09,0
4631,2020-03,2020-03,0
6536,2020-07,2023-02,30
6879,2020-02,2020-02,0
2352,2021-08,2021-08,0
3282,2020-05,2024-12,55
1755,2021-06,2021-08,2
8128,2021-09,2024-01,27
2485,2021-11,2021-11,0
8952,2021-09,2021-09,0
3274,2023-10,2023-10,0
5948,2025-01,2025-01,0
9873,2023-12,2024-07,6
2953,2020-07,2025-04,56
3885,2020-11,2022-10,23
4439,2022-08,2022-08,0
7491,2022-01,2022-01,0
6815,2020-05,2020-05,0
2984,2021-04,2021-04,0
3570,2023-03,2023-03,0
9710,2021-03,2021-03,0
1124,2020-07,2020-07,0
7848,2023-01,2023-01,0
1798,2020-05,2020-05,0
4989,2021-03,2021-03,0
4697,2020-06,2021-09,14
2388,2022-10,2022-10,0
1952,2020-09,2020-09,0
6596,2021-03,2021-03,0
3395,2021-11,2025-02,38
7169,2020-08,2024-11,50
5600,2021-02,2021-02,0
9423,2022-07,2022-07,0
6064,2022-08,2022-08,0
3336,2021-11,2023-09,21
6638,2022-08,2024-02,17
3239,2022-02,2022-02,0
7308,2021-07,2024-01,29
8626,2024-05,2024-05,0
2236,2022-01,2022-01,0
5745,2020-02,2022-06,28
5015,2021-05,2025-04,47
2937,2023-05,2023-05,0
4208,2023-01,2023-01,0
2710,2020-01,2024-01,48
8395,2021-05,2021-05,0
7893,2023-12,2023-12,0
1957,2022-06,2025-01,31
8715,2020-06,2021-11,16
2096,2020-04,2024-01,45
3623,2022-07,2022-12,4
6261,2020-12,2024-08,43
7664,2024-01,2024-11,10
1980,2023-02,2024-06,15
2134,2021-05,2021-12,6
8839,2020-03,2020-03,0
8238,2023-08,2023-08,0
8828,2022-05,2022-05,0
6493,2021-02,2025-04,49
4250,2021-05,2023-01,19
9833,2023-01,2023-01,0
2173,2022-11,2022-11,0
9467,2020-02,2022-03,25
9398,2020-07,2020-07,0
9158,2021-09,2022-08,10
3494,2021-03,2023-07,27
1353,2021-01,2021-01,0
5011,2020-01,2024-05,51
5024,2023-01,2023-01,0
3433,2022-10,2022-10,0
2198,2021-01,2021-01,0
8165,2023-01,2023-01,0
9228,2020-10,2024-05,42
4419,2024-05,2024-05,0
9771,2025-04,2025-04,0
9042,2021-09,2024-10,36
9141,2020-03,2020-12,9
2172,2021-02,2024-08,41
4445,2020-02,2020-02,0
1675,2020-07,2023-07,36
1496,2021-07,2021-07,0
3681,2020-01,2020-10,9
5797,2020-12,2022-08,20
4609,2021-03,2024-02,35
2042,2024-10,2024-10,0
3999,2020-03,2020-03,0
6659,2024-08,2024-08,0
9011,2020-02,2020-02,0
7426,2020-04,2020-04,0
8688,2023-09,2023-09,0
9666,2020-08,2020-08,0
7977,2024-01,2024-01,0
5718,2020-05,2020-05,0
1355,2020-04,2020-04,0
3262,2021-02,2023-03,24
3123,2021-06,2023-06,23
6357,2021-06,2022-06,11
2799,2020-10,2020-10,0
1888,2020-08,2020-08,0
8328,2020-03,2024-11,56
9064,2020-06,2020-06,0
6235,2020-05,2020-05,0
8222,2025-03,2025-03,0
5217,2023-11,2023-11,0
3268,2021-03,2021-03,0
2806,2024-10,2024-10,0
7082,2020-03,2024-03,48
3414,2020-02,2021-11,20
9084,2020-10,2024-07,45
1102,2023-04,2024-06,13
9073,2024-08,2024-08,0
3243,2021-04,2024-10,42
5772,2021-06,2021-06,0
8519,2021-09,2021-09,0
9678,2024-10,2024-10,0
8418,2023-01,2023-01,0
4981,2021-08,2021-08,0
3556,2020-07,2020-07,0
5419,2023-08,2023-08,0
7466,2020-04,2023-01,32
8295,2021-03,2021-03,0
7668,2023-01,2023-10,9
3303,2020-11,2023-12,36
7985,2022-07,2023-09,13
2103,2021-03,2022-04,13
1443,2021-02,2021-02,0
9486,2020-01,2020-01,0
3072,2020-08,2021-03,7
9898,2021-01,2021-01,0
7928,2024-06,2024-06,0
7242,2020-02,2020-02,0
3726,2021-02,2024-09,42
9851,2024-09,2024-09,0
2405,2023-07,2025-02,18
1142,2021-03,2022-09,17
5148,2020-02,2025-04,62
8124,2024-09,2025-01,4
3180,2021-06,2021-06,0
7869,2020-06,2022-01,19
1851,2023-07,2023-07,0
3385,2022-05,2024-05,24
2533,2021-06,2021-07,0
7130,2022-06,2023-09,14
1014,2022-10,2022-10,0
5780,2021-07,2023-01,17
6652,2022-08,2023-01,4
1983,2021-10,2025-01,38
4551,2022-01,2025-03,37
9348,2021-06,2022-05,10
1585,2020-02,2020-02,0
2116,2020-05,2024-05,47
5455,2021-12,2021-12,0
7646,2020-05,2021-11,18
6569,2020-06,2021-08,14
6409,2020-08,2023-08,35
2688,2024-07,2024-07,0
4559,2021-04,2021-04,0
6238,2020-02,2020-02,0
4229,2022-04,2022-04,0
1196,2020-08,2021-12,15
9459,2022-03,2022-03,0
5617,2021-02,2023-12,33
8385,2020-05,2022-05,24
2494,2024-01,2024-09,7
1609,2021-10,2021-10,0
2682,2021-03,2022-05,14
9636,2020-01,2020-01,0
4345,2021-05,2024-09,39
8142,2021-07,2021-07,0
9453,2021-06,2023-05,23
9476,2020-09,2024-06,44
2395,2023-05,2024-06,12
7314,2021-06,2021-06,0
9541,2021-07,2021-07,0
3618,2020-01,2023-02,36
1682,2023-11,2023-11,0
6453,2022-05,2024-09,27
4397,2020-11,2021-02,2
6841,2020-02,2021-06,16
6697,2020-03,2020-03,0
3456,2023-06,2023-06,0
6975,2020-01,2024-03,49
9342,2020-05,2020-05,0
7355,2020-11,2020-11,0
2544,2021-04,2024-04,36
8896,2023-08,2023-08,0
2090,2020-06,2020-11,5
5385,2022-01,2022-01,0
9979,2020-04,2021-05,12
1070,2021-06,2024-09,38
1105,2020-02,2021-03,13
6586,2023-07,2023-07,0
3928,2020-04,2020-04,0
8045,2020-11,2022-06,19
4636,2020-09,2020-09,0
7078,2022-08,2022-08,0
2003,2021-02,2021-02,0
9484,2020-03,2020-03,0
7987,2020-03,2024-12,56
1072,2020-01,2023-09,43
4120,2020-06,2020-06,0
9768,2020-12,2020-12,0
3049,2022-02,2022-02,0
8482,2023-07,2023-07,0
3734,2023-09,2024-08,11
8686,2024-11,2024-11,0
2899,2021-08,2023-11,27
5792,2022-04,2022-04,0
8876,2023-04,2023-04,0
4250,2021-05,2021-05,0
2007,2020-04,2024-12,56
3399,2020-06,2020-06,0
5565,2022-04,2023-03,11
5755,2023-07,2023-07,0
1849,2020-02,2023-08,42
8920,2021-06,2023-03,21
8324,2021-12,2023-10,21
7999,2020-06,2024-01,43
8778,2021-07,2022-10,14
8118,2021-07,2024-07,35
7596,2023-04,2023-04,0
5849,2022-04,2022-04,0
7187,2021-01,2021-05,3
4191,2020-03,2020-03,0
1263,2020-03,2020-03,0
7007,2020-03,2020-03,0
3267,2020-09,2023-04,30
6972,2021-07,2021-10,3
4281,2020-06,2025-03,57
3083,2020-05,2024-06,49
2244,2020-02,2021-06,16
1217,2020-02,2020-02,0
5661,2020-02,2020-02,0
7903,2020-02,2020-02,0
6481,2021-08,2021-08,0
2872,2023-10,2023-10,0
1608,2021-09,2022-08,10
1718,2022-09,2022-09,0
3480,2021-05,2022-11,18
9256,2024-01,2024-01,0
6712,2021-06,2024-08,37
4423,2022-07,2024-01,18
6509,2020-06,2020-06,0
4330,2020-10,2025-03,52
9316,2023-09,2023-09,0
6868,2022-02,2023-08,17
4062,2021-01,2021-01,0
7601,2020-02,2020-02,0
5131,2020-12,2020-12,0
9279,2021-09,2021-09,0
7346,2021-04,2021-04,0
4933,2021-06,2021-06,0
4402,2021-04,2024-10,42
3272,2020-03,2020-03,0
7935,2025-02,2025-02,0
3326,2020-06,2022-11,28
6457,2021-10,2021-10,0
3727,2020-10,2020-10,0
3105,2020-11,2020-11,0
1563,2021-08,2021-08,0
3314,2022-01,2022-01,0
1813,2024-03,2024-05,2
7176,2021-01,2022-05,15
2409,2022-01,2023-12,22
6536,2020-07,2024-08,48
9118,2020-12,2020-12,0
4324,2021-05,2021-05,0
4246,2021-06,2021-06,0
7894,2024-03,2024-03,0
7248,2023-08,2023-10,1
1210,2023-04,2023-04,0
1931,2020-03,2020-03,0
1858,2021-05,2021-05,0
4846,2023-07,2023-07,0
9536,2020-06,2021-07,13
6074,2020-06,2023-05,35
1734,2021-07,2023-07,23
4778,2021-05,2021-05,0
2056,2024-05,2025-02,8
3944,2020-02,2022-07,29
4770,2021-08,2022-11,15
4614,2020-05,2021-11,18
7958,2021-12,2021-12,0
7453,2020-05,2020-05,0
1405,2023-05,2023-11,6
3299,2020-03,2020-03,0
8030,2022-05,2023-01,8
5965,2022-03,2022-03,0
5201,2023-12,2024-12,12
6693,2020-06,2023-06,36
2206,2020-07,2023-01,30
1595,2020-02,2023-09,43
9986,2022-06,2022-06,0
5006,2020-07,2021-11,15
8088,2021-07,2021-07,0
8337,2020-10,2021-02,4
3285,2020-08,2020-08,0
3044,2021-06,2021-06,0
7917,2023-05,2023-05,0
7687,2020-07,2020-07,0
1471,2021-01,2021-01,0
7644,2020-06,2021-08,13
8846,2020-11,2021-06,7
9340,2020-05,2020-05,0
3052,2023-11,2023-11,0
4551,2022-01,2022-01,0
8085,2022-04,2022-04,0
6857,2024-03,2024-04,1
7496,2022-05,2024-02,21
3645,2020-06,2020-06,0
3816,2021-01,2023-02,24
7965,2021-10,2022-04,5
9433,2020-12,2023-02,26
1183,2023-04,2024-01,8
4190,2020-03,2025-02,58
2402,2020-07,2024-10,50
3769,2022-02,2022-04,1
9810,2020-06,2020-06,0
8598,2020-02,2024-01,47
4962,2021-06,2021-06,0
9772,2020-02,2022-07,29
6593,2020-10,2024-06,44
8616,2023-02,2023-02,0
9126,2020-12,2021-11,11
9995,2022-01,2022-01,0
7051,2022-01,2022-01,0
1403,2021-10,2021-10,0
5766,2022-03,2023-07,16
2791,2021-04,2021-11,7
6401,2020-11,2023-08,33
4087,2022-02,2023-02,11
6775,2024-08,2024-08,0
2520,2021-12,2021-12,0
2315,2020-04,2020-04,0
9611,2021-12,2024-08,32
6915,2021-06,2023-08,25
4008,2022-07,2023-12,17
3964,2022-04,2022-04,0
9049,2022-02,2022-02,0
1815,2021-10,2021-10,0
1272,2020-09,2024-01,40
4214,2021-02,2023-03,25
3456,2023-06,2024-07,12
2045,2021-05,2024-05,36
1591,2021-11,2022-10,11
1376,2021-06,2021-06,0
6646,2021-02,2022-12,22
3655,2021-01,2021-11,10
7685,2020-02,2020-02,0
1256,2021-09,2022-11,14
1223,2023-06,2023-06,0
4204,2021-04,2021-04,0
5287,2021-06,2021-06,0
7938,2020-04,2021-02,9
8392,2021-03,2025-01,46
5723,2021-04,2021-09,4
6351,2020-01,2022-09,31
2507,2023-12,2025-01,13
5998,2024-11,2024-11,0
7020,2020-07,2020-07,0
9127,2021-05,2021-05,0
7232,2021-08,2021-08,0
4412,2023-02,2023-02,0
5147,2025-01,2025-01,0
5167,2022-09,2024-08,23
5598,2022-11,2022-11,0
9994,2020-12,2020-12,0
7862,2021-01,2022-05,15
4254,2020-04,2020-04,0
9301,2020-07,2022-09,26
4746,2020-03,2023-07,39
9962,2023-08,2024-08,11
3621,2020-12,2020-12,0
4536,2023-06,2023-06,0
5910,2023-01,2023-01,0
3527,2022-08,2024-11,26
8548,2020-10,2020-11,0
8716,2020-06,2024-11,53
5763,2023-05,2023-05,0
7693,2020-06,2024-10,52
4578,2021-07,2021-07,0
5125,2023-01,2023-06,5
8055,2022-08,2022-08,0
6524,2022-09,2022-09,0
6833,2020-07,2022-05,21
6006,2021-07,2022-12,16
6917,2023-06,2025-03,21
3865,2025-04,2025-04,0
8593,2023-05,2023-05,0
1837,2020-03,2020-03,0
3821,2022-06,2023-05,10
4213,2021-06,2021-08,2
8658,2020-12,2023-03,26
9028,2020-06,2024-03,44
6156,2021-12,2021-12,0
1078,2022-07,2023-08,12
2039,2023-08,2024-11,14
6753,2020-12,2020-12,0
3173,2022-12,2023-03,3
1079,2020-05,2020-05,0
1379,2021-06,2021-06,0
2543,2020-02,2020-02,0
4718,2024-01,2024-01,0
8602,2020-10,2020-10,0
4809,2021-03,2021-03,0
6416,2021-06,2023-05,22
2647,2020-12,2020-12,0
6776,2022-12,2024-08,19
3733,2023-06,2023-06,0
8548,2020-10,2021-07,9
8112,2024-05,2024-05,0
4001,2022-03,2023-10,19
2818,2020-06,2020-07,0
6955,2024-02,2024-02,0
4152,2023-05,2024-03,9
6735,2020-10,2022-03,16
2314,2022-02,2023-08,18
1671,2023-12,2023-12,0
2324,2020-12,2020-12,0
2536,2022-06,2024-11,29
5987,2021-05,2021-05,0
6122,2021-11,2021-11,0
8434,2021-12,2024-02,26
3223,2020-04,2022-10,30
2763,2021-06,2023-11,29
5054,2021-01,2021-01,0
2564,2020-02,2020-02,0
2423,2023-07,2023-07,0
7136,2021-01,2022-09,20
3732,2020-02,2024-10,55
2663,2023-02,2023-07,4
1470,2022-02,2022-03,1
2941,2020-01,2021-06,16
8242,2022-02,2023-07,16
1970,2021-01,2021-01,0
2373,2024-09,2024-09,0
4940,2020-02,2020-02,0
6505,2021-03,2022-11,19
9094,2022-07,2022-07,0
6498,2024-04,2024-04,0
9844,2020-07,2021-09,13
7861,2020-11,2020-11,0
2637,2021-10,2025-03,40
5594,2020-01,2020-01,0
9693,2020-09,2024-08,47
9226,2020-10,2020-10,0
5780,2021-07,2021-07,0
3379,2020-10,2020-10,0
7565,2023-01,2024-07,17
3371,2021-12,2024-07,31
4891,2022-07,2022-07,0
3171,2022-05,2024-11,29
8234,2022-01,2022-01,0
2047,2021-11,2023-11,23
5797,2020-12,2020-12,0
5673,2021-12,2024-07,31
2393,2020-10,2020-10,0
4327,2020-12,2020-12,0
8141,2021-04,2021-04,0
4686,2023-03,2023-08,5
1624,2024-05,2024-05,0
8926,2023-10,2023-10,0
2756,2022-08,2022-08,0
3409,2022-10,2024-10,23
8662,2023-05,2023-05,0
6566,2022-03,2022-03,0
4500,2022-05,2025-02,32
2827,2021-10,2023-08,21
2366,2023-07,2023-07,0
9248,2020-11,2022-09,22
3549,2020-02,2020-02,0
5033,2020-02,2021-09,18
6279,2020-09,2022-01,15
8544,2023-01,2023-01,0
2866,2020-03,2021-03,11
3243,2021-04,2023-01,21
8392,2021-03,2021-03,0
5784,2024-10,2024-12,2
2326,2024-06,2024-06,0
1925,2023-09,2023-09,0
1837,2020-03,2021-10,19
1096,2021-07,2021-07,0
7181,2021-08,2021-11,2
4998,2021-01,2021-08,6
1560,2020-11,2023-10,34
6073,2023-09,2023-09,0
3786,2023-02,2023-02,0
7549,2020-10,2024-04,41
1773,2022-05,2022-05,0
5459,2020-05,2022-07,25
4370,2020-08,2025-03,54
8524,2023-03,2023-07,3
2127,2020-10,2024-02,40
3395,2021-11,2022-09,9
9875,2020-01,2024-08,55
2237,2021-05,2021-10,5
3165,2020-07,2020-07,0
1794,2020-08,2023-10,37
2640,2020-02,2020-02,0
7148,2020-01,2020-01,0
6087,2020-03,2022-03,24
2614,2020-06,2020-06,0
9960,2025-02,2025-02,0
3847,2021-10,2025-03,41
4227,2020-09,2023-02,28
7336,2020-03,2024-11,56
7735,2021-04,2024-11,42
4892,2021-11,2024-04,28
2408,2022-11,2022-11,0
8846,2020-11,2022-08,21
7232,2021-08,2022-12,16
9360,2020-07,2020-08,1
8964,2020-12,2020-12,0
1756,2020-07,2020-07,0
3120,2021-04,2024-10,42
2633,2021-03,2021-03,0
1144,2021-08,2021-11,3
4955,2020-01,2020-01,0
1451,2021-03,2021-03,0
9734,2021-05,2021-05,0
2707,2021-08,2024-04,32
1105,2020-02,2020-02,0
2804,2020-06,2021-08,13
2318,2020-02,2020-05,2
5979,2021-03,2022-04,12
7886,2020-07,2020-07,0
7478,2024-03,2024-03,0
2882,2020-02,2020-02,0
8008,2021-06,2021-06,0
8195,2020-01,2020-01,0
2905,2020-08,2023-01,28
9208,2024-05,2024-05,0
7973,2020-03,2020-03,0
7566,2021-03,2021-03,0
7581,2020-05,2022-02,21
8219,2022-09,2022-09,0
7099,2020-12,2020-12,0
8516,2021-09,2021-09,0
9597,2022-11,2022-11,0
1762,2022-11,2024-05,18
4562,2021-11,2021-11,0
5729,2021-05,2024-07,37
5946,2020-05,2020-11,5
7246,2020-01,2021-08,18
4355,2021-04,2021-04,0
5863,2023-08,2023-08,0
2173,2022-11,2023-06,6
2585,2022-05,2022-05,0
2675,2021-04,2021-04,0
9378,2020-10,2024-01,38
7500,2021-08,2021-08,0
7905,2022-01,2022-01,0
5291,2021-09,2023-06,21
7361,2021-02,2021-02,0
7348,2020-08,2021-02,6
1357,2020-02,2021-11,20
4790,2021-05,2023-11,29
9868,2024-12,2024-12,0
4732,2020-02,2022-06,27
2290,2021-12,2021-12,0
3967,2022-12,2024-06,18
2861,2020-01,2022-10,32
8906,2020-01,2023-07,42
6403,2023-02,2023-02,0
2055,2023-07,2023-07,0
1817,2021-01,2024-12,46
3378,2021-09,2023-08,22
9900,2020-08,2020-08,0
9414,2024-05,2024-05,0
3032,2021-10,2023-11,24
2433,2023-05,2023-05,0
7561,2020-09,2023-05,32
6483,2021-03,2021-03,0
9530,2022-10,2022-10,0
8816,2021-01,2022-11,22
8353,2020-06,2020-06,0
6172,2021-02,2021-02,0
2744,2020-08,2023-03,30
5573,2020-11,2020-11,0
6500,2020-10,2020-10,0
9466,2020-11,2023-08,32
9757,2020-04,2020-04,0
8088,2021-07,2022-06,10
6134,2020-06,2020-06,0
2551,2022-05,2022-05,0
2542,2024-11,2024-11,0
7005,2020-12,2020-12,0
3916,2022-04,2022-04,0
2693,2024-07,2024-10,2
7725,2022-12,2022-12,0
9308,2021-01,2021-01,0
4461,2024-07,2024-07,0
1877,2023-12,2025-03,15
1775,2020-07,2023-09,38
1212,2022-06,2023-08,13
9089,2023-01,2024-12,22
3813,2020-02,2020-02,0
4186,2021-09,2023-06,21
4966,2021-11,2021-11,0
9632,2020-09,2020-09,0
1600,2021-08,2022-10,13
6086,2022-06,2022-06,0
4975,2021-12,2021-12,0
6853,2020-01,2024-01,48
9452,2022-08,2022-08,0
4684,2020-11,2022-06,19
4840,2020-02,2020-06,3
9981,2022-03,2025-01,33
3509,2021-01,2021-09,8
4568,2020-12,2021-01,1
3383,2021-08,2022-10,14
2734,2020-01,2020-02,1
2142,2020-02,2020-02,0
4018,2020-05,2021-05,12
5162,2020-08,2025-04,55
3940,2023-08,2023-08,0
3985,2020-05,2024-07,50
1611,2020-02,2024-10,56
7474,2020-06,2021-01,7
5278,2020-02,2020-02,0
4406,2020-09,2021-10,13
5123,2022-11,2024-05,18
6143,2022-02,2024-07,29
4970,2022-05,2022-05,0
7552,2020-02,2020-10,8
6532,2021-10,2022-08,9
1755,2021-06,2021-06,0
6011,2020-02,2022-05,27
9820,2022-12,2022-12,0
5547,2020-08,2025-03,54
3880,2022-06,2022-06,0
8920,2021-06,2024-03,33
6384,2020-11,2020-11,0
7857,2022-02,2024-01,22
2090,2020-06,2020-06,0
8708,2020-06,2023-07,36
8419,2022-05,2022-05,0
3229,2020-03,2024-03,48
4708,2022-04,2022-04,0
3953,2020-08,2020-08,0
3812,2022-09,2022-09,0
5429,2021-08,2023-12,28
9605,2020-04,2020-04,0
4760,2020-05,2022-06,25
7746,2022-03,2022-03,0
4028,2021-08,2022-02,5
6122,2021-11,2023-01,13
2542,2024-11,2025-03,4
6079,2020-04,2024-09,53
5858,2023-12,2024-07,6
5435,2020-09,2023-01,28
1504,2021-10,2021-10,0
5008,2020-12,2021-02,2
1119,2020-01,2020-12,10
8196,2022-05,2022-05,0
2488,2024-01,2024-01,0
9433,2020-12,2020-12,0
6510,2020-02,2021-02,12
1132,2020-04,2025-01,57
5669,2020-08,2024-03,43
6759,2020-07,2020-07,0
2064,2024-02,2024-02,0
1637,2024-12,2024-12,0
3199,2022-08,2022-09,0
2529,2021-05,2021-05,0
1914,2020-01,2022-01,23
7316,2020-01,2025-02,60
2156,2020-06,2024-06,47
6215,2020-04,2022-09,28
5377,2020-12,2022-06,18
3874,2024-03,2024-11,7
4962,2021-06,2025-03,45
7252,2021-04,2021-12,7
7937,2023-01,2024-10,21
6684,2024-03,2024-03,0
7286,2021-02,2021-02,0
2521,2020-12,2020-12,0
9876,2023-08,2024-12,15
1266,2022-03,2023-10,19
6006,2021-07,2021-08,1
3437,2021-12,2021-12,0
7957,2022-01,2025-04,39
4077,2020-11,2022-03,16
4302,2021-08,2022-08,12
9476,2020-09,2023-12,38
4901,2021-10,2021-10,0
7077,2023-07,2023-07,0
9631,2020-04,2024-10,54
5168,2022-09,2022-09,0
8121,2023-12,2024-05,5
5718,2020-05,2023-04,34
3893,2022-08,2023-01,4
3188,2024-04,2024-04,0
1341,2021-01,2024-06,40
6570,2021-07,2021-07,0
6691,2021-10,2024-04,30
9569,2024-05,2024-12,6
5456,2020-06,2024-05,47
1135,2021-12,2021-12,0
7913,2021-01,2021-01,0
6287,2022-02,2023-06,16
7633,2021-06,2021-06,0
8502,2020-06,2020-06,0
9569,2024-05,2024-09,4
6574,2022-06,2022-06,0
9333,2020-03,2020-03,0
5501,2020-07,2024-07,47
7585,2020-08,2020-08,0
8104,2024-07,2025-03,7
9829,2020-10,2022-07,20
8487,2021-12,2022-11,11
2744,2020-08,2024-10,49
1364,2020-12,2024-11,46
1843,2023-02,2024-10,20
8214,2021-07,2024-09,37
1431,2020-09,2025-01,51
9578,2020-07,2020-07,0
8340,2021-11,2021-11,0
8871,2020-11,2021-07,8
8080,2020-01,2021-10,21
6549,2021-06,2021-06,0
9276,2020-01,2020-01,0
2571,2022-11,2022-11,0
5792,2022-04,2024-08,27
3960,2020-08,2020-08,0
4399,2024-08,2024-08,0
8126,2020-09,2020-10,0
1305,2024-08,2024-09,0
6311,2020-03,2020-03,0
6490,2020-03,2023-05,37
4757,2021-04,2023-07,27
1746,2020-01,2023-11,46
5330,2020-06,2021-07,13
8121,2023-12,2023-12,0
9799,2021-01,2024-09,43
8302,2024-08,2024-08,0
3130,2020-03,2020-03,0
4943,2022-08,2022-08,0
9036,2023-12,2024-10,10
7166,2020-01,2021-06,16
9424,2020-10,2022-10,24
7738,2020-12,2022-05,16
9475,2020-01,2020-01,0
5005,2021-09,2021-09,0
1848,2021-03,2021-03,0
6293,2021-01,2025-04,51
1310,2020-04,2024-09,52
1356,2023-08,2025-04,19
8197,2022-03,2022-03,0
6463,2020-09,2020-12,2
4414,2021-06,2021-06,0
9252,2021-04,2021-04,0
9023,2022-05,2022-05,0
7161,2020-05,2022-12,31
4542,2020-05,2023-07,37
3403,2020-02,2023-10,44
7921,2020-02,2020-02,0
5608,2025-03,2025-03,0
5229,2024-05,2024-05,0
7185,2022-06,2022-06,0
5007,2020-01,2020-07,6
2178,2023-08,2023-08,0
4214,2021-02,2023-11,33
7908,2023-02,2024-09,18
1783,2024-06,2024-06,0
3032,2021-10,2021-10,0
5586,2020-01,2024-03,49
8562,2023-02,2023-02,0
7774,2022-02,2022-02,0
5014,2021-08,2021-08,0
9817,2024-04,2024-04,0
9346,2024-03,2025-03,11
9001,2020-06,2020-09,2
9123,2020-10,2021-02,3
5466,2020-09,2022-06,21
4922,2020-08,2024-11,51
6476,2021-07,2022-07,12
4117,2020-05,2021-09,15
5157,2020-11,2020-11,0
4932,2021-02,2023-08,30
7879,2020-08,2020-08,0
1409,2022-02,2022-02,0
1369,2021-05,2021-05,0
7901,2020-04,2023-04,36
6048,2023-02,2023-02,0
4272,2022-04,2022-04,0
6195,2021-09,2022-11,14
4407,2021-01,2021-01,0
1953,2021-06,2021-06,0
1762,2022-11,2022-11,0
1548,2025-03,2025-03,0
7527,2020-04,2020-12,8
3457,2021-12,2021-12,0
5315,2020-01,2022-12,34
6464,2020-12,2021-09,8
6987,2020-07,2020-07,0
4281,2020-06,2022-09,27
7743,2020-11,2022-11,23
1220,2023-08,2024-05,8
5263,2020-12,2023-01,25
2289,2021-11,2021-11,0
5022,2023-03,2023-03,0
6925,2020-08,2020-08,0
2288,2024-06,2024-06,0
9222,2022-07,2023-04,8
7538,2024-11,2024-11,0
2421,2020-02,2021-11,21
6214,2020-11,2021-10,10
8337,2020-10,2020-10,0
7582,2024-03,2024-09,5
6020,2021-06,2022-10,15
2523,2021-06,2023-03,20
7690,2024-03,2024-03,0
1000,2023-09,2023-09,0
7743,2020-11,2020-11,0
7281,2023-01,2023-01,0
1259,2023-10,2023-10,0
3181,2022-10,2022-10,0
7142,2024-06,2024-06,0
2110,2021-01,2023-10,32
4812,2021-04,2021-04,0
3956,2020-07,2025-02,55
9132,2021-07,2024-05,34
1284,2020-07,2023-01,30
4964,2020-10,2023-07,32
3862,2021-12,2024-01,24
5151,2020-11,2024-03,39
4543,2021-10,2021-10,0
7365,2020-05,2025-04,59
8938,2021-01,2021-01,0
4493,2022-06,2022-06,0
5150,2021-07,2021-07,0
9197,2024-07,2024-08,1
8458,2020-03,2023-09,42
3100,2021-09,2022-01,3
5300,2020-07,2022-12,29
3727,2020-10,2024-06,43
9266,2025-03,2025-03,0
6854,2021-01,2023-08,30
7656,2023-01,2023-01,0
8849,2020-11,2024-01,37
2477,2022-03,2022-03,0
2250,2020-04,2025-01,57
1141,2021-08,2021-09,1
7125,2021-02,2021-02,0
6214,2020-11,2020-11,0
6722,2020-06,2023-02,31
9638,2020-02,2020-02,0
3749,2021-08,2021-08,0
6371,2020-05,2024-01,43
1948,2023-07,2023-07,0
5973,2021-08,2024-12,39
2244,2020-02,2025-04,62
7145,2021-02,2021-06,3
2812,2022-07,2022-07,0
3913,2022-03,2023-02,10
2590,2022-07,2022-07,0
9724,2020-03,2020-10,6
2502,2023-01,2023-01,0
1672,2022-01,2022-01,0
9730,2021-07,2021-07,0
7310,2020-10,2021-03,5
3835,2020-07,2020-07,0
2684,2021-10,2021-10,0
8590,2020-08,2023-10,38
1852,2020-11,2023-09,34
2664,2024-03,2024-03,0
6151,2024-08,2024-08,0
5836,2024-04,2024-04,0
5845,2021-03,2021-03,0
4221,2021-03,2023-07,28
6838,2022-08,2022-08,0
2028,2022-09,2023-08,11
4109,2020-11,2022-02,14
5863,2023-08,2024-01,5
9729,2020-11,2021-04,5
2635,2020-05,2022-01,20
7672,2022-08,2022-08,0
5965,2022-03,2022-09,6
6239,2020-09,2020-09,0
8080,2020-01,2020-02,1
6333,2021-09,2023-04,18
2960,2021-04,2021-04,0
4010,2020-08,2023-08,35
3316,2020-07,2022-01,17
5372,2021-01,2021-01,0
7831,2021-04,2022-06,14
2687,2022-03,2023-04,13
7265,2020-01,2023-02,36
2528,2020-02,2021-07,17
9625,2020-06,2021-05,10
5096,2020-07,2024-11,52
3023,2021-09,2021-09,0
7838,2023-01,2023-01,0
3489,2022-07,2022-07,0
9179,2020-11,2023-04,29
7588,2020-12,2023-11,34
7249,2021-04,2025-02,46
9668,2021-06,2021-06,0
9135,2022-08,2023-02,5
2414,2020-05,2021-10,17
6656,2020-06,2024-09,50
6762,2020-12,2020-12,0
8468,2024-09,2024-09,0
3587,2020-12,2020-12,0
8590,2020-08,2021-01,5
6564,2021-05,2021-05,0
3110,2020-10,2023-07,33
8587,2024-03,2024-08,4
6728,2020-03,2020-10,7
4051,2020-03,2024-12,56
6426,2022-08,2022-08,0
1377,2021-06,2021-06,0
9454,2024-09,2024-09,0
1719,2020-02,2024-09,54
3842,2022-01,2022-01,0
5295,2022-06,2022-09,2
5922,2021-04,2021-04,0
8391,2022-05,2022-05,0
6588,2022-08,2022-08,0
1381,2021-03,2021-03,0
9235,2021-10,2021-10,0
9274,2021-05,2021-05,0
5253,2020-06,2020-11,5
7372,2020-04,2020-04,0
8068,2020-07,2020-07,0
9434,2022-03,2022-03,0
9333,2020-03,2024-08,53
7240,2022-01,2022-01,0
4893,2021-04,2021-04,0
1859,2020-12,2020-12,0
3261,2021-01,2021-01,0
2444,2020-07,2024-01,41
4170,2020-05,2024-04,47
5578,2022-01,2023-08,19
5539,2023-10,2024-11,13
2304,2020-02,2020-02,0
1252,2022-08,2022-08,0
4396,2023-07,2023-07,0
5200,2021-03,2021-03,0
6286,2021-06,2021-06,0
3760,2020-06,2020-06,0
5748,2020-02,2020-02,0
2999,2020-03,2024-08,53
1782,2020-05,2021-06,13
6040,2021-07,2021-07,0
4921,2020-03,2020-03,0
7698,2023-04,2023-07,2
1922,2021-12,2021-12,0
4621,2020-01,2022-09,31
7452,2025-01,2025-01,0
5191,2022-10,2024-01,15
7619,2023-02,2023-07,4
7780,2024-05,2024-05,0
7225,2020-10,2024-06,44
3732,2020-02,2020-02,0
9762,2021-03,2024-12,44
9610,2020-08,2020-08,0
9790,2020-05,2020-05,0
9633,2024-03,2024-03,0
7119,2020-01,2024-05,52
9355,2021-03,2021-03,0
9768,2020-12,2021-05,5
7920,2020-08,2024-01,40
9113,2022-05,2022-05,0
7540,2022-07,2022-07,0
4584,2021-11,2021-11,0
5599,2024-09,2024-10,0
8781,2020-09,2020-09,0
4785,2020-08,2020-08,0
2329,2020-09,2020-09,0
6646,2021-02,2021-02,0
6402,2020-04,2020-04,0
9240,2020-01,2022-01,23
5498,2021-04,2021-04,0
5529,2021-11,2023-05,18
2054,2020-07,2022-05,22
9627,2022-05,2024-12,31
8021,2023-04,2023-05,0
2930,2022-07,2022-07,0
9077,2020-08,2020-08,0
4670,2021-01,2021-05,3
6826,2022-12,2022-12,0
6868,2022-02,2022-02,0
6090,2023-01,2023-01,0
7607,2020-05,2022-12,31
7992,2022-11,2022-11,0
1130,2021-06,2024-05,35
4384,2022-08,2022-08,0
4009,2023-11,2023-11,0
7488,2021-08,2021-08,0
2406,2022-03,2022-03,0
8788,2020-12,2020-12,0
3827,2020-08,2020-08,0
3068,2020-07,2023-05,34
4522,2024-03,2025-02,10
3742,2024-01,2024-01,0
1799,2020-08,2020-08,0
5162,2020-08,2024-11,50
1807,2020-03,2020-06,2
9292,2025-04,2025-04,0
1132,2020-04,2020-11,6
5915,2021-09,2023-11,26
6466,2021-12,2021-12,0
4965,2022-05,2024-04,22
7539,2024-07,2024-09,2
8962,2020-02,2020-02,0
6346,2022-12,2022-12,0
1258,2024-06,2024-06,0
3527,2022-08,2022-08,0
8166,2023-11,2023-11,0
7601,2020-02,2022-05,27
9122,2021-07,2021-07,0
6451,2020-10,2020-10,0
5897,2022-11,2025-03,28
2754,2020-08,2020-08,0
9695,2020-06,2023-06,35
7697,2023-02,2023-09,7
3515,2020-10,2022-08,22
1697,2020-04,2020-04,0
6855,2022-04,2022-04,0
4563,2025-04,2025-04,0
9144,2022-06,2024-08,25
9995,2022-01,2023-06,17
7328,2020-03,2020-03,0
4564,2021-09,2021-09,0
7515,2020-09,2020-09,0
5374,2022-03,2022-05,2
1041,2021-11,2025-03,39
1366,2020-06,2020-06,0
2346,2022-04,2022-04,0
2639,2021-07,2024-08,37
8472,2021-03,2021-03,0
2122,2024-11,2024-11,0
5543,2020-01,2025-02,61
3706,2024-05,2024-05,0
2643,2021-08,2021-08,0
9871,2021-04,2023-02,22
5006,2020-07,2021-09,13
6510,2020-02,2020-02,0
5458,2020-08,2023-11,39
6742,2022-09,2022-09,0
1601,2020-12,2020-12,0
6343,2020-01,2022-08,31
5314,2020-02,2021-04,14
4444,2022-12,2022-12,0
4647,2021-07,2024-04,33
9798,2020-01,2021-10,21
2668,2020-08,2023-12,39
3862,2021-12,2021-12,0
1043,2020-06,2020-06,0
1880,2021-11,2021-11,0
4948,2020-04,2020-06,2
6665,2021-11,2021-11,0
8599,2021-07,2021-07,0
1782,2020-05,2022-01,19
5133,2023-06,2024-12,18
5714,2022-11,2022-11,0
4938,2021-10,2024-03,28
5299,2020-04,2023-12,44
3187,2020-03,2022-06,27
8672,2021-08,2022-10,13
7574,2022-05,2022-05,0
6613,2020-03,2022-08,29
8992,2020-12,2021-03,3
9748,2020-09,2020-09,0
7129,2024-08,2024-08,0
6145,2022-02,2023-11,20
9788,2020-06,2020-06,0
6726,2020-11,2020-11,0
6636,2020-05,2024-05,48
5938,2025-02,2025-02,0
9217,2024-03,2024-03,0
7593,2020-01,2023-06,41
5300,2020-07,2021-05,10
4168,2021-03,2021-03,0
4496,2020-12,2021-03,3
5947,2020-06,2022-12,29
1298,2021-02,2021-02,0
7560,2022-02,2022-02,0
2573,2021-02,2021-02,0
9014,2020-01,2020-01,0
5023,2023-04,2023-05,1
6722,2020-06,2023-06,35
6571,2020-11,2022-03,16
4551,2022-01,2024-09,32
7108,2021-10,2023-12,26
1607,2020-07,2020-07,0
4128,2023-06,2024-11,16
2651,2020-07,2020-07,0
6700,2024-08,2024-08,0
1644,2020-05,2020-11,5
1577,2024-02,2024-02,0
5418,2020-04,2020-04,0
9896,2021-10,2023-09,22
3917,2024-10,2024-10,0
6141,2023-11,2023-11,0
3557,2021-10,2021-10,0
4872,2020-12,2020-12,0
7950,2021-06,2022-03,9
5095,2023-04,2024-02,10
8019,2021-02,2021-02,0
7029,2020-10,2020-10,0
9637,2022-01,2024-01,23
9012,2024-02,2024-02,0
3176,2020-08,2020-08,0
5425,2021-12,2021-12,0
4776,2021-01,2023-05,27
4176,2021-12,2024-09,33
5458,2020-08,2022-03,18
8669,2022-09,2025-01,28
3702,2021-07,2024-02,30
4714,2020-11,2020-11,0
4686,2023-03,2023-03,0
7783,2020-05,2020-10,5
5391,2024-07,2024-07,0
4211,2020-12,2020-12,0
1180,2025-02,2025-02,0
4740,2022-06,2022-06,0
8159,2021-02,2023-07,29
3512,2023-11,2023-11,0
9415,2023-04,2023-04,0
3973,2020-01,2021-12,22
7800,2022-08,2022-12,4
8714,2022-10,2023-04,5
2119,2022-11,2022-11,0
9570,2020-12,2023-12,36
2698,2021-05,2022-08,14
3104,2023-11,2025-02,14
2237,2021-05,2022-02,9
3726,2021-02,2021-09,7
7186,2023-05,2023-05,0
9015,2020-12,2024-04,40
3404,2021-04,2021-10,6
6015,2023-07,2023-07,0
8397,2020-07,2020-07,0
5470,2020-12,2022-07,18
4518,2022-08,2022-08,0
6194,2020-10,2020-10,0
2792,2020-12,2024-04,40
9721,2022-04,2022-04,0
6613,2020-03,2021-05,14
8375,2021-09,2023-05,20
6539,2023-06,2024-05,10
9845,2023-11,2023-11,0
4545,2022-07,2022-07,0
8026,2023-05,2023-05,0
9799,2021-01,2021-01,0
9137,2022-06,2023-02,8
7258,2020-09,2021-03,5
1457,2020-11,2022-05,18
9556,2020-03,2024-10,55
6302,2024-06,2024-06,0
2596,2020-06,2021-10,16
3768,2021-09,2024-11,37
1187,2020-02,2020-04,2
8891,2020-04,2020-04,0
5769,2021-03,2024-11,44
1757,2021-02,2021-02,0
7910,2021-04,2024-05,36
8135,2021-09,2021-09,0
4886,2020-03,2020-03,0
3365,2022-01,2022-01,0
1042,2022-11,2022-11,0
8909,2023-04,2024-10,17
7816,2024-08,2024-08,0
9175,2025-01,2025-01,0
9939,2022-06,2022-06,0
7467,2021-05,2021-05,0
5911,2021-07,2021-07,0
4643,2022-03,2022-03,0
3651,2020-05,2020-05,0
6382,2021-04,2021-04,0
8035,2022-06,2023-04,10
2365,2023-07,2025-04,21
4779,2020-06,2020-06,0
7339,2020-05,2022-08,27
1543,2020-04,2020-10,6
8971,2024-10,2024-10,0
5888,2021-03,2021-10,6
2875,2021-03,2021-08,5
8383,2023-05,2023-05,0
2132,2021-03,2021-03,0
2635,2020-05,2020-05,0
3329,2024-01,2024-01,0
1176,2021-04,2023-10,30
2931,2020-08,2023-11,38
2097,2022-08,2022-08,0
7520,2020-11,2022-03,15
3815,2020-12,2020-12,0
3303,2020-11,2020-11,0
1410,2023-12,2023-12,0
8462,2022-07,2022-07,0
9427,2020-12,2024-02,38
4799,2022-01,2022-01,0
9933,2022-05,2022-05,0
5883,2020-07,2021-12,16
2354,2020-12,2022-06,17
8350,2021-05,2024-08,39
2383,2020-09,2023-06,32
5156,2022-09,2022-09,0
6655,2021-01,2021-01,0
2335,2022-11,2022-11,0
3466,2020-05,2023-09,40
4103,2020-05,2020-05,0
7023,2020-01,2022-04,27
8900,2020-12,2023-11,35
4613,2020-01,2023-11,45
8434,2021-12,2021-12,0
2334,2023-10,2023-10,0
1439,2021-01,2022-03,13
7730,2021-02,2021-04,2
5971,2022-09,2025-01,28
7258,2020-09,2021-01,3
7425,2020-01,2022-10,33
6255,2024-07,2024-07,0
7310,2020-10,2020-10,0
8430,2020-05,2023-01,32
8495,2020-10,2020-10,0
8136,2022-09,2023-04,7
7353,2024-05,2024-05,0
6318,2020-02,2024-09,55
8455,2020-03,2021-05,14
4820,2021-11,2022-04,4
8740,2025-02,2025-02,0
4729,2023-10,2023-10,0
7884,2022-02,2022-02,0
8392,2021-03,2023-12,33
5325,2020-09,2020-09,0
2905,2020-08,2020-08,0
9893,2020-12,2023-05,28
1707,2023-06,2023-06,0
8189,2022-01,2022-11,10
2918,2021-04,2021-04,0
7340,2024-03,2024-03,0
5743,2021-01,2024-10,45
8454,2020-04,2022-08,27
6896,2021-03,2024-01,33
5897,2022-11,2022-11,0
2922,2020-06,2025-04,57
8931,2022-09,2022-09,0
8744,2021-12,2025-03,39
6931,2020-06,2021-10,16
6752,2020-04,2022-11,30
3455,2023-08,2024-10,13
3485,2025-01,2025-01,0
4442,2020-04,2020-07,2
5396,2021-02,2025-01,46
1405,2023-05,2024-07,14
1170,2020-08,2024-01,41
7229,2021-03,2022-12,21
7829,2021-05,2021-05,0
7208,2020-07,2024-10,50
3981,2020-01,2020-04,2
7680,2020-03,2020-03,0
3166,2021-06,2024-11,41
8804,2021-09,2021-09,0
8220,2023-12,2024-07,7
7137,2024-11,2024-11,0
4360,2022-01,2022-01,0
3364,2020-11,2020-11,0
8674,2020-09,2024-05,44
8275,2024-09,2024-09,0
1903,2020-02,2020-02,0
6858,2021-03,2021-03,0
7872,2023-01,2024-04,15
1532,2020-03,2020-03,0
3751,2022-06,2022-06,0
4798,2022-11,2022-11,0
1850,2021-07,2021-07,0
4764,2024-10,2025-03,4
1369,2021-05,2024-09,40
1451,2021-03,2022-01,9
5236,2020-09,2020-09,0
1037,2024-02,2024-02,0
3138,2020-09,2023-11,38
9809,2023-10,2023-10,0
3303,2020-11,2021-03,3
3237,2022-06,2024-01,19
8903,2020-04,2023-04,36
1540,2020-02,2022-09,30
5158,2020-02,2020-02,0
6510,2020-02,2024-01,47
6581,2020-12,2020-12,0
9524,2020-11,2020-11,0
3731,2020-07,2022-10,26
3345,2023-02,2023-09,7
6308,2021-01,2021-12,10
7720,2024-03,2024-03,0
3162,2020-12,2024-04,40
8858,2021-01,2021-01,0
9684,2020-01,2020-01,0
9918,2021-02,2024-01,35
3956,2020-07,2020-07,0
3130,2020-03,2022-08,29
2231,2021-03,2021-03,0
2524,2021-04,2022-08,16
6341,2020-10,2020-10,0
4421,2020-08,2020-08,0
3158,2020-02,2020-02,0
9593,2023-04,2023-04,0
9509,2023-10,2024-04,5
2249,2022-04,2024-08,28
6074,2020-06,2020-07,1
3845,2020-02,2022-03,25
8764,2024-04,2024-04,0
7427,2021-09,2024-01,27
7997,2020-01,2020-01,0
3994,2020-07,2022-04,20
1108,2022-08,2022-08,0
6311,2020-03,2023-10,42
3929,2022-01,2022-01,0
6545,2024-01,2025-03,13
1347,2020-11,2020-11,0
1059,2022-02,2022-02,0
6912,2021-12,2023-12,23
2094,2021-11,2023-04,16
9163,2020-12,2025-02,49
2116,2020-05,2022-09,28
7648,2024-08,2024-08,0
6235,2020-05,2025-02,56
2600,2021-03,2021-03,0
8328,2020-03,2024-03,47
1832,2022-01,2023-08,19
7524,2020-05,2021-01,8
6597,2023-07,2023-07,0
4090,2020-02,2022-08,29
7102,2020-07,2021-04,8
3322,2023-03,2023-06,3
4541,2021-02,2021-10,7
1171,2022-08,2022-08,0
5253,2020-06,2023-11,41
3515,2020-10,2020-10,0
8953,2023-05,2023-05,0
9708,2021-04,2021-04,0
2633,2021-03,2023-08,28
1114,2020-06,2020-06,0
2750,2023-05,2025-02,20
8919,2022-05,2023-09,16
3115,2020-03,2020-03,0
3141,2020-10,2021-05,6
3535,2020-08,2021-07,10
6780,2020-07,2020-07,0
3447,2022-03,2022-03,0
1061,2021-06,2021-06,0
4239,2020-06,2023-05,34
6578,2021-07,2021-07,0
2689,2020-01,2020-12,10
7094,2020-08,2021-07,11
2266,2023-12,2023-12,0
8268,2020-08,2021-12,15
3701,2023-08,2023-08,0
6476,2021-07,2021-07,0
5959,2021-11,2022-05,6
6075,2024-10,2024-10,0
8663,2022-09,2023-10,12
7750,2021-09,2021-09,0
6666,2023-11,2023-11,0
9936,2023-12,2023-12,0
3913,2022-03,2024-07,28
8697,2022-04,2023-05,12
8114,2021-10,2021-10,0
8864,2021-07,2021-07,0
5867,2020-12,2020-12,0
4236,2024-03,2024-03,0
5985,2020-01,2021-11,22
9501,2020-09,2021-10,12
7166,2020-01,2022-03,25
6530,2021-08,2021-12,3
6036,2020-04,2020-04,0
1704,2022-08,2022-08,0
1768,2022-04,2022-04,0
5427,2021-10,2023-12,25
1307,2024-05,2024-05,0
5800,2020-11,2021-03,3
1828,2020-04,2020-04,0
1816,2022-02,2024-04,26
2078,2020-02,2020-02,0
8912,2022-06,2023-10,16
3088,2021-03,2021-03,0
7643,2022-04,2022-04,0
3267,2020-09,2023-03,30
3519,2021-04,2021-04,0
7759,2021-04,2021-11,7
1869,2020-03,2021-12,21
5397,2023-06,2024-08,14
1960,2020-07,2020-07,0
6440,2021-04,2021-04,0
2781,2020-10,2021-06,7
8538,2020-07,2020-07,0
7488,2021-08,2023-04,19
5237,2021-03,2021-03,0
7899,2021-02,2021-02,0
1188,2021-06,2023-04,21
5356,2021-04,2024-09,41
4649,2020-12,2020-12,0
9642,2023-05,2023-05,0
8346,2025-01,2025-01,0
3587,2020-12,2024-01,37
4970,2022-05,2022-11,6
6292,2023-04,2023-09,4
7806,2021-12,2021-12,0
8809,2020-01,2023-03,38
6782,2021-10,2021-10,0
1325,2023-10,2023-10,0
8066,2023-05,2023-05,0
5934,2020-01,2020-04,2
7597,2022-07,2023-01,6
4322,2021-09,2021-09,0
1260,2023-07,2023-08,0
1910,2024-06,2025-02,7
7661,2023-09,2023-09,0
6107,2020-02,2024-09,54
9245,2021-04,2021-04,0
6322,2020-08,2024-01,40
1860,2021-06,2025-02,44
3884,2021-08,2021-08,0
7562,2023-05,2023-08,3
3352,2022-10,2024-08,21
2002,2021-10,2021-11,1
6958,2020-07,2020-07,0
4680,2024-04,2024-04,0
4787,2022-02,2022-02,0
1314,2024-05,2024-05,0
4001,2022-03,2022-03,0
6681,2020-07,2020-07,0
4644,2022-02,2024-02,24
5065,2024-01,2024-01,0
2615,2022-04,2024-09,29
1322,2020-11,2022-07,19
5542,2020-01,2020-01,0
4411,2020-01,2020-01,0
7932,2020-02,2020-08,5
3499,2020-07,2020-07,0
5153,2020-08,2020-08,0
9826,2023-07,2023-07,0
8514,2024-10,2024-10,0
4770,2021-08,2024-08,36
2189,2020-03,2020-03,0
5072,2021-04,2021-04,0
2570,2022-01,2024-01,23
2470,2021-08,2023-01,16
6312,2023-08,2024-08,11
1887,2023-07,2023-12,5
1857,2021-11,2023-09,21
5901,2025-04,2025-04,0
6006,2021-07,2024-11,40
3560,2020-11,2024-10,46
2435,2020-04,2023-06,38
9367,2021-08,2021-08,0
8967,2020-05,2024-11,53
2493,2020-09,2024-01,40
6656,2020-06,2022-04,22
4657,2021-01,2021-01,0
5160,2023-10,2023-10,0
8707,2021-05,2021-05,0
9146,2020-01,2022-10,32
6864,2022-05,2024-05,24
7427,2021-09,2025-04,43
3845,2020-02,2024-09,55
3153,2020-06,2023-06,36
5030,2025-01,2025-01,0
2971,2021-07,2025-04,44
2219,2023-04,2023-04,0
6974,2023-09,2025-04,19
8087,2023-07,2023-07,0
1151,2022-10,2022-10,0
8507,2020-05,2020-05,0
6122,2021-11,2021-12,1
1896,2022-12,2023-11,10
7314,2021-06,2024-09,39
7881,2023-02,2023-02,0
2267,2020-05,2021-02,8
4535,2024-09,2024-09,0
1392,2020-09,2020-09,0
1688,2023-10,2023-10,0
1621,2021-12,2021-12,0
5661,2020-02,2023-10,43
2573,2021-02,2021-09,7
4547,2021-02,2024-05,38
9412,2022-06,2022-06,0
2608,2022-01,2022-01,0
1626,2021-09,2023-12,27
2877,2021-04,2024-02,34
9568,2025-03,2025-03,0
8751,2022-10,2025-03,29
6772,2021-06,2021-11,4
6787,2020-01,2020-01,0
1749,2020-02,2022-02,24
1576,2020-12,2021-03,2
6473,2023-09,2024-05,8
9786,2020-02,2020-02,0
8841,2020-01,2020-02,1
1197,2021-10,2024-12,37
8999,2020-03,2024-03,48
2839,2021-05,2021-05,0
8330,2021-10,2023-08,22
8505,2022-08,2022-08,0
5632,2020-01,2024-03,50
4658,2021-06,2023-11,29
1471,2021-01,2023-08,30
1814,2024-12,2024-12,0
8265,2020-10,2020-10,0
7082,2020-03,2021-08,17
6679,2020-11,2022-08,21
9988,2020-04,2021-01,9
2301,2021-11,2021-11,0
5316,2021-04,2021-04,0
7208,2020-07,2022-10,26
7846,2022-05,2022-05,0
6531,2022-08,2024-12,27
2376,2021-02,2024-02,35
8063,2020-07,2020-07,0
6987,2020-07,2024-02,43
5975,2022-03,2022-03,0
9253,2021-02,2022-11,21
8190,2021-03,2024-10,43
1266,2022-03,2025-01,34
6726,2020-11,2021-10,11
8020,2021-07,2024-05,34
4935,2022-09,2022-09,0
8812,2020-06,2022-02,20
1301,2020-09,2022-04,19
7201,2021-11,2022-04,5
8881,2022-11,2025-01,26
7810,2020-01,2021-10,20
9970,2020-09,2021-10,12
1206,2022-11,2024-03,16
5302,2022-12,2022-12,0
7143,2022-05,2023-06,13
6521,2020-11,2020-11,0
1947,2024-06,2024-06,0
1513,2020-12,2023-07,30
1597,2022-09,2022-09,0
4420,2020-07,2020-07,0
7577,2020-01,2024-03,49
9526,2022-05,2022-05,0
6076,2022-02,2023-08,17
4515,2020-07,2021-05,10
5075,2023-12,2024-06,5
1973,2022-03,2022-03,0
2302,2020-05,2020-05,0
3578,2020-04,2020-12,7
4703,2020-01,2020-01,0
5554,2020-05,2024-12,55
7762,2022-04,2022-04,0
7771,2023-07,2023-07,0
9388,2020-01,2020-01,0
4189,2022-03,2025-02,35
7186,2023-05,2024-08,14
3542,2023-03,2023-03,0
7622,2021-09,2022-09,11
3087,2020-06,2020-06,0
4677,2024-03,2024-06,2
1638,2024-09,2024-09,0
8669,2022-09,2024-06,21
4022,2020-12,2020-12,0
7045,2022-06,2023-07,12
1712,2022-05,2023-05,11
9463,2023-06,2023-06,0
9304,2024-06,2024-06,0
6518,2020-08,2021-03,7
8067,2022-06,2022-06,0
2880,2022-04,2022-04,0
3082,2024-10,2025-02,3
5815,2021-01,2022-10,20
1551,2023-07,2023-07,0
4173,2020-01,2020-01,0
3302,2021-05,2021-05,0
6291,2021-05,2023-05,24
5960,2021-01,2024-05,40
3371,2021-12,2022-10,9
3444,2021-06,2022-07,13
7437,2020-06,2023-06,35
5002,2021-03,2022-08,16
8569,2020-03,2020-03,0
1680,2022-06,2022-06,0
2800,2020-02,2022-12,34
3498,2022-02,2022-02,0
2995,2021-01,2021-01,0
5072,2021-04,2021-05,0
1104,2020-04,2020-04,0
5320,2021-11,2023-10,23
9214,2020-05,2020-05,0
3033,2022-12,2025-04,28
3051,2021-01,2021-12,11
3343,2023-12,2023-12,0
8965,2021-04,2025-03,46
4463,2020-01,2022-11,33
4611,2024-04,2024-04,0
2527,2020-09,2025-04,55
9448,2020-10,2023-03,29
2696,2020-02,2024-07,52
2407,2020-06,2020-12,6
3565,2020-10,2020-10,0
8289,2023-05,2023-05,0
1036,2023-02,2023-02,0
1631,2022-09,2023-06,8
1022,2021-08,2021-08,0
1782,2020-05,2024-12,54
8425,2020-10,2020-10,0
9246,2021-01,2021-01,0
2133,2020-03,2023-05,37
5303,2020-03,2022-01,22
7385,2020-07,2020-07,0
3050,2021-09,2021-09,0
8499,2021-11,2024-11,35
5403,2024-08,2025-02,5
5386,2021-07,2021-07,0
8368,2023-06,2024-10,15
9605,2020-04,2024-02,46
4762,2021-08,2022-08,12
4747,2023-01,2023-01,0
5733,2021-05,2021-05,0
7627,2021-11,2025-02,38
1070,2021-06,2021-06,0
4672,2021-08,2021-08,0
6744,2020-07,2021-05,10
1745,2020-02,2020-02,0
4955,2020-01,2024-03,49
2330,2021-12,2023-04,16
7652,2020-07,2020-07,0
7668,2023-01,2023-01,0
6277,2020-07,2023-08,37
7365,2020-05,2020-05,0
2006,2023-03,2023-03,0
9536,2020-06,2020-07,1
5920,2020-02,2020-02,0
9500,2021-07,2021-07,0
5134,2020-03,2020-03,0
1198,2021-11,2021-11,0
7640,2023-02,2023-02,0
1877,2023-12,2024-06,5
8676,2024-07,2024-07,0
8282,2020-08,2021-06,9
8872,2021-09,2022-12,14
4232,2020-03,2020-03,0
8276,2020-11,2022-01,13
2210,2020-01,2021-02,13
7932,2020-02,2020-08,6
5555,2023-12,2023-12,0
2520,2021-12,2023-08,20
2411,2021-06,2021-06,0
6475,2020-11,2020-11,0
8335,2021-09,2021-09,0
4822,2020-07,2020-07,0
5964,2020-01,2020-07,6
7670,2022-03,2022-03,0
7128,2020-12,2020-12,0
2784,2022-07,2022-07,0
1434,2022-06,2022-06,0
4836,2021-09,2021-09,0
1907,2023-01,2025-03,25
3950,2021-07,2021-07,0
6701,2020-12,2020-12,0
2829,2022-12,2023-10,9
8825,2023-06,2024-02,7
4856,2022-12,2023-08,8
4546,2021-11,2023-04,17
8005,2021-09,2021-09,0
5473,2021-04,2021-04,0
3494,2021-03,2023-01,21
6717,2024-04,2024-04,0
6399,2022-02,2023-07,17
3513,2022-01,2022-01,0
7357,2021-01,2021-01,0
2515,2023-01,2023-01,0
4955,2020-01,2022-04,26
3037,2024-01,2024-01,0
7398,2022-06,2022-06,0
8052,2020-05,2020-05,0
2659,2022-07,2023-10,15
6233,2020-12,2020-12,0
2940,2021-08,2022-04,7
7366,2020-09,2020-09,0
7442,2024-04,2024-04,0
4079,2021-05,2024-02,32
5308,2022-08,2022-08,0
4418,2023-02,2024-03,12
8337,2020-10,2025-02,52
6368,2021-03,2023-06,26
4781,2022-09,2023-03,5
5104,2020-10,2020-10,0
2622,2021-04,2021-04,0
7513,2022-03,2022-03,0
3472,2021-08,2021-08,0
1897,2020-01,2020-01,0
3844,2022-05,2022-05,0
1116,2021-08,2022-01,4
2820,2022-03,2022-03,0
1907,2023-01,2024-03,13
7948,2020-12,2023-11,34
8531,2023-07,2023-08,1
5134,2020-03,2024-04,49
9425,2022-11,2023-10,10
4784,2023-06,2023-06,0
9388,2020-01,2023-12,46
9697,2020-07,2023-07,36
7151,2021-01,2021-01,0
1839,2020-08,2020-08,0
7633,2021-06,2024-04,34
4572,2020-01,2024-07,54
5299,2020-04,2020-04,0
8638,2021-03,2021-03,0
7761,2020-03,2021-08,17
6193,2021-03,2021-03,0
3269,2020-12,2020-12,0
9688,2022-07,2022-07,0
1343,2021-01,2021-09,7
9622,2024-02,2024-02,0
5709,2020-09,2023-08,34
2034,2020-01,2021-12,22
4659,2023-10,2024-02,4
4106,2022-04,2022-04,0
8149,2022-01,2024-10,33
9302,2025-04,2025-04,0
2083,2021-06,2021-10,3
8119,2023-10,2023-10,0
3414,2020-02,2021-11,20
2109,2022-10,2024-07,20
4737,2024-03,2024-12,8
3292,2020-08,2023-11,39
3444,2021-06,2023-01,18
7591,2021-04,2025-02,45
3864,2024-05,2024-05,0
4938,2021-10,2021-12,2
6257,2022-12,2022-12,0
4055,2022-06,2024-02,19
7790,2020-02,2020-02,0
5936,2020-03,2022-03,24
5068,2020-05,2022-11,29
8032,2020-04,2021-05,12
9882,2020-10,2020-10,0
2902,2021-04,2023-09,28
4617,2022-01,2023-08,18
1398,2024-05,2024-05,0
1401,2022-09,2022-09,0
8846,2020-11,2020-11,0
6198,2020-03,2020-03,0
1914,2020-01,2023-05,39
3734,2023-09,2024-08,11
8846,2020-11,2025-01,50
3813,2020-02,2020-08,5
2605,2023-06,2023-06,0
5365,2023-01,2023-01,0
8667,2021-03,2024-01,34
3925,2021-07,2021-07,0
7476,2020-11,2020-11,0
3388,2022-09,2022-09,0
5865,2020-10,2023-01,26
3870,2023-08,2025-03,18
9023,2022-05,2024-03,22
8460,2020-04,2021-05,13
4204,2021-04,2024-09,41
9009,2021-03,2024-11,44
6673,2022-05,2022-05,0
3392,2025-01,2025-01,0
5414,2020-02,2020-02,0
2054,2020-07,2020-07,0
7414,2024-06,2024-06,0
1194,2020-01,2023-02,36
7974,2022-11,2024-12,24
7438,2021-02,2022-12,22
8062,2021-09,2024-01,27
6976,2020-11,2020-11,0
3627,2020-11,2020-11,0
1236,2022-12,2022-12,0
7519,2021-03,2024-09,42
9325,2020-03,2020-03,0
3721,2020-12,2020-12,0
3282,2020-05,2025-04,59
3806,2020-04,2020-04,0
8728,2020-02,2020-02,0
9597,2022-11,2023-12,13
8231,2020-12,2024-12,48
6785,2020-12,2023-08,31
9925,2020-02,2020-02,0
1043,2020-06,2024-08,50
2049,2021-05,2024-07,38
5832,2023-08,2025-02,17
5151,2020-11,2020-11,0
8157,2022-10,2024-12,25
9029,2023-02,2024-09,19
4429,2023-06,2023-06,0
2084,2023-05,2023-05,0
6361,2020-03,2020-03,0
1319,2020-12,2022-07,18
2323,2020-03,2020-03,0
5973,2021-08,2021-08,0
3111,2020-06,2020-06,0
4407,2021-01,2024-02,37
4437,2021-01,2021-08,6
3205,2021-02,2021-02,0
1627,2021-05,2024-06,37
9666,2020-08,2021-02,6
4119,2020-11,2020-11,0
3332,2020-05,2020-05,0
5499,2025-02,2025-02,0
6421,2021-05,2023-05,23
2879,2022-04,2022-04,0
3319,2022-07,2022-09,2
1493,2023-08,2023-09,1
7808,2020-06,2024-07,49
3031,2022-09,2022-09,0
7316,2020-01,2021-12,22
6006,2021-07,2022-09,14
1023,2024-08,2024-08,0
5140,2021-03,2024-10,43
7382,2020-11,2024-05,41
5323,2021-06,2021-06,0
1501,2020-03,2025-04,61
5753,2020-04,2020-04,0
1450,2022-07,2022-07,0
2556,2022-09,2022-09,0
3338,2022-01,2024-07,29
3784,2021-11,2022-01,2
3123,2021-06,2021-06,0
6876,2020-06,2025-02,56
7683,2021-05,2021-05,0
7810,2020-01,2023-05,39
4197,2020-11,2020-11,0
6429,2021-01,2021-01,0
5006,2020-07,2021-09,14
1786,2022-11,2024-10,22
4163,2022-03,2022-06,3
8291,2020-11,2023-12,37
6731,2024-06,2024-06,0
1938,2024-03,2024-03,0
6014,2021-08,2021-08,0
3856,2020-06,2020-12,6
4251,2022-02,2024-02,24
2745,2024-08,2024-08,0
3607,2023-07,2024-10,15
9299,2022-03,2024-12,32
8585,2023-12,2023-12,0
9819,2020-01,2020-07,5
4621,2020-01,2024-09,56
5527,2021-11,2022-06,6
4898,2023-04,2023-04,0
9743,2022-03,2022-03,0
1114,2020-06,2022-08,26
8715,2020-06,2023-08,38
8074,2020-09,2024-09,48
3150,2020-09,2022-01,16
7028,2024-05,2024-05,0
5833,2020-01,2025-01,60
3966,2021-12,2021-12,0
6777,2020-04,2021-08,16
6262,2023-05,2023-05,0
2446,2020-11,2020-11,0
8359,2022-10,2023-03,5
4661,2024-12,2024-12,0
6428,2020-12,2024-03,38
8244,2021-01,2021-10,9
2705,2025-04,2025-04,0
1009,2021-09,2022-02,4
9693,2020-09,2024-10,49
2786,2020-11,2020-11,0
3750,2024-03,2024-08,5
4300,2020-08,2021-05,9
7159,2021-06,2022-04,9
4207,2022-10,2022-10,0
2152,2023-12,2023-12,0
9457,2020-03,2020-05,1
4723,2023-09,2024-12,15
5600,2021-02,2022-08,18
2914,2020-03,2025-02,59
8850,2025-02,2025-02,0
3074,2024-12,2024-12,0
6379,2022-07,2024-12,28
4609,2021-03,2021-03,0
8958,2020-01,2020-01,0
6779,2023-03,2023-03,0
9410,2021-11,2021-11,0
9390,2024-08,2024-08,0
2718,2020-08,2024-02,41
4847,2020-05,2022-04,22
7486,2024-09,2024-09,0
1140,2023-10,2023-10,0
4886,2020-03,2024-05,49
5869,2021-04,2021-04,0
8578,2020-08,2020-08,0
5139,2020-09,2024-04,43
5540,2022-06,2022-06,0
8403,2020-02,2020-04,1
7980,2024-04,2025-03,11
6625,2023-12,2023-12,0
5877,2020-08,2020-08,0
2787,2022-06,2022-06,0
5245,2023-11,2023-11,0
9444,2020-12,2023-09,33
9449,2025-03,2025-03,0
1887,2023-07,2023-11,3
8031,2020-03,2024-04,49
8380,2023-03,2024-09,18
9140,2024-01,2024-01,0
2180,2023-02,2023-02,0
6069,2021-06,2021-06,0
6023,2020-07,2025-02,55
4449,2020-08,2023-06,33
2603,2024-12,2024-12,0
8629,2022-01,2022-01,0
4167,2022-06,2022-06,0
1042,2022-11,2025-01,25
4570,2020-12,2022-06,17
3434,2022-01,2022-10,9
9209,2021-01,2025-01,47
4871,2021-02,2022-11,20
6571,2020-11,2020-11,0
6456,2022-10,2022-10,0
4068,2020-01,2020-01,0
7432,2020-06,2020-06,0
8513,2020-01,2020-01,0
6423,2023-07,2023-07,0
8380,2023-03,2023-03,0
1878,2023-04,2024-01,9
5025,2022-11,2023-04,4
2226,2021-02,2021-02,0
6402,2020-04,2021-08,15
4981,2021-08,2023-04,20
7031,2020-04,2021-04,11
1686,2021-11,2021-11,0
1602,2021-04,2021-04,0
8704,2023-10,2023-10,0
7850,2021-12,2021-12,0
6905,2024-09,2024-09,0
7416,2023-02,2023-02,0
2765,2020-12,2025-01,48
2527,2020-09,2020-12,3
8825,2023-06,2023-06,0
7856,2024-03,2024-03,0
7639,2020-02,2023-03,37
3766,2020-03,2020-03,0
4880,2021-06,2021-06,0
1432,2021-10,2021-10,0
5641,2021-04,2022-08,15
6778,2021-02,2021-02,0
5205,2022-10,2022-10,0
6572,2024-12,2024-12,0
3065,2020-04,2020-04,0
6453,2022-05,2024-07,25
9166,2020-09,2020-09,0
6105,2020-02,2022-06,27
4802,2020-05,2020-11,5
7716,2021-09,2024-12,39
2011,2025-04,2025-04,0
1579,2020-10,2024-10,47
5000,2020-06,2020-06,0
3328,2021-06,2024-05,35
1284,2020-07,2020-07,0
4010,2020-08,2020-08,0
8276,2020-11,2020-11,0
1382,2020-11,2022-07,19
1608,2021-09,2023-07,22
1389,2021-05,2021-05,0
6583,2021-05,2022-01,8
1633,2020-11,2020-11,0
4420,2020-07,2022-09,25
1543,2020-04,2021-02,10
8792,2020-08,2021-01,5
7265,2020-01,2025-04,63
4172,2020-01,2020-01,0
4788,2021-06,2021-06,0
2188,2020-12,2020-12,0
7191,2024-04,2024-12,7
3403,2020-02,2020-02,0
4675,2022-05,2024-05,23
3615,2021-08,2021-08,0
1690,2023-12,2023-12,0
3063,2021-06,2021-07,1
4820,2021-11,2021-11,0
5583,2024-11,2024-11,0
6170,2022-08,2022-08,0
6310,2023-04,2023-04,0
9772,2020-02,2021-01,11
9970,2020-09,2020-09,0
7557,2020-05,2023-06,36
9495,2022-04,2022-04,0
1422,2021-02,2021-02,0
7904,2021-09,2021-09,0
1868,2020-06,2020-06,0
7815,2020-03,2021-07,15
9245,2021-04,2021-11,7
5435,2020-09,2020-09,0
7831,2021-04,2021-04,0
7989,2020-07,2020-07,0
8208,2020-09,2020-09,0
5211,2023-03,2023-03,0
3898,2023-03,2023-03,0
8422,2020-05,2020-05,0
5105,2022-08,2023-11,14
9787,2020-12,2020-12,0
1059,2022-02,2024-02,24
5466,2020-09,2024-07,45
8669,2022-09,2025-04,31
8110,2022-12,2022-12,0
9420,2022-05,2023-03,9
3509,2021-01,2022-07,18
7535,2024-12,2024-12,0
3233,2021-09,2021-09,0
7570,2023-04,2024-12,19
7187,2021-01,2021-07,5
1439,2021-01,2021-11,9
9072,2020-12,2020-12,0
7950,2021-06,2024-10,40
7517,2020-03,2024-09,54
4297,2021-03,2021-03,0
7576,2020-07,2020-08,1
7024,2020-04,2020-04,0
8638,2021-03,2023-09,29
3018,2022-02,2024-07,29
3187,2020-03,2020-03,0
4903,2021-07,2022-06,11
5424,2020-05,2020-05,0
1295,2021-02,2021-02,0
2402,2020-07,2020-07,0
5287,2021-06,2023-02,19
8208,2020-09,2022-11,26
2941,2020-01,2022-06,28
9428,2020-05,2023-12,42
7559,2020-01,2021-01,12
7013,2020-10,2023-04,30
8656,2020-06,2024-10,51
1898,2021-05,2025-03,46
1953,2021-06,2023-07,25
7957,2022-01,2022-01,0
7111,2023-10,2025-01,15
7214,2022-03,2022-03,0
5811,2020-05,2020-05,0
1879,2020-07,2025-04,56
2500,2021-01,2024-04,39
1008,2020-04,2020-04,0
1835,2022-06,2022-06,0
6932,2024-04,2024-04,0
1193,2024-12,2025-02,2
6701,2020-12,2023-04,27
8758,2021-02,2022-04,13
4762,2021-08,2023-01,16
3877,2020-10,2020-10,0
3820,2020-12,2020-12,0
6971,2020-06,2020-06,0
8755,2022-01,2022-01,0
6468,2021-02,2021-04,2
7918,2020-08,2020-08,0
8394,2021-11,2023-03,15
3736,2021-01,2021-01,0
5225,2020-07,2020-07,0
1920,2025-01,2025-01,0
5656,2020-05,2021-01,7
4460,2020-10,2020-10,0
7002,2022-04,2022-04,0
4905,2020-06,2020-06,0
4764,2024-10,2024-10,0
7479,2021-11,2023-07,19
8328,2020-03,2020-03,0
7172,2021-09,2024-12,38
9686,2021-01,2021-10,8
2448,2020-03,2022-09,29
5934,2020-01,2020-05,3
6950,2024-04,2024-04,0
7405,2021-11,2021-12,0
5506,2020-05,2020-05,0
1571,2021-09,2021-09,0
6528,2022-01,2022-10,8
5640,2020-06,2024-01,43
6824,2022-07,2022-07,0
6418,2021-08,2021-08,0
8155,2022-01,2023-08,18
7125,2021-02,2023-08,29
3381,2020-01,2021-01,11
2790,2022-09,2022-09,0
2483,2023-01,2023-01,0
9488,2024-11,2024-11,0
2160,2021-06,2021-06,0
7723,2021-10,2021-10,0
6267,2022-11,2022-11,0
2251,2020-03,2020-03,0
7751,2020-10,2020-10,0
4434,2022-05,2024-11,29
8437,2023-05,2023-11,6
5505,2024-01,2024-01,0
1136,2020-08,2021-12,15
3559,2020-05,2025-03,58
5336,2020-11,2020-11,0
9115,2020-01,2020-01,0
1141,2021-08,2021-08,0
5857,2020-01,2020-11,9
9471,2020-08,2020-11,3
9979,2020-04,2021-12,20
3308,2022-03,2022-03,0
8708,2020-06,2020-06,0
9844,2020-07,2022-09,26
7333,2022-03,2022-03,0
5061,2022-09,2022-09,0
8893,2023-07,2023-07,0
8773,2021-03,2024-06,39
2320,2020-02,2022-06,27
8504,2021-02,2021-02,0
9770,2020-05,2020-05,0
6638,2022-08,2022-08,0
3964,2022-04,2022-11,6
9248,2020-11,2021-02,2
8454,2020-04,2023-11,42
9597,2022-11,2022-12,1
6417,2022-02,2022-08,5
9400,2024-10,2024-10,0
5831,2022-03,2024-04,24
5548,2022-11,2023-08,8
3231,2022-04,2022-04,0
4490,2022-04,2022-04,0
6378,2021-09,2021-09,0
3981,2020-01,2024-08,54
2048,2020-08,2020-08,0
4420,2020-07,2022-12,29
9453,2021-06,2021-06,0
3509,2021-01,2025-01,48
5691,2020-12,2020-12,0
4971,2022-09,2022-09,0
6725,2023-06,2023-06,0
6900,2021-05,2021-05,0
3229,2020-03,2025-02,58
4932,2021-02,2025-02,48
8624,2021-03,2021-03,0
6493,2021-02,2023-10,31
1495,2024-06,2024-06,0
2673,2023-08,2023-08,0
3138,2020-09,2022-07,21
4953,2022-08,2022-08,0
8208,2020-09,2022-03,18
9061,2020-03,2020-03,0
3653,2020-10,2020-10,0
6769,2021-11,2021-11,0
2722,2021-03,2021-03,0
4435,2021-09,2021-09,0
9053,2021-06,2021-06,0
8999,2020-03,2023-04,36
7473,2021-04,2025-01,45
5895,2022-01,2023-08,19
6428,2020-12,2020-12,0
4795,2022-05,2022-06,0
5857,2020-01,2020-01,0
3707,2022-06,2022-06,0
9556,2020-03,2020-03,0
2245,2020-06,2020-06,0
9573,2020-02,2020-05,2
8090,2022-02,2022-02,0
5464,2024-05,2024-05,0
9617,2024-05,2024-05,0
9795,2020-10,2021-02,3
9726,2020-03,2020-03,0
1589,2024-07,2024-07,0
4973,2020-10,2020-10,0
3745,2023-10,2023-11,0
8541,2021-09,2021-09,0
3745,2023-10,2024-01,3
1274,2020-05,2020-05,0
7252,2021-04,2021-06,1
3077,2020-01,2020-01,0
8873,2022-01,2022-10,9
8003,2022-01,2022-01,0
6536,2020-07,2024-02,42
9670,2020-05,2024-08,51
1476,2020-11,2020-11,0
1103,2021-05,2024-11,41
8353,2020-06,2024-01,42
8170,2021-06,2021-09,3
1118,2020-05,2020-05,0
9797,2022-10,2023-08,10
5357,2021-05,2021-05,0
7033,2021-09,2022-09,11
7967,2020-07,2020-07,0
3114,2023-10,2023-10,0
9187,2023-01,2023-01,0
1916,2021-12,2021-12,0
6564,2021-05,2024-08,38
8697,2022-04,2022-04,0
8574,2023-02,2024-01,11
3073,2022-05,2022-05,0
8342,2020-04,2023-09,41
6114,2020-02,2020-02,0
1684,2022-12,2024-12,24
6424,2022-09,2022-09,0
7726,2021-06,2021-06,0
4652,2020-09,2024-03,42
8506,2024-05,2025-03,9
2708,2022-11,2022-11,0
9805,2024-10,2024-10,0
6893,2021-04,2021-04,0
5677,2020-10,2023-01,26
8540,2020-01,2023-02,37
6624,2023-02,2023-02,0
5866,2022-10,2022-10,0
9436,2020-03,2020-03,0
8065,2020-10,2020-10,0
4395,2020-09,2021-03,5
2155,2022-11,2023-10,10
5643,2024-10,2024-10,0
6771,2020-12,2021-03,3
8171,2021-09,2021-11,2
7934,2020-09,2024-10,48
5288,2023-07,2023-07,0
5571,2020-07,2022-04,21
5498,2021-04,2024-03,35
1393,2022-09,2024-02,17
6292,2023-04,2024-12,19
3109,2020-08,2020-08,0
4692,2022-09,2022-09,0
9382,2023-10,2023-10,0
4953,2022-08,2025-02,30
9172,2020-03,2022-12,33
3355,2023-04,2023-04,0
6830,2022-02,2022-02,0
1873,2023-04,2023-04,0
2240,2020-05,2020-05,0
1277,2021-11,2021-11,0
4579,2020-03,2020-03,0
4239,2020-06,2020-06,0
1346,2021-01,2023-05,27
8370,2020-09,2020-09,0
8549,2022-02,2024-09,30
7241,2021-02,2024-02,36
7030,2021-12,2021-12,0
5846,2023-06,2023-06,0
6580,2023-05,2023-05,0
7076,2021-08,2021-12,4
6613,2020-03,2021-03,11
4932,2021-02,2024-11,45
3195,2021-06,2021-06,0
2359,2020-12,2021-11,10
9420,2022-05,2024-04,22
2217,2020-12,2020-12,0
6652,2022-08,2022-08,0
6127,2024-09,2025-04,7
7012,2020-03,2023-04,36
8424,2024-05,2024-06,0
9202,2022-04,2024-06,25
7461,2022-12,2024-09,20
2099,2020-06,2021-05,10
4030,2020-10,2020-10,0
9051,2022-03,2022-03,0
6237,2021-11,2023-08,21
1661,2023-05,2023-05,0
3220,2021-01,2021-02,1
5293,2020-12,2020-12,0
9403,2021-07,2021-07,0
3318,2020-12,2021-07,6
4089,2020-01,2020-01,0
4964,2020-10,2024-01,39
3761,2022-06,2022-06,0
5681,2020-10,2023-09,34
3832,2023-03,2025-04,25
4826,2022-06,2023-06,12
5104,2020-10,2023-09,35
2450,2022-01,2025-03,37
6926,2020-08,2020-12,4
3699,2020-09,2020-09,0
6193,2021-03,2024-08,40
1440,2020-06,2025-03,57
5143,2023-03,2023-03,0
4877,2023-06,2023-06,0
5955,2021-09,2021-09,0
2424,2021-05,2021-05,0
4341,2022-12,2022-12,0
4821,2020-09,2020-09,0
7011,2020-08,2020-08,0
4511,2020-01,2021-10,20
8084,2021-04,2023-10,29
8004,2021-11,2021-11,0
4041,2023-11,2023-11,0
3104,2023-11,2023-11,0
3469,2021-05,2024-06,37
2414,2020-05,2021-05,12
4339,2020-12,2021-07,6
1646,2022-01,2022-01,0
6002,2020-07,2020-07,0
9612,2022-08,2023-03,6
9929,2023-01,2023-01,0
2150,2020-11,2020-11,0
7752,2024-09,2025-04,7
3585,2022-05,2022-05,0
2764,2020-03,2021-07,16
1591,2021-11,2022-07,8
4554,2020-10,2020-10,0
4389,2020-02,2024-10,56
4825,2022-02,2022-02,0
7532,2020-12,2020-12,0
2133,2020-03,2020-03,0
1185,2023-09,2025-01,16
9976,2020-09,2020-09,0
2886,2023-09,2023-09,0
5760,2020-08,2022-12,28
2835,2023-12,2025-04,16
3603,2021-06,2021-06,0
5463,2021-08,2021-08,0
7027,2022-02,2022-02,0
2255,2020-08,2020-08,0
8778,2021-07,2024-11,39
1950,2022-01,2022-01,0
8434,2021-12,2024-01,25
3514,2020-10,2020-10,0
8524,2023-03,2023-03,0
7182,2024-10,2024-10,0
2927,2020-07,2021-10,15
9150,2022-06,2022-06,0
2258,2020-01,2024-04,51
1898,2021-05,2024-02,32
8200,2023-08,2023-08,0
4079,2021-05,2022-08,15
7211,2021-06,2022-07,13
1990,2022-01,2023-12,22
1372,2020-06,2024-05,47
5602,2021-06,2022-03,9
7502,2020-07,2021-10,15
5023,2023-04,2023-04,0
5060,2021-01,2022-01,11
1971,2021-01,2021-09,8
6214,2020-11,2020-11,0
1432,2021-10,2022-10,12
5494,2020-07,2024-05,45
7895,2024-03,2024-10,6
4542,2020-05,2024-11,54
7655,2024-02,2024-02,0
9043,2021-01,2021-01,0
9875,2020-01,2022-02,24
4157,2020-05,2020-05,0
3803,2023-02,2023-02,0
1085,2021-07,2024-01,30
4055,2022-06,2022-06,0
9875,2020-01,2021-02,13
7124,2021-10,2021-10,0
5494,2020-07,2020-07,0
4466,2021-04,2021-04,0
7894,2024-03,2024-09,6
6092,2020-10,2021-11,13
4853,2023-09,2023-09,0
4378,2022-05,2024-05,23
4202,2020-02,2020-02,0
4154,2020-02,2022-02,23
9714,2020-07,2021-02,6
4856,2022-12,2022-12,0
6965,2023-10,2025-03,16
7899,2021-02,2021-08,6
9474,2021-02,2021-05,3
5354,2022-06,2022-06,0
9046,2020-07,2023-08,37
1632,2023-07,2023-07,0
8493,2020-01,2020-01,0
8246,2020-11,2022-08,20
2996,2024-11,2024-11,0
5946,2020-05,2020-05,0
2817,2022-08,2023-03,7
5146,2022-05,2022-05,0
8199,2023-05,2023-05,0
6105,2020-02,2020-02,0
7213,2024-04,2024-04,0
7784,2020-06,2022-10,27
2670,2020-02,2022-10,32
4248,2020-07,2020-12,4
2463,2022-02,2024-01,23
7548,2023-02,2023-02,0
6453,2022-05,2022-05,0
5417,2020-01,2022-06,28
5230,2022-07,2022-07,0
9204,2020-09,2020-09,0
9299,2022-03,2022-03,0
9189,2020-10,2020-10,0
1447,2021-12,2024-08,31
5467,2021-03,2022-10,18
5600,2021-02,2024-08,42
6802,2020-11,2022-09,22
1469,2020-06,2020-06,0
2412,2022-01,2022-01,0
3255,2020-02,2020-02,0
4613,2020-01,2022-05,27
8726,2024-04,2024-04,0
3059,2020-03,2020-03,0
8291,2020-11,2020-11,0
7399,2020-09,2025-03,53
9766,2021-07,2024-04,32
6322,2020-08,2020-08,0
8388,2023-10,2024-02,4
4173,2020-01,2021-05,16
2393,2020-10,2024-07,45
1543,2020-04,2021-02,10
4096,2023-10,2023-10,0
5253,2020-06,2023-08,38
4941,2020-10,2021-02,3
5126,2022-10,2022-10,0
8763,2021-03,2025-02,46
1255,2021-07,2025-04,45
8979,2020-05,2020-05,0
6494,2020-01,2020-01,0
5995,2021-09,2024-08,34
6822,2020-06,2025-04,57
7343,2020-01,2020-01,0
5811,2020-05,2021-01,8
8798,2023-12,2023-12,0
6795,2023-01,2023-07,6
8776,2020-04,2020-04,0
1127,2021-03,2023-01,22
7797,2023-12,2023-12,0
2095,2025-03,2025-03,0
4353,2020-01,2020-01,0
5662,2022-01,2022-01,0
4016,2021-05,2022-09,15
2925,2020-03,2023-01,34
4487,2021-01,2022-06,16
7923,2020-08,2020-08,0
9427,2020-12,2020-12,0
2492,2020-11,2020-11,0
1756,2020-07,2020-12,5
1209,2020-02,2020-02,0
3055,2020-07,2020-07,0
5650,2021-02,2021-02,0
8347,2020-12,2021-04,4
4922,2020-08,2020-08,0
5943,2021-09,2022-03,6
5725,2021-12,2021-12,0
5017,2021-02,2021-10,7
3453,2023-11,2023-11,0
4309,2020-08,2020-08,0
3768,2021-09,2021-09,0
6885,2020-09,2020-09,0
9059,2020-03,2022-10,31
3042,2020-03,2023-05,38
3269,2020-12,2022-05,17
7199,2021-02,2022-08,18
8739,2021-09,2023-05,20
6597,2023-07,2024-11,15
2060,2023-02,2023-02,0
1614,2020-11,2020-11,0
5548,2022-11,2022-11,0
1033,2021-03,2025-04,48
2979,2023-10,2023-10,0
2953,2020-07,2020-07,0
5223,2022-10,2022-10,0
2338,2021-01,2021-01,0
9271,2022-06,2024-03,20
8495,2020-10,2024-03,40
3825,2023-04,2024-03,11
9019,2020-02,2021-12,21
9457,2020-03,2021-06,14
6512,2023-02,2023-02,0
4951,2021-08,2021-08,0
8911,2020-01,2020-01,0
9119,2020-02,2024-06,52
8680,2020-04,2023-02,33
3408,2020-11,2020-11,0
6477,2020-11,2020-11,0
2417,2021-10,2023-04,17
1504,2021-10,2021-10,0
3719,2020-02,2020-02,0
1989,2024-04,2024-04,0
7649,2022-04,2022-04,0
3431,2021-11,2024-07,32
4330,2020-10,2021-08,9
6914,2020-10,2020-10,0
6037,2021-05,2021-05,0
9677,2022-11,2022-11,0
1019,2023-12,2023-12,0
8739,2021-09,2021-09,0
1346,2021-01,2021-01,0
8985,2022-06,2022-06,0
9646,2024-08,2024-08,0
7830,2023-03,2023-03,0
8121,2023-12,2024-11,11
4683,2020-11,2020-11,0
1575,2020-06,2025-02,56
4843,2020-04,2020-04,0
3532,2021-08,2021-08,0
8130,2020-08,2022-01,17
9860,2021-09,2022-12,15
3883,2020-09,2020-09,0
1971,2021-01,2022-10,21
5407,2022-06,2022-06,0
6188,2023-08,2023-08,0
8715,2020-06,2020-06,0
5524,2022-05,2022-05,0
9353,2023-01,2023-01,0
8319,2021-01,2024-01,36
9165,2020-07,2025-03,56
1057,2021-06,2021-08,1
4175,2021-02,2023-09,31
3443,2022-09,2022-09,0
3941,2020-07,2024-12,52
1955,2023-09,2023-09,0
7372,2020-04,2023-10,41
6657,2021-12,2021-12,0
8263,2021-02,2022-06,15
1540,2020-02,2020-02,0
5225,2020-07,2021-10,15
7243,2021-06,2022-04,10
8089,2020-05,2022-04,22
3432,2020-05,2023-06,36
8841,2020-01,2020-01,0
6613,2020-03,2020-03,0
8900,2020-12,2020-12,0
1405,2023-05,2023-05,0
4439,2022-08,2024-10,26
4422,2022-06,2024-06,23
8118,2021-07,2021-07,0
3122,2022-04,2023-10,18
7557,2020-05,2020-06,1
4782,2022-01,2022-01,0
9147,2022-06,2024-04,21
6521,2020-11,2020-11,0
2671,2023-01,2023-01,0
8725,2022-12,2023-07,6
1871,2021-03,2021-03,0
6114,2020-02,2023-04,38
5112,2023-09,2023-09,0
4349,2023-10,2023-10,0
5376,2021-08,2021-08,0
4221,2021-03,2024-03,36
9804,2020-05,2020-05,0
4449,2020-08,2020-08,0
7531,2022-06,2023-06,11
3095,2022-07,2023-02,6
9969,2024-01,2024-01,0
5413,2020-02,2021-10,19
2655,2021-08,2021-08,0
7089,2020-09,2025-02,52
2862,2022-04,2023-03,11
7318,2020-01,2021-05,16
7326,2020-03,2023-02,34
6841,2020-02,2024-06,52
3360,2021-09,2024-10,36
9837,2021-11,2025-02,38
3577,2021-02,2021-02,0
6295,2021-09,2022-11,13
8377,2020-12,2020-12,0
8023,2020-10,2020-10,0
4345,2021-05,2021-05,0
9620,2023-11,2023-11,0
1622,2023-12,2023-12,0
8679,2021-02,2024-05,39
9484,2020-03,2023-01,34
4460,2020-10,2023-05,31
1374,2023-07,2023-07,0
9352,2022-06,2023-04,9
7891,2021-03,2021-12,9
2322,2023-08,2023-08,0
1489,2022-03,2022-03,0
7490,2020-02,2022-09,31
9585,2023-07,2023-07,0
1603,2024-12,2024-12,0
4656,2024-06,2024-06,0
7841,2020-04,2021-04,12
9714,2020-07,2020-07,0
6871,2021-03,2021-03,0
1015,2020-12,2021-06,6
4034,2020-12,2020-12,0
7244,2022-10,2022-10,0
6328,2021-02,2021-02,0
4965,2022-05,2024-01,20
5832,2023-08,2023-08,0
7793,2020-08,2023-04,32
5213,2025-01,2025-01,0
5735,2020-11,2020-11,0
6699,2024-09,2024-11,2
5685,2020-12,2020-12,0
7029,2020-10,2022-10,23
1953,2021-06,2025-04,46
1513,2020-12,2020-12,0
2491,2020-01,2020-01,0
8663,2022-09,2022-09,0
7161,2020-05,2020-05,0
3748,2020-07,2021-03,8
8556,2022-03,2023-10,19
4045,2024-09,2024-09,0
4350,2021-09,2022-10,13
8405,2020-11,2020-11,0
2070,2020-06,2020-06,0
1083,2020-05,2021-09,15
3029,2024-10,2024-10,0
5953,2023-04,2023-04,0
7493,2021-01,2023-01,23
1375,2020-04,2024-02,45
3527,2022-08,2023-10,13
8328,2020-03,2021-10,18
4239,2020-06,2021-03,8
6855,2022-04,2025-03,35
5577,2020-12,2023-11,34
1954,2022-06,2022-06,0
1380,2020-09,2020-09,0
2584,2021-08,2023-02,18
6992,2020-09,2021-07,10
2760,2021-07,2021-07,0
9041,2021-06,2021-11,4
5454,2021-05,2021-05,0
5917,2024-07,2024-10,3
4496,2020-12,2020-12,0
9840,2020-09,2023-09,36
1933,2024-03,2024-03,0
6334,2020-01,2020-01,0
1491,2021-11,2024-05,29
8155,2022-01,2022-10,8
4135,2022-04,2022-04,0
8362,2020-12,2020-12,0
9661,2024-07,2024-07,0
9232,2021-07,2022-10,14
5480,2020-03,2020-03,0
6812,2021-06,2021-06,0
9324,2020-04,2023-03,35
9247,2020-04,2025-03,59
6298,2020-02,2024-12,57
1738,2021-02,2021-02,0
7388,2021-08,2024-05,33
3709,2021-01,2024-04,39
5885,2021-03,2025-03,47
6870,2022-03,2022-03,0
6406,2021-02,2021-02,0
4058,2022-09,2022-09,0
6827,2020-01,2020-01,0
9264,2020-04,2021-12,20
9537,2024-03,2024-03,0
6408,2022-05,2022-05,0
5763,2023-05,2023-12,6
5909,2022-10,2025-01,26
4472,2021-10,2021-10,0
8230,2021-04,2021-04,0
3007,2020-04,2020-04,0
7980,2024-04,2024-04,0
2897,2020-11,2021-09,9
4895,2022-11,2022-11,0
7636,2022-06,2022-06,0
7697,2023-02,2023-11,9
2149,2023-07,2023-07,0
1727,2024-01,2024-01,0
3009,2020-09,2020-09,0
4630,2020-04,2020-04,0
3146,2020-08,2020-08,0
7571,2022-08,2023-04,8
9447,2020-02,2022-05,26
1005,2022-12,2023-09,9
3741,2022-11,2022-11,0
4162,2021-06,2021-06,0
2735,2022-12,2024-06,18
2123,2023-08,2023-08,0
6796,2021-12,2021-12,0
9879,2023-06,2023-06,0
1897,2020-01,2024-04,51
2484,2021-01,2021-01,0
2899,2021-08,2021-08,0
7122,2020-05,2024-02,44
6505,2021-03,2021-03,0
4647,2021-07,2021-07,0
7746,2022-03,2022-12,9
9219,2023-03,2023-09,5
9068,2020-05,2022-08,26
9786,2020-02,2023-09,43
3418,2022-07,2023-09,14
3669,2020-07,2021-11,15
6990,2020-03,2020-03,0
2661,2022-07,2023-03,7
3518,2021-09,2021-09,0
4400,2020-06,2020-10,4
4190,2020-03,2020-07,3
3673,2021-10,2021-10,0
5344,2021-06,2021-06,0
4493,2022-06,2025-04,33
2196,2022-01,2025-02,36
9126,2020-12,2023-11,34
6714,2022-12,2023-10,9
8355,2025-02,2025-02,0
7367,2025-02,2025-02,0
3970,2020-03,2021-08,16
3151,2022-07,2022-07,0
4760,2020-05,2025-02,57
7071,2020-09,2021-11,14
6210,2021-03,2024-09,42
3752,2023-09,2023-09,0
8071,2020-04,2020-04,0
2039,2023-08,2023-11,3
3158,2020-02,2022-02,24
4768,2022-03,2024-07,28
4631,2020-03,2021-01,10
6317,2020-06,2020-06,0
9322,2020-02,2022-12,34
3222,2021-03,2022-07,16
4623,2024-12,2024-12,0
6584,2021-09,2021-09,0
9272,2020-02,2020-02,0
1330,2023-06,2024-02,7
7339,2020-05,2021-03,10
7628,2022-10,2024-08,21
5721,2020-04,2020-04,0
3675,2021-04,2021-04,0
1802,2022-06,2022-06,0
1096,2021-07,2025-04,45
5490,2020-10,2020-10,0
1218,2023-12,2023-12,0
7669,2023-01,2023-01,0
2234,2021-08,2025-02,42
2674,2021-12,2021-12,0
4868,2023-01,2023-01,0
6335,2020-12,2022-07,19
6773,2024-12,2024-12,0
1189,2022-03,2022-07,3
6446,2022-10,2022-10,0
1569,2023-06,2023-06,0
8483,2023-05,2023-05,0
8081,2021-12,2023-02,14
9951,2020-09,2020-09,0
1665,2021-06,2021-06,0
5492,2023-12,2023-12,0
1263,2020-03,2020-10,7
8443,2021-07,2022-11,16
8259,2022-08,2022-10,1
6180,2021-06,2025-02,43
9743,2022-03,2024-11,32
7398,2022-06,2024-02,20
6658,2020-05,2023-08,38
7401,2022-02,2022-10,8
9116,2023-11,2024-01,1
7567,2020-01,2020-01,0
7149,2020-01,2023-05,40
1234,2022-02,2022-02,0
7347,2020-05,2023-10,40
7358,2020-01,2022-08,30
7339,2020-05,2024-10,53
9849,2020-09,2023-02,28
4107,2021-10,2021-10,0
3088,2021-03,2024-10,42
9984,2022-10,2022-10,0
7767,2020-02,2020-02,0
3046,2020-01,2020-01,0
3578,2020-04,2020-04,0
9045,2022-03,2024-11,32
1734,2021-07,2024-11,39
9146,2020-01,2020-01,0
2421,2020-02,2020-02,0
6280,2021-06,2023-08,25
4327,2020-12,2022-04,16
7394,2020-12,2020-12,0
9536,2020-06,2025-04,57
6061,2025-03,2025-03,0
8415,2022-09,2024-07,21
1926,2024-05,2024-05,0
1135,2021-12,2023-08,19
4730,2023-05,2024-08,15
4087,2022-02,2022-02,0
5459,2020-05,2020-05,0
1272,2020-09,2022-04,18
4767,2021-01,2023-10,32
4968,2021-08,2022-06,10
3024,2021-09,2021-09,0
3406,2021-02,2022-09,19
5437,2020-12,2020-12,0
4706,2020-02,2021-08,18
2230,2020-08,2021-10,13
9818,2020-08,2022-02,18
9388,2020-01,2024-05,52
4224,2022-11,2022-11,0
8628,2020-02,2025-03,60
9912,2022-07,2022-07,0
1739,2020-08,2021-02,5
2880,2022-04,2023-11,19
3412,2023-12,2023-12,0
9062,2023-01,2023-01,0
9471,2020-08,2020-08,0
1253,2024-01,2024-01,0
7272,2020-06,2020-06,0
3664,2024-02,2024-02,0
8588,2021-06,2021-06,0
8130,2020-08,2025-04,56
6447,2020-01,2020-09,8
8399,2021-12,2021-12,0
3088,2021-03,2025-01,45
5923,2021-09,2021-09,0
3354,2020-02,2020-10,8
3442,2022-03,2022-03,0
4042,2020-07,2024-02,43
4319,2020-01,2020-01,0
8633,2021-04,2021-04,0
4056,2021-05,2021-05,0
1754,2022-03,2024-11,32
6511,2021-02,2023-06,27
9638,2020-02,2025-03,60
3602,2021-01,2021-04,3
8231,2020-12,2025-02,50
7220,2022-04,2022-04,0
1725,2024-01,2024-01,0
9945,2020-04,2024-03,46
6258,2021-01,2021-01,0
8319,2021-01,2022-06,17
3119,2020-10,2020-10,0
6134,2020-06,2022-05,22
4524,2022-10,2023-04,5
6896,2021-03,2022-06,14
7085,2020-05,2020-05,0
3232,2024-03,2024-03,0
1564,2022-10,2022-10,0
2346,2022-04,2023-11,18
4602,2024-04,2025-02,9
1249,2021-12,2023-07,18
5544,2023-08,2025-02,18
3332,2020-05,2024-02,45
7257,2020-10,2020-10,0
8558,2022-09,2022-09,0
4498,2021-02,2025-03,49
8845,2020-01,2020-01,0
6937,2023-07,2023-10,2
5532,2021-06,2021-06,0
3697,2020-09,2024-11,50
8657,2020-02,2023-04,38
1748,2024-02,2024-11,8
5956,2021-03,2023-12,32
9131,2021-05,2021-05,0
9892,2021-01,2023-10,32
7772,2022-11,2022-11,0
9694,2020-09,2020-09,0
8801,2023-05,2024-07,13
3143,2022-05,2023-11,17
3514,2020-10,2021-02,4
4561,2023-07,2023-07,0
9437,2022-10,2022-10,0
1737,2024-05,2024-05,0
4512,2021-07,2021-07,0
4050,2020-11,2022-08,20
6267,2022-11,2023-08,8
8192,2020-03,2020-03,0
4387,2020-03,2020-05,1
9607,2021-04,2022-07,15
8591,2023-12,2025-01,12
9132,2021-07,2022-12,16
1294,2023-02,2023-08,6
7735,2021-04,2021-04,0
7589,2022-12,2024-08,20
8361,2020-03,2023-06,38
3281,2021-12,2021-12,0
3533,2021-10,2021-10,0
9827,2020-02,2020-11,9
4482,2022-07,2022-07,0
7804,2022-03,2022-03,0
3703,2020-02,2020-08,6
8214,2021-07,2024-05,34
4530,2024-11,2024-11,0
1181,2020-04,2024-11,55
6900,2021-05,2024-01,32
3721,2020-12,2022-05,16
7591,2021-04,2021-12,7
1531,2020-07,2024-07,48
6772,2021-06,2021-06,0
3977,2021-01,2021-01,0
5335,2021-07,2023-01,18
9536,2020-06,2024-02,44
2500,2021-01,2021-01,0
6067,2020-06,2020-06,0
6758,2022-07,2022-07,0
3970,2020-03,2020-03,0
4850,2021-10,2021-10,0
2447,2024-12,2024-12,0
1310,2020-04,2023-03,34
4694,2021-03,2023-04,25
9667,2021-06,2022-03,8
7730,2021-02,2021-02,0
6728,2020-03,2021-02,10
7099,2020-12,2022-08,19
3734,2023-09,2024-09,12
9186,2021-08,2021-08,0
2710,2020-01,2020-03,2
4169,2021-01,2021-01,0
6512,2023-02,2024-10,20
9009,2021-03,2022-09,18
9514,2020-05,2020-07,2
6998,2021-05,2021-05,0
7965,2021-10,2023-05,18
2463,2022-02,2022-06,3
2195,2021-03,2021-03,0
1384,2024-11,2024-11,0
9919,2022-01,2023-09,19
8083,2020-07,2021-01,6
4145,2022-08,2022-08,0
1212,2022-06,2022-06,0
7652,2020-07,2022-03,20
1543,2020-04,2020-04,0
4669,2020-11,2023-11,36
6045,2021-12,2024-07,30
6043,2020-11,2020-11,0
4257,2022-07,2022-07,0
9182,2023-07,2023-07,0
5285,2023-04,2023-04,0
1209,2020-02,2022-11,32
9594,2021-11,2024-05,30
7299,2020-04,2021-03,10
8541,2021-09,2024-11,38
6109,2022-09,2022-09,0
2467,2020-10,2023-11,36
4672,2021-08,2021-08,0
7249,2021-04,2025-03,47
7240,2022-01,2023-02,13
7342,2022-09,2022-11,2
7461,2022-12,2022-12,0
4173,2020-01,2024-05,51
6006,2021-07,2021-07,0
1936,2022-04,2024-06,25
8189,2022-01,2023-09,19
6948,2023-05,2023-06,0
2696,2020-02,2023-08,41
6964,2022-06,2024-03,20
8273,2020-12,2020-12,0
9010,2024-07,2024-10,3
2894,2021-12,2021-12,0
2570,2022-01,2024-12,34
9177,2020-12,2021-12,11
7778,2020-02,2020-02,0
7946,2020-03,2023-08,41
9329,2021-10,2024-08,34
7882,2021-03,2022-08,17
9581,2023-01,2024-02,13
8770,2020-07,2021-12,16
9207,2022-03,2022-03,0
5806,2021-01,2023-04,27
4187,2020-05,2023-03,34
5486,2020-12,2020-12,0
1836,2020-12,2025-02,50
3463,2021-07,2024-10,39
7951,2021-08,2021-08,0
7450,2024-03,2024-03,0
6485,2025-03,2025-03,0
7344,2024-10,2024-12,1
5343,2024-03,2024-03,0
2282,2020-10,2020-10,0
4909,2020-07,2020-07,0
5140,2021-03,2021-03,0
1591,2021-11,2021-11,0
5148,2020-02,2024-08,54
4954,2021-04,2021-04,0
1091,2021-04,2021-04,0
9588,2023-07,2023-07,0
4719,2021-07,2021-07,0
6452,2020-10,2023-11,37
8224,2024-01,2024-01,0
5581,2020-04,2022-02,22
8897,2023-10,2025-01,14
4761,2020-01,2020-01,0
9743,2022-03,2023-03,12
4088,2024-03,2024-03,0
2980,2022-03,2022-03,0
7222,2024-05,2024-05,0
9599,2020-06,2020-08,1
1478,2023-09,2023-09,0
4424,2020-01,2020-01,0
2431,2020-02,2022-03,24
7329,2023-08,2023-08,0
5219,2021-12,2021-12,0
2693,2024-07,2024-07,0
3312,2020-01,2022-10,32
4775,2023-08,2023-08,0
8075,2022-05,2022-05,0
7464,2021-11,2021-11,0
7996,2024-02,2024-02,0
8075,2022-05,2024-03,22
4578,2021-07,2022-07,11
8957,2021-04,2021-08,3
8774,2021-08,2022-07,10
3402,2022-12,2022-12,0
5647,2020-04,2023-06,38
1874,2024-12,2024-12,0
3933,2021-11,2024-09,34
1735,2020-02,2023-01,35
2805,2020-09,2020-09,0
6372,2020-03,2023-03,36
9482,2023-07,2023-07,0
8795,2020-04,2020-04,0
4312,2020-02,2020-02,0
1355,2020-04,2024-11,54
5122,2020-07,2020-07,0
8326,2023-11,2023-11,0
5416,2021-12,2024-08,31
9652,2020-11,2020-11,0
1375,2020-04,2023-08,40
4005,2020-06,2024-03,45
8656,2020-06,2020-06,0
9648,2020-09,2020-09,0
8707,2021-05,2022-07,13
9876,2023-08,2023-08,0
3620,2020-01,2020-01,0
7539,2024-07,2025-01,6
2798,2023-10,2023-10,0
8564,2024-06,2024-06,0
9534,2023-04,2023-04,0
2678,2020-11,2020-11,0
5070,2020-10,2020-10,0
8305,2021-10,2024-12,37
9274,2021-05,2022-05,11
9016,2023-01,2023-01,0
7626,2021-01,2021-01,0
2951,2020-10,2020-11,0
5379,2020-08,2020-08,0
8455,2020-03,2020-03,0
5937,2021-09,2021-09,0
5405,2020-02,2024-06,51
1174,2020-09,2020-09,0
6755,2021-10,2021-10,0
6383,2021-01,2023-11,33
1118,2020-05,2021-09,16
3118,2022-02,2022-02,0
1946,2021-06,2021-06,0
2928,2020-05,2022-07,26
9291,2023-10,2023-10,0
7389,2021-03,2022-11,19
5025,2022-11,2022-11,0
8012,2020-06,2020-06,0
6334,2020-01,2022-01,24
5374,2022-03,2025-03,36
1682,2023-11,2024-09,10
6168,2021-06,2023-09,27
4532,2021-03,2022-12,20
1551,2023-07,2024-03,7
8138,2021-11,2024-09,34
6607,2020-11,2020-11,0
1886,2020-08,2024-03,43
3604,2025-01,2025-01,0
1618,2023-11,2025-03,16
7589,2022-12,2022-12,0
1349,2021-12,2025-03,38
5028,2020-06,2023-01,30
6777,2020-04,2023-06,38
5011,2020-01,2022-01,24
2922,2020-06,2020-11,5
1985,2020-10,2023-06,31
8584,2020-04,2020-04,0
1421,2022-09,2022-09,0
6853,2020-01,2023-03,38
6347,2020-07,2022-05,22
3097,2024-08,2024-08,0
9711,2020-08,2023-05,33
7299,2020-04,2023-08,39
1908,2021-02,2023-05,27
1533,2023-07,2023-07,0
6678,2023-01,2023-01,0
8344,2020-05,2020-05,0
6880,2024-10,2024-10,0
8324,2021-12,2021-12,0
9608,2020-05,2025-03,58
5438,2024-04,2025-01,9
6364,2020-02,2023-07,41
7139,2022-08,2022-08,0
3569,2022-03,2024-02,23
4076,2020-03,2020-03,0
8153,2023-07,2023-07,0
6816,2023-01,2025-04,26
9264,2020-04,2024-01,44
6982,2022-04,2022-04,0
7861,2020-11,2021-08,8
2298,2021-09,2024-03,29
1672,2022-01,2024-05,27
3030,2020-08,2020-08,0
6379,2022-07,2022-07,0
9221,2022-02,2022-02,0
6547,2023-01,2023-01,0
5819,2021-09,2021-09,0
2886,2023-09,2024-09,12
1498,2021-03,2023-01,22
5182,2020-07,2023-05,34
5759,2023-02,2023-02,0
1438,2023-09,2023-09,0
6916,2021-07,2024-12,40
4446,2023-07,2023-07,0
9328,2020-11,2022-03,15
9319,2020-01,2020-01,0
3499,2020-07,2023-09,37
5915,2021-09,2024-01,28
9137,2022-06,2023-10,15
7096,2021-08,2021-08,0
7061,2020-07,2020-07,0
2924,2021-07,2021-07,0
8329,2021-06,2023-06,24
5068,2020-05,2022-10,28
1631,2022-09,2022-09,0
5669,2020-08,2022-08,23
5656,2020-05,2025-03,58
7816,2024-08,2025-03,7
2728,2020-04,2020-04,0
4235,2023-02,2023-02,0
7910,2021-04,2023-12,32
2923,2022-09,2022-09,0
4620,2021-12,2021-12,0
3764,2020-12,2020-12,0
8319,2021-01,2021-01,0
1341,2021-01,2023-10,32
3537,2020-07,2020-07,0
9041,2021-06,2021-06,0
7509,2021-01,2021-01,0
5637,2020-03,2023-10,43
4308,2020-07,2022-06,23
1809,2021-04,2021-04,0
6972,2021-07,2021-07,0
5747,2020-05,2021-12,19
6508,2021-09,2024-01,28
8129,2023-10,2023-10,0
7946,2020-03,2025-01,58
4517,2020-01,2020-11,9
8924,2020-07,2020-07,0
7795,2021-03,2021-03,0
6834,2022-05,2022-05,0
2501,2021-09,2025-04,43
1832,2022-01,2022-01,0
8760,2020-04,2020-04,0
8725,2022-12,2022-12,0
2531,2020-01,2020-01,0
8484,2023-09,2023-09,0
7405,2021-11,2021-11,0
4974,2021-08,2021-08,0
7885,2020-05,2020-07,2
9481,2021-05,2023-08,27
6738,2021-12,2021-12,0
2441,2020-05,2020-05,0
4226,2022-12,2022-12,0
2769,2020-08,2022-03,19
3837,2024-10,2024-10,0
5670,2021-03,2025-04,48
4110,2022-11,2022-11,0
4888,2020-07,2020-07,0
8101,2022-07,2022-07,0
1697,2020-04,2022-10,30
4869,2020-03,2023-09,42
8332,2024-06,2024-06,0
2028,2022-09,2022-09,0
4461,2024-07,2024-09,2
8369,2025-03,2025-03,0
8418,2023-01,2024-08,18
5472,2022-01,2022-03,1
1129,2022-06,2022-10,4
9396,2024-06,2025-01,6
5816,2021-02,2021-02,0
8126,2020-09,2024-03,41
3439,2020-01,2020-01,0
6029,2020-01,2020-01,0
5221,2020-10,2020-10,0
4180,2020-09,2020-09,0
9108,2021-10,2021-10,0
7659,2023-01,2023-01,0
6361,2020-03,2024-08,53
8772,2023-02,2023-08,6
5466,2020-09,2022-04,19
6097,2022-01,2023-04,14
2446,2020-11,2022-06,19
7291,2022-01,2024-12,34
6487,2023-06,2023-06,0
6411,2022-06,2022-06,0
6094,2021-02,2023-12,33
5573,2020-11,2023-09,34
7207,2020-12,2020-12,0
1182,2021-01,2025-02,49
7144,2020-07,2020-07,0
7366,2020-09,2023-05,32
9509,2023-10,2023-10,0
9810,2020-06,2024-10,52
3390,2021-11,2022-10,11
3234,2022-03,2025-01,34
9038,2020-02,2025-01,59
4711,2023-03,2023-03,0
8962,2020-02,2020-06,4
1872,2022-10,2022-10,0
2053,2021-07,2021-07,0
9059,2020-03,2023-01,34
9533,2022-05,2022-05,0
9215,2020-09,2022-06,21
6401,2020-11,2021-12,13
6333,2021-09,2021-09,0
7543,2020-10,2020-10,0
7092,2021-06,2021-06,0
9231,2023-01,2023-01,0
1034,2025-01,2025-01,0
6526,2023-12,2023-12,0
3158,2020-02,2024-04,50
8847,2020-04,2024-05,48
5185,2025-01,2025-01,0
4519,2020-06,2020-06,0
3713,2020-02,2021-02,12
7735,2021-04,2022-05,13
6818,2020-04,2020-04,0
5148,2020-02,2020-08,5
5781,2020-01,2020-01,0
9357,2021-12,2024-01,24
8469,2022-02,2022-02,0
3249,2020-11,2022-05,17
2356,2020-08,2021-06,10
9645,2021-02,2024-01,35
1355,2020-04,2021-12,19
7128,2020-12,2023-12,35
4666,2022-10,2023-11,12
6234,2021-01,2021-08,6
5310,2020-11,2022-05,18
4044,2022-09,2022-09,0
8795,2020-04,2021-04,12
4355,2021-04,2022-08,16
1780,2022-08,2022-08,0
4394,2020-01,2020-01,0
1025,2020-07,2021-06,10
9280,2020-04,2020-04,0
9045,2022-03,2022-03,0
3475,2022-09,2022-09,0
9662,2021-08,2021-08,0
5841,2022-10,2022-10,0
6928,2021-05,2021-05,0
6468,2021-02,2022-01,11
1310,2020-04,2020-04,0
8032,2020-04,2020-04,0
5750,2022-05,2022-05,0
4174,2021-03,2021-03,0
8929,2023-12,2023-12,0
7001,2020-08,2020-08,0
8014,2021-01,2024-04,39
3509,2021-01,2021-01,0
2781,2020-10,2024-07,44
8467,2023-03,2023-03,0
8535,2024-12,2024-12,0
4919,2022-11,2024-10,23
1716,2020-01,2020-01,0
3068,2020-07,2024-01,42
2425,2020-05,2025-02,56
7737,2020-12,2024-06,41
3875,2020-10,2023-11,36
2416,2022-03,2023-08,17
6566,2022-03,2025-04,37
3384,2020-03,2022-06,26
6435,2020-01,2022-02,24
8485,2020-02,2022-06,28
4964,2020-10,2024-07,44
1941,2023-04,2023-10,5
6145,2022-02,2022-02,0
6836,2021-07,2021-07,0
8153,2023-07,2024-09,14
7983,2020-01,2020-01,0
8575,2022-05,2022-05,0
3913,2022-03,2023-12,21
2496,2022-03,2022-09,6
4319,2020-01,2023-06,40
6979,2023-03,2023-03,0
4762,2021-08,2021-08,0
1273,2021-09,2021-09,0
5466,2020-09,2023-06,33
6237,2021-11,2021-11,0
6420,2020-10,2020-10,0
8247,2021-11,2021-11,0
3380,2022-04,2022-04,0
9650,2020-09,2020-09,0
5446,2023-01,2023-04,2
5342,2021-06,2021-06,0
6477,2020-11,2022-03,16
6421,2021-05,2021-08,2
1402,2023-01,2023-01,0
5990,2020-02,2020-04,1
2061,2020-03,2020-03,0
9919,2022-01,2022-11,9
2614,2020-06,2023-10,39
4118,2020-02,2024-03,49
5060,2021-01,2025-04,50
4327,2020-12,2024-04,39
6172,2021-02,2022-08,17
5958,2020-02,2020-02,0
1867,2021-05,2021-05,0
5617,2021-02,2024-07,40
4822,2020-07,2021-04,9
1540,2020-02,2023-05,38
2571,2022-11,2024-10,23
5416,2021-12,2021-12,0
4013,2021-09,2021-09,0
3779,2020-11,2020-11,0
4669,2020-11,2024-12,49
8711,2022-02,2023-06,15
9832,2024-06,2024-12,6
2776,2022-07,2022-07,0
8281,2023-02,2023-02,0
2546,2021-05,2021-05,0
4878,2020-09,2020-09,0
4915,2020-06,2020-06,0
2133,2020-03,2021-09,17
6687,2020-01,2020-01,0
2375,2023-05,2023-05,0
9981,2022-03,2023-09,17
2206,2020-07,2020-07,0
7156,2022-03,2025-01,33
1457,2020-11,2020-11,0
5222,2021-07,2023-07,24
7319,2020-05,2020-05,0
5849,2022-04,2024-11,31
3445,2020-03,2020-03,0
4319,2020-01,2021-02,13
8652,2020-12,2020-12,0
7261,2021-07,2021-07,0
5275,2022-06,2023-12,18
8683,2020-07,2020-07,0
6248,2024-05,2024-05,0
3986,2020-02,2025-02,60
3623,2022-07,2025-02,30
7275,2024-01,2024-06,5
2987,2020-12,2023-02,25
1327,2020-08,2020-08,0
4609,2021-03,2024-12,45
2114,2024-07,2024-07,0
1057,2021-06,2024-12,41
8657,2020-02,2020-02,0
3227,2023-03,2025-03,24
3753,2021-09,2021-09,0
9583,2021-06,2021-06,0
9122,2021-07,2023-12,28
5547,2020-08,2023-03,30
3197,2023-11,2024-04,5
3120,2021-04,2021-04,0
2723,2020-07,2020-07,0
7573,2021-12,2021-12,0
9042,2021-09,2021-09,0
6209,2022-02,2022-02,0
7395,2020-12,2020-12,0
2836,2023-07,2023-07,0
3446,2021-06,2021-06,0
4353,2020-01,2022-11,33
8529,2020-03,2020-03,0
9694,2020-09,2025-04,55
3862,2021-12,2023-03,14
9126,2020-12,2022-06,18
8650,2022-02,2022-02,0
9600,2020-07,2020-07,0
4098,2021-07,2024-04,32
3141,2020-10,2020-10,0
9136,2021-11,2021-11,0
5622,2023-02,2024-12,22
4911,2021-11,2021-11,0
6457,2021-10,2023-12,26
4541,2021-02,2022-03,13
7334,2020-11,2022-12,25
8695,2020-06,2023-09,38
6745,2024-12,2024-12,0
2314,2022-02,2022-02,0
7225,2020-10,2025-03,53
3016,2022-08,2022-08,0
2833,2020-12,2022-04,16
7885,2020-05,2020-05,0
4099,2020-06,2020-06,0
1615,2020-08,2020-10,1
5019,2021-04,2021-04,0
4551,2022-01,2023-09,19
7444,2020-01,2021-05,15
8822,2021-01,2022-02,12
6397,2021-11,2024-03,27
7939,2020-02,2020-02,0
3224,2020-05,2025-02,56
9992,2020-03,2020-03,0
8865,2024-06,2024-06,0
4052,2021-04,2023-05,25
4227,2020-09,2024-01,39
3002,2021-06,2021-06,0
3706,2024-05,2024-05,0
4621,2020-01,2020-01,0
8538,2020-07,2022-05,22
1132,2020-04,2023-12,44
5536,2020-03,2020-03,0
7119,2020-01,2020-01,0
1908,2021-02,2022-12,22
9109,2020-01,2020-01,0
2292,2020-05,2021-11,18
2215,2023-04,2023-12,7
5935,2021-06,2021-06,0
6230,2022-11,2022-11,0
9239,2021-09,2021-09,0
2125,2023-04,2023-04,0
6762,2020-12,2025-03,51
3305,2022-03,2024-01,22
3587,2020-12,2021-10,10
9447,2020-02,2020-07,4
7234,2022-04,2022-04,0
8384,2020-06,2020-06,0
4054,2022-07,2022-08,1
4228,2022-10,2024-02,15
7667,2021-08,2021-08,0
1078,2022-07,2023-11,15
6167,2021-02,2025-01,46
5460,2023-02,2023-02,0
5466,2020-09,2022-02,17
1990,2022-01,2023-05,15
1256,2021-09,2023-09,23
8765,2020-09,2023-07,33
6714,2022-12,2022-12,0
3461,2020-01,2022-03,25
2749,2020-07,2021-09,13
9272,2020-02,2024-04,49
7810,2020-01,2020-01,0
2861,2020-01,2020-01,0
5020,2020-10,2022-02,16
4442,2020-04,2021-02,9
2270,2024-06,2025-04,10
9183,2020-06,2020-06,0
5908,2020-05,2020-05,0
1871,2021-03,2022-10,19
5690,2020-01,2022-08,31
3643,2020-06,2024-05,47
6477,2020-11,2023-04,28
7819,2020-01,2020-08,7
3914,2021-06,2022-11,17
6598,2020-10,2025-03,53
3779,2020-11,2024-03,40
5661,2020-02,2020-02,0
8287,2020-08,2022-05,21
4753,2021-09,2021-09,0
2016,2020-01,2022-06,28
6579,2022-06,2022-06,0
8737,2020-01,2020-01,0
1829,2021-08,2024-07,34
9609,2023-01,2023-01,0
1843,2023-02,2023-02,0
2775,2020-08,2022-10,26
3186,2020-06,2020-06,0
2399,2021-01,2021-01,0
3792,2024-02,2024-02,0
2748,2020-03,2021-01,9
2103,2021-03,2024-10,42
6528,2022-01,2022-01,0
2407,2020-06,2020-10,3
5420,2020-06,2024-06,47
4228,2022-10,2024-02,15
1202,2020-01,2023-10,45
2103,2021-03,2022-05,14
6234,2021-01,2021-01,0
2620,2020-10,2022-02,16
8756,2020-07,2020-10,3
1975,2021-04,2021-07,2
5981,2021-09,2021-09,0
2403,2023-09,2023-09,0
2681,2023-06,2023-06,0
5429,2021-08,2021-08,0
2804,2020-06,2021-01,6
4545,2022-07,2022-07,0
7500,2021-08,2022-04,7
4105,2020-01,2020-01,0
3759,2020-07,2020-07,0
1093,2020-12,2023-11,35
1500,2020-06,2021-02,8
1703,2021-12,2021-12,0
9291,2023-10,2023-11,0
6033,2024-02,2024-02,0
9413,2024-10,2024-10,0
7606,2024-08,2024-08,0
9908,2020-12,2023-03,27
3406,2021-02,2021-02,0
3041,2022-10,2023-03,4
8488,2022-05,2025-02,32
2667,2024-12,2024-12,0
5474,2020-05,2020-05,0
3027,2020-06,2020-10,3
4135,2022-04,2022-04,0
2862,2022-04,2022-04,0
2558,2023-08,2023-08,0
9476,2020-09,2023-08,34
4567,2021-11,2024-02,26
9742,2022-11,2024-08,21
5748,2020-02,2024-10,56
1202,2020-01,2020-06,5
5125,2023-01,2024-03,14
8808,2021-10,2021-10,0
4976,2020-08,2020-08,0
1164,2022-01,2024-11,34
5045,2020-03,2024-05,50
3603,2021-06,2024-01,30
8225,2024-02,2024-02,0
8767,2020-07,2020-07,0
3205,2021-02,2023-01,23
4242,2023-01,2023-01,0
9769,2020-05,2020-05,0
7989,2020-07,2024-05,45
5954,2020-08,2024-06,45
9179,2020-11,2022-06,18
2229,2020-04,2021-09,17
6538,2021-12,2021-12,0
1848,2021-03,2024-09,41
1586,2023-02,2023-02,0
2196,2022-01,2023-11,21
9078,2021-03,2024-08,41
5647,2020-04,2024-09,53
6646,2021-02,2022-09,18
6674,2020-11,2023-03,28
8157,2022-10,2025-01,26
9713,2020-06,2020-06,0
3914,2021-06,2021-06,0
4832,2021-08,2021-08,0
4035,2024-03,2024-03,0
2694,2022-07,2022-09,1
9376,2021-09,2024-11,38
4140,2023-08,2023-08,0
3726,2021-02,2021-02,0
9999,2021-11,2022-11,12
1349,2021-12,2021-12,0
1650,2024-02,2024-02,0
4805,2023-06,2023-06,0
4784,2023-06,2024-12,18
7016,2022-12,2022-12,0
2321,2021-04,2021-04,0
4065,2020-01,2020-01,0
4132,2024-07,2024-07,0
8660,2021-06,2022-07,12
1112,2022-05,2025-01,32
1054,2023-05,2023-05,0
1100,2022-02,2024-11,32
5874,2021-04,2021-07,3
7545,2021-07,2021-07,0
8472,2021-03,2025-03,47
7792,2020-02,2021-07,17
4894,2020-08,2020-08,0
6330,2020-05,2020-05,0
2195,2021-03,2022-02,11
5578,2022-01,2022-10,9
3806,2020-04,2023-12,43
6452,2020-10,2025-01,51
4095,2023-07,2023-07,0
6364,2020-02,2022-06,28
5819,2021-09,2022-08,10
4410,2022-02,2022-02,0
2797,2020-10,2020-10,0
2630,2024-07,2024-07,0
9157,2023-08,2023-08,0
4774,2023-08,2023-10,1
4758,2023-02,2023-02,0
1160,2021-07,2021-07,0
1498,2021-03,2021-03,0
4888,2020-07,2025-01,53
3304,2020-04,2024-11,55
7878,2021-01,2021-01,0
9230,2021-01,2021-05,4
1647,2021-12,2024-11,34
3826,2022-10,2022-10,0
2835,2023-12,2023-12,0
8231,2020-12,2020-12,0
4769,2021-03,2021-03,0
8260,2021-05,2021-05,0
6245,2022-12,2022-12,0
2156,2020-06,2020-06,0
6196,2021-07,2022-03,8
5000,2020-06,2024-07,49
4562,2021-11,2023-03,16
4372,2021-04,2024-08,39
1264,2022-07,2024-09,25
7598,2021-09,2021-09,0
1882,2020-05,2020-05,0
6477,2020-11,2024-05,41
5250,2023-04,2024-11,18
1438,2023-09,2024-09,12
2565,2022-10,2024-03,16
4988,2023-02,2023-02,0
9964,2021-10,2021-12,1
2518,2022-08,2022-11,3
3113,2020-05,2020-05,0
5989,2022-08,2024-01,16
1388,2020-02,2023-11,45
1746,2020-01,2025-02,60
7924,2022-11,2024-05,18
8710,2021-05,2021-05,0
4138,2021-05,2021-05,0
5612,2020-01,2022-02,25
8835,2020-08,2021-05,8
4434,2022-05,2023-12,18
5589,2023-05,2023-05,0
9119,2020-02,2020-02,0
4357,2022-04,2022-04,0
2711,2020-01,2020-01,0
2086,2020-03,2024-10,55
5820,2020-07,2025-01,54
2075,2021-12,2021-12,0
2810,2023-08,2023-08,0
6508,2021-09,2022-04,6
8458,2020-03,2020-03,0
1775,2020-07,2020-07,0
3095,2022-07,2022-07,0
6854,2021-01,2022-07,18
8606,2020-01,2021-10,21
9013,2023-03,2023-03,0
9564,2020-09,2020-09,0
9139,2022-10,2022-10,0
9046,2020-07,2020-07,0
8175,2020-06,2020-10,3
4567,2021-11,2021-11,0
2252,2024-01,2024-09,8
9798,2020-01,2020-01,0
4657,2021-01,2024-09,44
3633,2023-11,2023-11,0
8807,2020-02,2024-09,55
6918,2024-09,2024-09,0
6227,2023-02,2023-02,0
7715,2020-07,2020-07,0
8475,2020-05,2021-11,18
5596,2022-01,2022-01,0
1501,2020-03,2020-03,0
7598,2021-09,2022-10,13
1656,2020-06,2020-06,0
2752,2021-10,2022-08,9
6226,2024-02,2024-02,0
4157,2020-05,2020-10,4
9836,2021-06,2025-02,44
7411,2022-09,2024-07,21
6926,2020-08,2022-04,20
4132,2024-07,2024-12,4
3993,2020-11,2025-03,51
6180,2021-06,2021-06,0
4733,2020-08,2023-10,38
8472,2021-03,2022-03,11
8671,2025-04,2025-04,0
6818,2020-04,2020-09,4
5572,2020-03,2020-03,0
6674,2020-11,2020-11,0
6705,2023-05,2025-02,20
6236,2020-08,2023-03,30
8375,2021-09,2022-05,8
7769,2022-02,2024-12,34
9246,2021-01,2022-12,22
3699,2020-09,2023-04,30
3218,2022-09,2023-03,6
1512,2020-01,2020-01,0
3291,2020-09,2020-09,0
5542,2020-01,2021-09,20
6084,2020-09,2023-06,33
3044,2021-06,2025-02,43
7595,2022-03,2022-03,0
7013,2020-10,2020-10,0
1255,2021-07,2021-07,0
2552,2022-03,2023-01,9
6089,2021-03,2021-03,0
8921,2020-06,2023-05,34
5212,2021-03,2023-10,31
8100,2021-12,2023-03,15
5925,2022-05,2022-05,0
1971,2021-01,2021-01,0
9988,2020-04,2020-04,0
2883,2020-09,2020-09,0
9226,2020-10,2023-01,27
4783,2020-03,2020-03,0
8589,2021-09,2021-09,0
5673,2021-12,2021-12,0
1477,2020-04,2020-08,4
6045,2021-12,2022-10,9
7932,2020-02,2020-02,0
8911,2020-01,2024-11,58
1980,2023-02,2023-02,0
1934,2020-09,2020-09,0
9411,2022-05,2022-06,0
8246,2020-11,2021-09,9
9195,2021-02,2023-08,29
3338,2022-01,2022-12,11
3635,2020-07,2020-07,0
5628,2022-03,2024-02,22
2724,2022-08,2022-08,0
4139,2021-07,2021-07,0
7979,2021-01,2024-05,40
5015,2021-05,2023-12,30
5330,2020-06,2020-06,0
7208,2020-07,2020-07,0
9357,2021-12,2021-12,0
8597,2021-01,2021-01,0
8776,2020-04,2021-11,19
5443,2025-01,2025-01,0
5436,2024-05,2024-06,1
6801,2023-04,2023-04,0
8684,2021-10,2021-10,0
6416,2021-06,2024-01,31
6164,2023-02,2023-02,0
3536,2020-12,2021-09,9
6514,2022-02,2025-03,37
2088,2022-11,2022-11,0
3252,2021-01,2022-12,22
9008,2020-11,2024-12,49
7586,2021-04,2024-04,35
1864,2022-10,2023-07,9
3106,2020-11,2020-11,0
6067,2020-06,2021-04,9
7944,2023-05,2024-04,11
5003,2020-04,2022-03,23
4279,2020-08,2020-12,4
3229,2020-03,2020-03,0
2964,2020-01,2023-09,43
2780,2020-10,2020-10,0
6096,2020-01,2021-04,15
7768,2020-11,2020-11,0
9748,2020-09,2023-01,27
6154,2022-07,2022-07,0
9770,2020-05,2023-07,37
9682,2023-03,2024-11,19
7041,2023-07,2023-07,0
5418,2020-04,2023-09,40
6094,2021-02,2021-02,0
4137,2024-04,2024-04,0
7069,2023-05,2023-05,0
9375,2023-12,2023-12,0
6460,2022-06,2023-11,16
9322,2020-02,2021-10,20
1459,2023-02,2023-02,0
6179,2022-09,2022-09,0
9330,2020-03,2020-03,0
8390,2025-01,2025-01,0
5247,2020-05,2020-05,0
3154,2022-04,2022-04,0
8755,2022-01,2025-04,38
5146,2022-05,2022-10,5
7398,2022-06,2023-06,12
5018,2022-08,2024-10,26
5625,2023-10,2023-10,0
8123,2020-02,2025-04,62
9717,2021-06,2022-07,13
7392,2022-01,2023-11,22
3062,2021-03,2021-03,0
8495,2020-10,2021-11,12
4406,2020-09,2020-09,0
4733,2020-08,2020-08,0
6761,2023-05,2023-10,5
7223,2022-05,2022-05,0
3289,2021-01,2021-09,8
1399,2021-12,2021-12,0
5149,2022-07,2023-05,9
4245,2021-04,2023-06,25
2516,2020-03,2020-03,0
4646,2020-02,2020-06,4
5143,2023-03,2023-10,6
3348,2020-02,2023-12,45
6907,2021-12,2022-08,8
8813,2021-09,2022-12,14
7459,2021-07,2021-12,4
3157,2020-05,2020-10,5
4786,2023-11,2023-11,0
5868,2022-09,2022-09,0
9331,2022-05,2022-05,0
5381,2020-05,2022-04,23
6857,2024-03,2024-03,0
8002,2020-10,2020-10,0
5335,2021-07,2021-07,0
5301,2023-11,2023-11,0
6805,2023-10,2023-10,0
8477,2020-10,2021-08,10
3839,2021-02,2021-02,0
2789,2020-10,2020-10,0
3354,2020-02,2023-03,36
9668,2021-06,2022-12,18
5585,2022-10,2022-10,0
4494,2020-11,2022-08,21
7457,2020-08,2024-07,46
8795,2020-04,2023-12,44
7695,2020-07,2020-07,0
1498,2021-03,2022-10,19
1662,2020-08,2022-07,22
6510,2020-02,2022-09,30
2323,2020-03,2020-10,6
4791,2020-09,2024-05,44
1260,2023-07,2023-07,0
3150,2020-09,2020-09,0
3653,2020-10,2023-10,36
5783,2021-04,2021-04,0
6841,2020-02,2022-10,32
3209,2020-11,2020-11,0
9034,2024-03,2024-03,0
3991,2023-03,2023-10,7
6215,2020-04,2020-04,0
4755,2024-10,2024-10,0
4170,2020-05,2022-09,28
8216,2022-06,2022-06,0
7852,2021-09,2024-05,32
4065,2020-01,2022-04,27
2961,2020-12,2020-12,0
7215,2020-10,2021-10,12
3705,2021-11,2023-02,15
5118,2020-07,2021-07,12
9551,2021-10,2022-07,9
7269,2020-05,2020-05,0
4548,2022-08,2022-08,0
6917,2023-06,2023-06,0
5073,2020-07,2020-10,3
6834,2022-05,2023-01,8
4187,2020-05,2021-08,14
4636,2020-09,2023-07,33
6920,2022-05,2022-09,3
4433,2023-09,2023-09,0
8361,2020-03,2025-03,59
2727,2021-04,2021-04,0
8804,2021-09,2022-06,9
2403,2023-09,2023-09,0
6568,2023-03,2023-03,0
8436,2021-04,2023-10,30
1439,2021-01,2022-03,14
9914,2022-02,2022-02,0
1963,2021-03,2021-03,0
1450,2022-07,2024-02,18
8824,2021-01,2021-01,0
2986,2020-07,2020-07,0
6688,2024-12,2024-12,0
6297,2021-10,2021-10,0
3152,2024-09,2024-09,0
6371,2020-05,2020-05,0
9455,2020-02,2020-02,0
2883,2020-09,2022-04,19
1484,2020-06,2024-07,48
1225,2020-12,2022-03,14
9614,2020-03,2020-03,0
1049,2023-05,2023-05,0
2098,2022-12,2022-12,0
3773,2020-12,2020-12,0
5582,2020-11,2020-11,0
1393,2022-09,2023-05,8
9949,2020-04,2020-04,0
6727,2022-04,2023-05,13
6317,2020-06,2023-12,41
6539,2023-06,2023-06,0
6550,2020-05,2020-05,0
5975,2022-03,2022-09,6
8171,2021-09,2022-10,13
7403,2020-01,2020-01,0
7444,2020-01,2020-01,0
9219,2023-03,2023-03,0
2710,2020-01,2024-02,49
5719,2021-01,2021-01,0
1644,2020-05,2021-02,8
5430,2022-05,2022-09,4
1753,2021-11,2021-11,0
5247,2020-05,2021-09,16
2737,2021-07,2021-07,0
5272,2024-05,2024-05,0
4296,2020-05,2020-05,0
2746,2024-10,2024-10,0
7187,2021-01,2021-08,6
8235,2020-04,2020-11,7
7872,2023-01,2024-04,15
6896,2021-03,2024-08,40
5435,2020-09,2022-04,18
1894,2020-11,2023-01,26
8499,2021-11,2021-11,0
5746,2023-03,2023-03,0
8333,2020-06,2020-06,0
8373,2023-05,2023-05,0
4549,2023-12,2023-12,0
2187,2024-08,2024-08,0
4485,2022-03,2022-03,0
8064,2022-04,2022-04,0
9544,2020-06,2021-08,14
5044,2020-07,2020-07,0
9955,2020-05,2020-05,0
1044,2023-02,2023-02,0
4291,2021-04,2021-04,0
9338,2021-06,2021-06,0
7453,2020-05,2022-05,24
8079,2021-06,2025-03,45
3286,2020-05,2020-10,4
3605,2024-01,2024-01,0
6608,2021-08,2022-10,14
3309,2020-10,2020-10,0
4024,2022-01,2022-09,7
5082,2021-01,2021-09,7
6593,2020-10,2022-05,19
6716,2020-02,2023-09,42
7019,2021-12,2021-12,0
5996,2023-04,2023-04,0
7236,2023-09,2023-09,0
9841,2020-05,2020-07,1
6466,2021-12,2022-04,4
4487,2021-01,2021-01,0
1756,2020-07,2023-04,33
1505,2022-04,2025-04,35
2198,2021-01,2023-08,31
7646,2020-05,2020-05,0
3048,2022-10,2022-10,0
8105,2023-06,2023-06,0
5373,2023-09,2023-09,0
8271,2020-04,2022-05,24
1452,2020-07,2020-08,1
7982,2020-04,2020-12,8
5462,2024-02,2024-02,0
5554,2020-05,2024-05,48
8293,2020-04,2020-06,2
5551,2020-03,2020-09,6
8998,2020-11,2022-04,17
4227,2020-09,2020-09,0
2350,2021-06,2021-06,0
7251,2020-06,2023-04,33
8510,2023-06,2023-06,0
6861,2022-03,2022-03,0
9024,2021-12,2024-08,31
6325,2021-05,2021-12,7
9218,2024-01,2024-01,0
9577,2020-01,2020-01,0
9183,2020-06,2022-08,26
3790,2021-02,2021-02,0
4831,2022-09,2022-09,0
2783,2021-03,2022-11,19
9243,2020-01,2024-04,51
7852,2021-09,2023-05,20
3818,2022-01,2022-01,0
3234,2022-03,2022-11,7
9587,2020-03,2021-11,20
3009,2020-09,2024-04,43
1234,2022-02,2023-10,20
4467,2020-08,2024-12,51
1110,2022-06,2022-06,0
9379,2022-07,2022-07,0
7879,2020-08,2025-02,53
2164,2021-07,2021-07,0
5356,2021-04,2021-04,0
7223,2022-05,2024-11,30
6171,2023-09,2023-09,0
4779,2020-06,2024-11,52
7584,2021-09,2021-09,0
6080,2020-04,2020-04,0
7564,2022-02,2022-02,0
8374,2022-06,2022-06,0
7102,2020-07,2022-10,27
8094,2022-02,2022-02,0
8875,2023-03,2023-08,5
6780,2020-07,2024-04,45
6603,2021-11,2024-12,36
8139,2025-01,2025-01,0
4031,2021-05,2021-05,0
2016,2020-01,2021-10,20
9802,2021-06,2022-04,10
3201,2020-06,2020-06,0
8989,2024-02,2024-03,1
6907,2021-12,2021-12,0
3322,2023-03,2023-11,8
2261,2022-06,2022-06,0
6927,2020-02,2020-02,0
3788,2021-07,2023-01,18
8658,2020-12,2020-12,0
9621,2021-12,2021-12,0
5515,2023-06,2024-10,16
8847,2020-04,2021-10,17
8074,2020-09,2020-10,1
5026,2020-06,2024-06,47
5209,2020-04,2020-04,0
2457,2022-01,2024-01,23
4916,2020-01,2020-11,9
2294,2022-08,2024-11,26
9328,2020-11,2020-11,0
7561,2020-09,2020-09,0
9712,2020-11,2024-07,43
9161,2020-04,2023-09,41
5743,2021-01,2021-01,0
7433,2020-01,2020-01,0
5529,2021-11,2021-11,0
8495,2020-10,2022-11,24
8451,2020-01,2020-01,0
4459,2021-08,2023-11,27
9949,2020-04,2024-01,45
8475,2020-05,2023-08,39
4957,2020-11,2021-12,12
7950,2021-06,2023-05,22
5054,2021-01,2022-03,14
9890,2021-10,2021-10,0
6822,2020-06,2022-06,24
9801,2021-09,2021-09,0
2118,2024-02,2024-02,0
3307,2020-11,2020-11,0
7341,2022-02,2022-02,0
3009,2020-09,2022-12,26
2816,2023-08,2023-08,0
8080,2020-01,2020-01,0
6022,2021-12,2022-06,5
3754,2020-05,2020-05,0
9792,2022-06,2022-06,0
9605,2020-04,2022-02,21
8950,2022-01,2024-04,26
4133,2022-01,2022-01,0
1796,2021-07,2024-10,38
3148,2020-06,2020-06,0
2262,2020-09,2024-03,41
6125,2022-03,2022-03,0
3084,2021-06,2021-06,0
9847,2020-06,2023-04,34
3602,2021-01,2021-01,0
3034,2022-07,2022-09,2
2232,2022-09,2022-09,0
5489,2021-01,2021-11,10
7270,2022-12,2022-12,0
5434,2021-08,2022-12,16
3465,2020-01,2020-01,0
6514,2022-02,2022-02,0
4863,2021-03,2021-03,0
6780,2020-07,2023-06,35
5717,2020-05,2020-11,5
7279,2021-05,2021-05,0
9822,2020-07,2023-09,38
1237,2022-08,2022-08,0
9102,2020-01,2025-04,63
9635,2020-02,2020-02,0
5483,2020-05,2020-05,0
3312,2020-01,2025-01,59
5874,2021-04,2021-04,0
1807,2020-03,2020-03,0
1237,2022-08,2024-10,26
4479,2020-03,2021-12,21
4016,2021-05,2024-04,35
8628,2020-02,2023-10,44
5420,2020-06,2024-06,47
2409,2022-01,2022-01,0
1197,2021-10,2021-10,0
3849,2022-11,2022-11,0
4957,2020-11,2020-11,0
9011,2020-02,2022-08,29
4614,2020-05,2020-05,0
6622,2020-12,2020-12,0
2062,2023-12,2025-02,14
6848,2021-04,2023-02,21
6530,2021-08,2022-12,15
2748,2020-03,2020-03,0
3944,2020-02,2020-02,0
8012,2020-06,2021-12,18
5047,2021-05,2021-05,0
3089,2021-06,2023-05,23
8580,2020-01,2025-01,60
2130,2023-05,2023-05,0
2609,2020-12,2022-12,23
4646,2020-02,2020-02,0
1828,2020-04,2024-07,50
9840,2020-09,2022-08,23
6415,2023-06,2023-08,2
8314,2025-01,2025-01,0
2144,2023-05,2023-05,0
1711,2022-05,2022-05,0
2796,2020-02,2021-10,19
6679,2020-11,2023-07,31
6941,2022-01,2022-01,0
2434,2020-04,2020-04,0
2380,2022-08,2023-07,10
7904,2021-09,2022-08,11
3904,2024-11,2024-11,0
7415,2021-09,2022-01,3
6328,2021-02,2022-02,11
1063,2020-06,2024-05,47
4106,2022-04,2023-01,9
7427,2021-09,2024-05,32
4444,2022-12,2024-06,17
7855,2020-03,2020-03,0
3414,2020-02,2024-04,50
1122,2024-06,2024-06,0
3461,2020-01,2020-01,0
7520,2020-11,2022-11,23
6228,2023-08,2023-08,0
1769,2022-09,2024-04,18
8307,2024-08,2024-08,0
8903,2020-04,2020-04,0
4576,2025-02,2025-02,0
4572,2020-01,2020-01,0
1710,2020-03,2020-03,0
7930,2023-04,2023-04,0
6605,2020-03,2020-03,0
8796,2020-10,2020-10,0
5647,2020-04,2020-04,0
7769,2022-02,2023-03,13
6063,2020-06,2021-08,13
1455,2020-04,2020-04,0
7900,2022-11,2022-11,0
4011,2021-05,2021-05,0
6795,2023-01,2023-01,0
7768,2020-11,2021-06,7
5670,2021-03,2023-06,26
6475,2020-11,2022-07,20
4288,2022-03,2023-04,13
6121,2024-07,2024-07,0
2113,2020-02,2020-12,10
7003,2020-04,2020-04,0
9187,2023-01,2024-12,23
7334,2020-11,2023-11,35
6913,2021-05,2021-05,0
6360,2021-02,2023-06,28
1684,2022-12,2022-12,0
4746,2020-03,2020-03,0
6157,2021-08,2021-08,0
7474,2020-06,2020-06,0
5199,2023-03,2023-03,0
1142,2021-03,2021-03,0
3095,2022-07,2023-11,15
5351,2020-02,2020-02,0
7033,2021-09,2021-10,0
8424,2024-05,2024-05,0
8940,2020-01,2020-01,0
5473,2021-04,2022-03,11
8039,2021-05,2023-05,23
4029,2023-02,2023-02,0
1757,2021-02,2022-04,13
8973,2024-01,2024-01,0
3338,2022-01,2022-08,7
4281,2020-06,2020-12,6
6101,2020-12,2025-04,51
4116,2021-06,2025-02,43
7050,2020-03,2021-01,9
6007,2022-02,2023-08,17
5264,2020-03,2022-08,28
6380,2022-07,2022-07,0
9941,2020-04,2023-12,43
5817,2021-11,2021-11,0
8502,2020-06,2020-08,2
1824,2020-02,2020-02,0
9286,2023-10,2023-10,0
7541,2020-08,2020-08,0
7181,2021-08,2021-08,0
4636,2020-09,2021-06,8
1079,2020-05,2021-10,16
6067,2020-06,2020-08,2
9283,2022-05,2023-12,18
6832,2023-07,2023-07,0
9673,2020-05,2020-05,0
3961,2022-09,2022-09,0
7998,2022-03,2022-03,0
4020,2022-08,2024-06,21
3397,2021-06,2021-06,0
6364,2020-02,2020-02,0
8992,2020-12,2020-12,0
7764,2021-05,2021-05,0
3713,2020-02,2021-04,14
5431,2022-06,2022-06,0
4947,2022-09,2022-09,0
8052,2020-05,2025-02,57
1753,2021-11,2023-11,24
7329,2023-08,2025-01,16
7200,2021-03,2021-03,0
3765,2020-06,2020-06,0
7326,2020-03,2021-09,17
9518,2020-02,2022-05,26
3775,2020-04,2020-04,0
5174,2021-01,2021-01,0
6901,2020-11,2020-11,0
6308,2021-01,2021-01,0
4760,2020-05,2020-05,0
1770,2020-07,2020-07,0
4733,2020-08,2023-06,33
2662,2021-10,2021-10,0
1453,2020-10,2020-10,0
4123,2023-08,2023-08,0
2116,2020-05,2021-10,17
4333,2023-01,2023-01,0
5058,2021-03,2021-03,0
1038,2020-07,2020-07,0
3584,2021-09,2021-09,0
2257,2024-01,2024-01,0
9211,2022-11,2022-11,0
1509,2021-08,2021-08,0
4939,2024-04,2024-04,0
3488,2020-04,2021-05,13
4970,2022-05,2024-03,22
4552,2022-09,2023-07,10
1079,2020-05,2020-10,4
2303,2021-01,2021-10,9
4007,2022-01,2022-01,0
7986,2023-06,2023-06,0
2841,2020-07,2021-11,16
1297,2020-08,2020-08,0
2600,2021-03,2022-12,21
8961,2022-08,2024-12,28
1225,2020-12,2020-12,0
2723,2020-07,2023-10,38
2297,2021-02,2021-02,0
6615,2021-03,2022-01,10
3853,2022-06,2025-01,30
9676,2022-06,2024-05,23
9360,2020-07,2023-01,30
2863,2021-10,2021-10,0
6121,2024-07,2025-02,6
5988,2022-08,2022-08,0
2860,2021-05,2022-12,19
1959,2021-10,2022-08,10
8408,2023-11,2024-11,11
3304,2020-04,2020-04,0
1543,2020-04,2022-06,26
1763,2022-07,2022-07,0
9514,2020-05,2022-02,21
4311,2020-07,2020-07,0
2868,2022-06,2022-06,0
3748,2020-07,2020-07,0
1206,2022-11,2022-11,0
4517,2020-01,2020-01,0
2246,2020-05,2020-05,0
6739,2021-09,2023-09,24
7297,2022-05,2024-04,22
1703,2021-12,2024-11,34
4608,2024-01,2024-01,0
8656,2020-06,2021-11,16
5753,2020-04,2020-07,2
4524,2022-10,2024-04,17
9095,2021-11,2024-02,26
2367,2021-10,2021-10,0
2815,2020-01,2025-04,62
8672,2021-08,2021-08,0
9798,2020-01,2020-01,0
1115,2021-04,2022-11,18
6457,2021-10,2022-01,3
5203,2021-01,2021-01,0
8248,2021-04,2023-02,21
3795,2021-03,2022-08,17
5896,2020-08,2023-01,29
6537,2020-05,2020-05,0
5635,2021-02,2022-10,20
6914,2020-10,2024-07,44
9550,2024-12,2024-12,0
1993,2022-03,2024-03,24
8329,2021-06,2021-06,0
1043,2020-06,2025-01,55
6241,2020-01,2020-01,0
7764,2021-05,2024-02,33
2020,2020-04,2023-09,41
9260,2022-01,2022-01,0
9063,2020-05,2022-12,31
4722,2022-10,2022-10,0
8364,2020-11,2020-11,0
5818,2024-03,2024-03,0
9354,2020-09,2020-09,0
1127,2021-03,2021-03,0
8239,2020-01,2020-02,1
8253,2020-10,2022-07,20
3253,2022-07,2022-07,0
1422,2021-02,2022-02,12
9964,2021-10,2023-01,15
1178,2022-10,2024-01,14
3582,2020-04,2020-04,0
5188,2020-07,2021-10,14
7280,2020-02,2020-02,0
1647,2021-12,2022-03,3
5961,2021-06,2021-06,0
2052,2021-05,2024-04,35
5475,2022-04,2022-04,0
2272,2020-01,2020-01,0
1803,2021-03,2023-10,31
9859,2022-04,2022-04,0
8137,2021-05,2023-02,20
7644,2020-06,2020-07,0
2467,2020-10,2020-10,0
1917,2020-06,2024-10,51
1413,2021-04,2021-04,0
9896,2021-10,2021-10,0
9886,2021-07,2025-04,44
2973,2022-03,2022-03,0
2635,2020-05,2023-02,33
6493,2021-02,2022-06,16
7588,2020-12,2020-12,0
2166,2022-10,2023-06,8
3117,2024-02,2024-02,0
1474,2020-03,2020-03,0
3511,2024-02,2024-02,0
7916,2020-11,2024-03,39
8916,2022-05,2024-05,24
1657,2021-01,2021-01,0
4369,2024-05,2024-05,0
6734,2021-01,2024-05,40
8407,2022-06,2022-06,0
8215,2020-11,2020-11,0
6285,2022-01,2022-01,0
3437,2021-12,2023-11,23
3991,2023-03,2023-03,0
8770,2020-07,2020-07,0
9225,2023-05,2023-11,5
3808,2024-01,2024-01,0
4521,2023-01,2023-01,0
8743,2021-04,2021-04,0
1260,2023-07,2024-01,5
1491,2021-11,2023-02,14
4976,2020-08,2020-08,0
7941,2021-10,2024-02,27
9659,2021-07,2024-03,32
5688,2021-08,2021-08,0
3217,2022-08,2022-08,0
4809,2021-03,2021-07,3
6682,2022-10,2022-10,0
2268,2021-01,2023-02,24
7820,2021-08,2021-08,0
3720,2025-02,2025-02,0
8754,2024-09,2024-09,0
4844,2022-09,2022-09,0
7396,2021-09,2023-09,24
2709,2024-06,2024-08,2
5027,2020-02,2025-04,62
2911,2021-04,2021-04,0
2505,2022-12,2022-12,0
4215,2020-05,2021-02,8
6625,2023-12,2025-01,13
4469,2020-04,2020-04,0
7874,2020-01,2024-07,54
4194,2023-08,2024-12,15
5641,2021-04,2021-04,0
6948,2023-05,2023-05,0
6021,2020-12,2024-05,41
3413,2021-10,2021-10,0
8654,2025-03,2025-03,0
5341,2020-09,2020-09,0
6446,2022-10,2023-04,6
3731,2020-07,2020-07,0
9707,2020-10,2020-10,0
5919,2021-07,2023-07,23
2796,2020-02,2022-10,32
3644,2020-12,2020-12,0
7682,2022-01,2024-10,32
3844,2022-05,2023-02,9
7347,2020-05,2020-05,0
9210,2023-08,2023-08,0
5148,2020-02,2024-12,58
6295,2021-09,2021-09,0
9655,2020-07,2023-06,35
2937,2023-05,2023-10,4
2001,2023-05,2023-05,0
5277,2022-07,2024-08,24
2233,2021-12,2023-09,20
5554,2020-05,2020-05,0
3906,2020-06,2020-06,0
1798,2020-05,2022-12,30
3810,2021-08,2025-01,40
4220,2020-06,2020-06,0
9243,2020-01,2020-01,0
7627,2021-11,2022-11,11
8838,2020-03,2025-03,59
7290,2021-07,2022-10,15
4368,2020-02,2020-02,0
2163,2021-02,2021-02,0
7811,2020-10,2020-10,0
7377,2022-03,2022-03,0
7186,2023-05,2024-12,18
7770,2020-11,2020-11,0
6071,2020-01,2023-08,43
2046,2022-02,2022-02,0
1605,2020-08,2020-08,0
7958,2021-12,2023-10,21
8172,2021-10,2021-10,0
1147,2020-10,2021-06,8
6217,2020-01,2020-01,0
4129,2020-04,2022-09,28
1026,2024-06,2024-06,0
4067,2021-11,2021-11,0
3704,2020-06,2023-09,38
9865,2024-01,2024-01,0
4716,2020-10,2020-10,0
3828,2021-07,2021-08,1
2309,2021-01,2024-07,41
9978,2022-07,2022-07,0
1601,2020-12,2024-10,46
7472,2020-12,2020-12,0
8416,2020-01,2023-07,42
3685,2020-03,2020-03,0
2105,2022-12,2022-12,0
5418,2020-04,2021-04,11
1226,2020-02,2020-02,0
9000,2022-02,2024-04,25
9736,2020-06,2020-06,0
6799,2022-08,2022-08,0
9500,2021-07,2021-11,3
5477,2023-03,2023-03,0
8709,2023-01,2023-07,5
9024,2021-12,2021-12,0
9254,2021-02,2023-08,30
1470,2022-02,2022-02,0
8829,2023-06,2023-07,0
9759,2023-11,2025-04,16
7388,2021-08,2021-08,0
8684,2021-10,2024-10,36
2633,2021-03,2021-09,5
4578,2021-07,2022-01,6
9773,2021-02,2022-07,17
5599,2024-09,2024-09,0
1912,2023-12,2023-12,0
8104,2024-07,2024-07,0
9695,2020-06,2020-06,0
7714,2020-07,2020-08,1
7971,2020-05,2020-07,1
7867,2020-05,2020-05,0
8667,2021-03,2022-05,14
1280,2024-01,2024-01,0
2341,2021-08,2021-08,0
1932,2023-07,2023-07,0
3122,2022-04,2022-04,0
3240,2021-09,2024-07,34
5681,2020-10,2020-10,0
1382,2020-11,2023-03,27
5545,2020-12,2020-12,0
1997,2020-04,2020-04,0
4836,2021-09,2023-12,26
4938,2021-10,2021-10,0
5000,2020-06,2023-03,33
6420,2020-10,2023-06,31
7837,2022-11,2022-11,0
6287,2022-02,2022-02,0
8960,2021-04,2022-11,19
6777,2020-04,2020-06,2
3534,2021-05,2021-05,0
3794,2021-05,2021-05,0
5758,2020-03,2025-01,57
1841,2022-02,2022-02,0
6318,2020-02,2024-04,50
8869,2022-11,2025-03,27
3869,2020-02,2023-01,34
8014,2021-01,2023-02,25
4424,2020-01,2021-06,17
9132,2021-07,2021-07,0
1864,2022-10,2022-10,0
9470,2020-02,2024-06,51
8170,2021-06,2024-09,39
5296,2022-09,2022-09,0
2345,2021-04,2021-11,6
3351,2024-03,2024-03,0
6240,2022-10,2022-10,0
4627,2020-11,2024-03,40
6582,2020-09,2020-12,2
8898,2021-07,2021-07,0
6467,2020-05,2021-05,11
7835,2020-10,2022-11,25
8116,2020-09,2020-09,0
5442,2023-06,2023-06,0
3305,2022-03,2022-03,0
4350,2021-09,2021-10,1
2248,2024-04,2024-04,0
9162,2020-02,2020-02,0
8353,2020-06,2024-01,42
7265,2020-01,2020-01,0
4089,2020-01,2020-05,3
9316,2023-09,2024-05,7
2080,2020-03,2023-12,45
1790,2020-08,2020-08,0
4791,2020-09,2020-09,0
5782,2020-06,2023-03,33
5937,2021-09,2023-08,23
8043,2021-03,2021-03,0
1260,2023-07,2024-11,15
2428,2020-09,2020-09,0
9852,2020-05,2022-10,29
2094,2021-11,2022-11,12
7807,2021-03,2022-08,17
7769,2022-02,2023-10,20
8598,2020-02,2023-08,41
6604,2020-10,2020-10,0
7184,2021-05,2021-05,0
5895,2022-01,2022-02,0
4408,2024-05,2024-05,0
2815,2020-01,2020-01,0
5097,2022-07,2022-07,0
2819,2023-02,2023-02,0
3289,2021-01,2024-07,41
6163,2023-10,2023-10,0
1807,2020-03,2023-10,43
3216,2022-05,2022-05,0
4089,2020-01,2021-02,12
4371,2020-08,2021-11,15
2144,2023-05,2024-11,18
9520,2021-10,2022-03,4
1466,2023-02,2023-02,0
7168,2024-05,2024-12,6
3271,2021-10,2021-10,0
1232,2021-05,2022-02,8
2738,2022-08,2022-08,0
5865,2020-10,2020-10,0
8823,2020-12,2020-12,0
7882,2021-03,2021-11,8
5008,2020-12,2024-10,45
3225,2020-02,2023-11,45
8431,2022-05,2022-08,2
5618,2022-06,2023-12,18
6360,2021-02,2022-11,20
6650,2023-03,2023-03,0
3583,2020-05,2023-07,37
9310,2020-01,2022-05,27
8570,2021-08,2021-08,0
7131,2020-08,2021-09,13
5333,2020-08,2024-09,48
2386,2020-06,2021-05,10
5917,2024-07,2024-07,0
2352,2021-08,2022-03,6
6469,2023-06,2023-06,0
5526,2020-04,2024-02,46
5803,2020-06,2020-06,0
5119,2021-09,2022-06,9
4903,2021-07,2021-07,0
1494,2022-08,2025-04,32
3783,2022-11,2023-04,4
9623,2020-01,2020-01,0
6987,2020-07,2023-09,37
1152,2021-09,2021-09,0
8699,2021-04,2021-05,1
6679,2020-11,2024-02,38
5935,2021-06,2022-09,14
4743,2022-10,2022-10,0
6631,2022-07,2022-09,1
3100,2021-09,2021-09,0
1456,2020-09,2020-09,0
6072,2021-06,2021-06,0
8922,2022-10,2022-10,0
9114,2020-12,2020-12,0
7936,2023-10,2023-10,0
2734,2020-01,2022-11,34
5883,2020-07,2020-07,0
3089,2021-06,2023-11,28
2438,2020-10,2020-10,0
6735,2020-10,2020-10,0
8992,2020-12,2024-04,39
3935,2020-07,2024-03,43
4296,2020-05,2025-03,58
7547,2020-04,2020-04,0
6545,2024-01,2024-01,0
1855,2022-11,2022-11,0
9537,2024-03,2025-04,13
6693,2020-06,2020-06,0
2799,2020-10,2021-12,14
7813,2020-03,2020-03,0
7903,2020-02,2023-02,35
5940,2021-06,2023-10,28
4924,2020-11,2023-10,35
4915,2020-06,2020-12,5
1231,2021-01,2022-09,19
6137,2022-10,2022-10,0
2909,2021-06,2022-02,8
4589,2020-03,2020-03,0
7804,2022-03,2022-08,5
3157,2020-05,2020-05,0
2222,2020-08,2020-08,0
7470,2023-12,2025-01,12
3107,2021-06,2021-06,0
8039,2021-05,2021-05,0
6110,2020-10,2020-10,0
7354,2021-04,2021-04,0
5983,2021-05,2021-05,0
9314,2021-01,2021-09,7
4247,2023-02,2023-02,0
4677,2024-03,2024-11,7
9104,2022-01,2023-07,18
4356,2024-04,2024-04,0
3956,2020-07,2023-01,29
2287,2020-08,2020-08,0
4851,2020-01,2020-01,0
3197,2023-11,2023-11,0
1163,2021-06,2021-06,0
4339,2020-12,2020-12,0
2482,2022-07,2022-07,0
7967,2020-07,2024-11,52
1278,2021-01,2021-10,9
6667,2021-02,2021-02,0
1072,2020-01,2020-01,0
3847,2021-10,2021-10,0
4089,2020-01,2024-07,54
4376,2021-04,2021-04,0
9033,2021-09,2021-09,0
5740,2021-05,2023-03,22
9533,2022-05,2024-10,28
1030,2022-11,2025-02,27
1578,2021-06,2021-06,0
3610,2021-04,2021-04,0
4571,2022-08,2022-08,0
9581,2023-01,2023-01,0
5990,2020-02,2021-07,16
4391,2020-07,2020-07,0
3086,2021-04,2021-04,0
6595,2022-06,2022-06,0
2899,2021-08,2024-01,29
3478,2022-05,2022-05,0
9848,2023-01,2023-01,0
6398,2020-05,2023-08,38
3273,2020-03,2020-08,5
6486,2020-04,2024-04,47
2049,2021-05,2021-05,0
3680,2025-03,2025-03,0
8645,2020-02,2023-07,41
1491,2021-11,2022-04,5
7411,2022-09,2024-11,26
4744,2021-08,2022-12,16
5976,2021-12,2021-12,0
2206,2020-07,2020-08,0
7785,2020-05,2020-05,0
9444,2020-12,2020-12,0
4153,2020-02,2023-07,41
9050,2022-01,2024-09,32
3834,2020-04,2020-04,0
5556,2023-07,2023-07,0
4685,2021-08,2021-08,0
6653,2023-01,2023-01,0
2763,2021-06,2021-06,0
5111,2021-01,2024-11,46
8343,2021-01,2021-01,0
7792,2020-02,2020-02,0
6608,2021-08,2022-04,8
5088,2024-05,2024-05,0
9213,2024-10,2024-10,0
8472,2021-03,2021-12,9
7521,2020-01,2023-08,42
5785,2020-12,2024-06,42
2183,2021-09,2021-09,0
9279,2021-09,2024-03,30
3772,2022-10,2022-10,0
2209,2022-08,2023-10,13
8648,2020-08,2020-08,0
5394,2020-03,2020-03,0
7552,2020-02,2020-02,0
6767,2020-12,2024-03,39
3255,2020-02,2024-06,51
3193,2020-03,2020-03,0
2778,2021-06,2021-06,0
6370,2021-12,2021-12,0
1388,2020-02,2023-01,35
5995,2021-09,2022-11,14
5857,2020-01,2021-05,15
5194,2021-06,2022-11,17
8504,2021-02,2024-08,42
7473,2021-04,2021-04,0
9885,2023-02,2023-02,0
6623,2020-03,2020-03,0
1556,2023-01,2023-01,0
2481,2022-08,2023-02,5
6679,2020-11,2021-01,2
8267,2020-06,2021-08,14
4412,2023-02,2024-05,14
6973,2024-01,2024-01,0
4084,2022-11,2022-11,0
2917,2023-03,2023-03,0
2424,2021-05,2023-11,30
1502,2023-01,2024-05,15
6360,2021-02,2021-02,0
1562,2020-03,2020-06,3
9763,2020-03,2022-08,28
3225,2020-02,2020-02,0
1476,2020-11,2023-01,25
4517,2020-01,2020-03,1
2641,2021-02,2021-02,0
1186,2024-11,2024-12,0
7994,2022-12,2023-12,12
8022,2021-07,2021-07,0
3685,2020-03,2023-02,34
8271,2020-04,2021-06,13
9245,2021-04,2021-09,5
6924,2023-10,2024-06,7
8536,2020-01,2020-01,0
1041,2021-11,2021-11,0
6340,2020-06,2020-06,0
4175,2021-02,2021-02,0
8836,2020-03,2020-03,0
7407,2022-02,2022-12,9
4997,2022-04,2022-04,0
1092,2020-03,2020-03,0
6598,2020-10,2020-10,0
9727,2021-05,2023-04,23
1820,2021-10,2023-05,18
9234,2020-03,2024-07,52
1952,2020-09,2024-03,42
4479,2020-03,2022-07,28
3885,2020-11,2021-11,12
3093,2022-09,2023-01,4
9329,2021-10,2021-10,0
1535,2020-04,2022-03,22
1847,2022-08,2022-08,0
5814,2024-01,2024-01,0
8648,2020-08,2025-04,55
1669,2021-07,2022-11,15
1910,2024-06,2024-06,0
8385,2020-05,2020-05,0
6246,2023-04,2023-04,0
4797,2020-01,2025-04,62
9128,2023-01,2023-01,0
4800,2020-08,2023-09,36
1531,2020-07,2021-09,14
2714,2022-04,2022-04,0
9702,2023-12,2024-07,6
7192,2021-05,2021-05,0
4588,2022-04,2022-04,0
1217,2020-02,2024-02,48
9872,2020-07,2020-07,0
3869,2020-02,2021-10,19
2696,2020-02,2021-05,14
1685,2022-10,2023-08,10
5918,2022-02,2023-03,13
5813,2020-11,2023-04,28
5631,2020-12,2023-06,29
6136,2022-12,2024-10,22
1595,2020-02,2023-07,40
3285,2020-08,2021-04,8
8334,2023-11,2023-11,0
7376,2023-09,2023-09,0
7344,2024-10,2024-10,0
9578,2020-07,2021-11,16
2163,2021-02,2022-07,16
1273,2021-09,2023-08,23
8706,2025-03,2025-03,0
8555,2021-02,2021-02,0
4185,2020-07,2022-01,18
9364,2021-03,2022-10,18
3639,2020-01,2021-09,19
4350,2021-09,2021-09,0
8335,2021-09,2022-03,5
7305,2020-10,2020-10,0
9352,2022-06,2022-06,0
8731,2021-03,2023-09,30
2308,2025-02,2025-02,0
4644,2022-02,2022-02,0
2272,2020-01,2020-12,10
7798,2020-08,2022-07,22
8357,2021-02,2021-06,3
9082,2020-03,2021-09,18
3208,2021-05,2021-05,0
1967,2020-11,2020-11,0
8273,2020-12,2024-02,38
5420,2020-06,2020-06,0
4042,2020-07,2020-07,0
4427,2020-12,2020-12,0
8174,2020-06,2020-06,0
2814,2022-10,2024-01,14
3781,2021-04,2021-04,0
8735,2022-03,2022-03,0
7193,2020-04,2020-04,0
2050,2023-12,2023-12,0
5617,2021-02,2024-05,39
8809,2020-01,2020-01,0
6955,2024-02,2024-08,6
6065,2024-08,2024-08,0
6839,2023-05,2023-05,0
8264,2020-10,2024-08,46
9490,2023-10,2023-10,0
3285,2020-08,2024-01,41
1795,2021-09,2021-09,0
6985,2023-03,2023-03,0
2838,2023-04,2023-04,0
8804,2021-09,2022-10,13
9903,2020-04,2020-04,0
6239,2020-09,2021-11,14
7888,2020-02,2020-02,0
7033,2021-09,2021-09,0
9717,2021-06,2021-06,0
9922,2020-08,2024-11,50
4432,2020-02,2021-07,16
4659,2023-10,2023-10,0
1991,2022-03,2022-03,0
6243,2021-01,2022-04,14
1845,2022-03,2023-06,14
5902,2022-02,2023-02,11
7173,2022-11,2022-11,0
4384,2022-08,2025-03,31
3469,2021-05,2022-05,11
6891,2024-06,2024-06,0
8406,2020-09,2020-09,0
6190,2022-08,2024-06,21
8708,2020-06,2023-11,40
3186,2020-06,2020-07,0
9911,2024-01,2024-01,0
4318,2021-11,2021-11,0
3381,2020-01,2021-02,12
2803,2025-04,2025-04,0
7384,2023-02,2023-02,0
9376,2021-09,2022-03,6
8580,2020-01,2025-01,60
8887,2020-04,2020-04,0
4532,2021-03,2024-09,42
4426,2021-03,2022-06,14
5572,2020-03,2023-03,36
4037,2022-04,2024-03,23
4100,2020-12,2020-12,0
3539,2020-06,2020-06,0
5596,2022-01,2023-07,18
3878,2021-09,2022-02,4
4652,2020-09,2020-09,0
1015,2020-12,2020-12,0
4038,2022-08,2022-08,0
5107,2022-12,2024-01,12
9221,2022-02,2024-06,27
7030,2021-12,2024-01,25
3690,2020-09,2022-07,21
4916,2020-01,2020-01,0
1838,2020-09,2020-09,0
7591,2021-04,2025-04,47
3597,2021-04,2021-04,0
8779,2022-11,2022-11,0
5960,2021-01,2021-01,0
6052,2022-12,2022-12,0
9956,2021-03,2023-06,27
8258,2022-02,2024-08,30
8154,2020-04,2021-06,14
4189,2022-03,2024-11,31
7007,2020-03,2024-12,56
3828,2021-07,2021-07,0
9785,2023-10,2023-10,0
4445,2020-02,2020-04,1
1828,2020-04,2023-12,43
9818,2020-08,2020-08,0
3785,2020-07,2020-07,0
8198,2020-10,2020-10,0
5742,2020-03,2021-12,20
4497,2020-10,2022-10,24
7498,2023-07,2023-07,0
5808,2022-01,2022-01,0
8685,2020-02,2020-02,0
3494,2021-03,2021-03,0
4860,2023-09,2023-09,0
7639,2020-02,2020-02,0
9447,2020-02,2020-02,0
9185,2021-05,2022-03,10
2479,2022-04,2023-05,13
5163,2020-08,2021-08,12
4646,2020-02,2020-07,5
1566,2024-07,2024-07,0
2000,2022-08,2022-08,0
2604,2021-08,2022-10,13
7149,2020-01,2022-07,29
9587,2020-03,2020-03,0
6013,2023-04,2023-04,0
9739,2020-05,2020-05,0
7199,2021-02,2022-07,17
6767,2020-12,2020-12,0
1030,2022-11,2022-11,0
7995,2021-12,2023-03,15
7792,2020-02,2024-10,56
1985,2020-10,2020-10,0
1100,2022-02,2023-02,12
1288,2023-05,2023-05,0
5290,2020-11,2021-06,7
4264,2022-11,2022-11,0
2735,2022-12,2022-12,0
7221,2021-06,2024-11,41
6116,2020-10,2021-12,14
7822,2020-07,2024-07,48
9940,2025-01,2025-04,2
8710,2021-05,2024-07,37
3416,2020-03,2024-03,48
6720,2021-09,2021-09,0
5486,2020-12,2024-01,36
9598,2020-04,2024-04,47
5359,2020-09,2020-09,0
8551,2020-06,2020-06,0
1250,2024-11,2024-11,0
9451,2021-08,2021-08,0
4995,2023-03,2023-03,0
6669,2023-10,2023-10,0
1498,2021-03,2023-06,26
8282,2020-08,2020-08,0
6567,2023-08,2024-04,8
4263,2020-02,2020-10,7
2320,2020-02,2020-02,0
6190,2022-08,2023-11,14
2081,2020-06,2020-06,0
3717,2020-04,2023-05,36
3912,2024-01,2024-01,0
9317,2020-06,2022-02,20
2183,2021-09,2022-04,6
3965,2020-02,2020-02,0
6803,2023-07,2023-07,0
7430,2024-06,2024-06,0
3587,2020-12,2022-07,19
3723,2021-03,2021-11,7
6367,2020-10,2024-03,40
4735,2021-09,2021-09,0
5563,2021-05,2023-11,30
2038,2020-03,2020-03,0
5838,2020-06,2020-06,0
3765,2020-06,2022-02,19
3758,2022-11,2022-11,0
7511,2022-02,2023-04,13
4774,2023-08,2023-08,0
5844,2020-12,2022-08,20
4800,2020-08,2020-08,0
6812,2021-06,2023-01,18
5358,2020-11,2021-08,9
6838,2022-08,2024-03,18
4130,2020-02,2025-04,61
9564,2020-09,2021-12,14
2573,2021-02,2021-09,7
5027,2020-02,2024-10,56
1766,2023-01,2023-01,0
6450,2020-06,2020-06,0
9374,2023-09,2023-09,0
2733,2023-09,2025-01,15
6160,2020-05,2024-12,54
4463,2020-01,2020-01,0
2716,2022-11,2023-04,4
8918,2020-01,2022-02,24
8709,2023-01,2023-01,0
2756,2022-08,2024-02,18
3045,2024-02,2024-05,2
1161,2024-12,2024-12,0
5197,2021-09,2021-09,0
9259,2020-05,2020-05,0
7490,2020-02,2020-02,0
4409,2021-08,2023-11,27
7199,2021-02,2021-02,0
8249,2024-11,2024-11,0
7200,2021-03,2023-07,28
8699,2021-04,2021-04,0
1109,2023-04,2023-04,0
1025,2020-07,2020-07,0
4452,2021-10,2021-10,0
6825,2021-05,2021-05,0
9740,2020-05,2020-05,0
5620,2022-12,2022-12,0
5047,2021-05,2023-09,27
7588,2020-12,2024-02,37
6383,2021-01,2023-12,35
7118,2020-06,2022-05,22
7860,2021-04,2022-01,9
1840,2021-01,2021-01,0
2616,2020-05,2023-01,31
8698,2021-09,2023-01,15
6162,2022-03,2022-03,0
2098,2022-12,2023-11,10
8986,2024-03,2024-03,0
3567,2020-11,2020-11,0
4768,2022-03,2022-03,0
1187,2020-02,2024-11,57
6863,2022-03,2022-03,0
3222,2021-03,2021-03,0
1684,2022-12,2023-07,7
6664,2022-05,2022-05,0
8667,2021-03,2021-03,0
1494,2022-08,2022-08,0
9009,2021-03,2021-03,0
8459,2020-10,2020-10,0
9019,2020-02,2020-02,0
8365,2021-06,2023-09,26
5513,2022-03,2022-10,7
1652,2021-09,2021-09,0
8517,2022-04,2025-04,35
6079,2020-04,2020-04,0
6511,2021-02,2021-02,0
4817,2020-05,2020-05,0
1513,2020-12,2021-08,8
5109,2021-11,2021-11,0
4368,2020-02,2023-05,39
9870,2020-03,2020-05,2
2582,2023-07,2023-07,0
1330,2023-06,2023-06,0
9141,2020-03,2021-09,18
8033,2021-06,2021-06,0
4515,2020-07,2020-07,0
3646,2020-01,2020-01,0
9238,2021-03,2022-06,15
8476,2021-06,2024-09,38
7952,2024-12,2024-12,0
2652,2020-07,2020-07,0
8579,2020-09,2020-09,0
5050,2021-08,2021-08,0
2945,2020-12,2023-01,24
6436,2020-05,2020-05,0
7874,2020-01,2023-02,37
3382,2020-12,2020-12,0
3618,2020-01,2020-01,0
3352,2022-10,2022-10,0
2927,2020-07,2020-07,0
9749,2021-02,2021-02,0
3696,2023-01,2023-01,0
2048,2020-08,2023-07,34
1423,2020-11,2022-06,18
2637,2021-10,2021-10,0
6484,2020-02,2020-02,0
8621,2021-01,2023-06,28
5556,2023-07,2024-02,6
4329,2022-03,2022-03,0
7036,2021-01,2023-01,24
1357,2020-02,2020-02,0
8130,2020-08,2020-08,0
5182,2020-07,2024-07,48
5439,2024-03,2024-03,0
1078,2022-07,2024-11,27
5452,2022-02,2022-03,1
7055,2023-10,2024-06,8
4906,2021-02,2021-02,0
1834,2020-11,2020-11,0
1661,2023-05,2025-01,20
8967,2020-05,2023-11,41
9586,2021-12,2025-02,38
9246,2021-01,2021-02,1
6005,2022-07,2024-09,26
5380,2020-09,2020-09,0
8953,2023-05,2024-12,18
3444,2021-06,2021-06,0
2882,2020-02,2024-10,56
8871,2020-11,2020-11,0
7682,2022-01,2022-01,0
5519,2020-08,2022-09,25
9335,2020-07,2021-01,5
4987,2021-10,2025-04,41
2096,2020-04,2020-04,0
6285,2022-01,2025-01,35
3340,2021-12,2021-12,0
1903,2020-02,2020-09,7
9119,2020-02,2023-11,45
6305,2022-10,2023-10,11
1033,2021-03,2025-03,48
8790,2022-09,2022-09,0
1328,2020-11,2020-11,0
6737,2021-07,2022-09,13
1765,2025-03,2025-03,0
2631,2022-11,2022-11,0
9097,2022-11,2022-11,0
8869,2022-11,2022-11,0
8173,2021-05,2021-05,0
8338,2024-02,2024-02,0
8679,2021-02,2024-07,41
4489,2023-08,2024-07,10
1151,2022-10,2023-10,12
3923,2024-01,2024-01,0
3576,2021-02,2025-03,49
1385,2022-03,2023-11,20
9384,2021-02,2023-07,29
8980,2024-09,2024-09,0
8567,2020-05,2022-08,27
8182,2021-01,2021-01,0
6697,2020-03,2020-07,4
7492,2020-03,2024-02,46
2093,2021-06,2021-06,0
7897,2022-05,2022-05,0
3066,2020-08,2020-08,0
5632,2020-01,2020-01,0
9394,2021-10,2021-10,0
1734,2021-07,2021-07,0
1351,2021-03,2021-03,0
6247,2020-09,2020-09,0
6749,2022-01,2022-01,0
7436,2021-08,2024-11,39
5216,2022-03,2022-03,0
8721,2021-09,2021-09,0
3535,2020-08,2021-02,5
1908,2021-02,2021-03,1
8077,2021-02,2022-12,21
7651,2020-01,2020-10,8
1069,2021-05,2021-05,0
3928,2020-04,2024-11,55
2866,2020-03,2020-03,0
5547,2020-08,2020-08,0
3730,2020-03,2025-01,58
8116,2020-09,2021-06,9
1197,2021-10,2022-05,6
4928,2020-06,2020-06,0
1524,2022-03,2022-03,0
4675,2022-05,2023-12,18
7195,2020-08,2020-08,0
7305,2020-10,2022-07,20
7099,2020-12,2025-04,52
6165,2020-07,2020-07,0
1182,2021-01,2021-01,0
6986,2022-04,2022-04,0
6966,2023-06,2023-09,2
7119,2020-01,2023-03,38
9709,2022-09,2022-09,0
5739,2020-11,2021-08,9
6630,2020-01,2020-01,0
9948,2023-08,2024-09,12
3839,2021-02,2023-10,31
7506,2020-01,2020-01,0
5038,2023-03,2024-06,14
1573,2024-08,2024-08,0
6484,2020-02,2024-04,49
6999,2020-11,2020-11,0
8319,2021-01,2022-09,19
2237,2021-05,2021-05,0
8776,2020-04,2020-11,7
6481,2021-08,2023-06,22
8443,2021-07,2022-04,9
5115,2022-06,2025-04,34
9682,2023-03,2023-03,0
2083,2021-06,2023-12,29
7932,2020-02,2020-05,3
4233,2022-07,2022-07,0
2461,2021-02,2024-09,43
7171,2020-04,2020-04,0
8070,2021-08,2021-08,0
3476,2020-01,2023-01,35
5287,2021-06,2021-11,5
1641,2020-06,2024-04,46
2552,2022-03,2024-10,31
2756,2022-08,2023-10,14
2771,2021-01,2021-01,0
8253,2020-10,2024-08,45
9769,2020-05,2021-10,16
5113,2023-09,2023-09,0
2956,2023-03,2023-03,0
9443,2021-08,2021-08,0
5091,2022-03,2025-01,33
9539,2021-03,2021-03,0
9437,2022-10,2024-06,19
1195,2022-02,2022-02,0
9320,2023-01,2023-01,0
5387,2021-10,2021-10,0
5630,2022-06,2023-04,10
6569,2020-06,2023-03,33
2840,2020-01,2023-11,46
6555,2022-08,2022-08,0
4626,2023-07,2023-07,0
9490,2023-10,2024-02,3
8079,2021-06,2021-06,0
1623,2023-03,2023-03,0
4865,2023-03,2024-08,17
7732,2023-10,2023-10,0
5971,2022-09,2022-09,0
2230,2020-08,2024-04,43
8047,2024-01,2024-01,0
5231,2020-05,2020-05,0
3441,2025-04,2025-04,0
6680,2020-03,2024-01,45
7496,2022-05,2022-05,0
8488,2022-05,2022-05,0
9343,2023-01,2024-10,20
6259,2022-11,2024-02,14
7369,2022-07,2022-07,0
3435,2022-11,2022-12,0
2294,2022-08,2025-01,29
8089,2020-05,2020-05,0
6799,2022-08,2024-11,27
7874,2020-01,2024-04,51
9393,2021-08,2021-12,3
1371,2021-11,2021-11,0
6658,2020-05,2022-07,25
4852,2023-07,2023-07,0
7489,2022-08,2022-08,0
7519,2021-03,2021-03,0
9656,2023-04,2024-07,14
6291,2021-05,2021-05,0
3082,2024-10,2024-10,0
8729,2021-03,2021-03,0
9015,2020-12,2021-06,5
4053,2023-01,2023-01,0
6964,2022-06,2022-06,0
9028,2020-06,2023-02,31
7502,2020-07,2022-11,28
1218,2023-12,2024-11,10
4278,2023-08,2023-08,0
1592,2023-08,2023-08,0
5444,2022-05,2023-08,15
3306,2020-08,2020-08,0
9437,2022-10,2022-11,0
9941,2020-04,2020-04,0
3817,2024-06,2024-06,0
7276,2024-10,2024-10,0
4213,2021-06,2021-06,0
7795,2021-03,2024-10,42
8136,2022-09,2022-09,0
4932,2021-02,2022-09,18
2358,2023-11,2023-11,0
6578,2021-07,2024-05,33
3011,2020-03,2020-03,0
6642,2021-08,2021-08,0
8705,2022-04,2022-04,0
1536,2022-11,2025-03,28
9420,2022-05,2022-05,0
9145,2020-05,2020-05,0
7889,2021-02,2021-02,0
6945,2023-11,2023-11,0
3187,2020-03,2022-08,29
5690,2020-01,2020-01,0
6976,2020-11,2020-11,0
2564,2020-02,2022-01,22
5618,2022-06,2022-06,0
2199,2021-09,2021-09,0
4051,2020-03,2020-03,0
3026,2023-06,2023-06,0
7995,2021-12,2021-12,0
1818,2023-01,2023-01,0
8968,2024-05,2024-05,0
8711,2022-02,2024-01,23
3224,2020-05,2020-05,0
2598,2024-03,2024-03,0
5837,2020-10,2023-10,36
9344,2021-04,2021-04,0
8672,2021-08,2024-12,39
7459,2021-07,2021-07,0
9949,2020-04,2022-03,22
8793,2024-02,2024-02,0
4632,2025-03,2025-03,0
5628,2022-03,2024-09,30
4469,2020-04,2023-02,34
3124,2022-02,2022-02,0
6899,2020-01,2025-01,59
8813,2021-09,2021-09,0
8470,2020-02,2020-02,0
8305,2021-10,2021-10,0
3700,2020-07,2020-07,0
9538,2021-02,2021-02,0
4058,2022-09,2023-05,7
9623,2020-01,2022-08,31
4723,2023-09,2023-09,0
9703,2020-06,2020-06,0
9752,2023-10,2023-10,0
5878,2023-01,2023-01,0
5675,2022-12,2025-03,27
5040,2023-10,2024-07,8
6096,2020-01,2021-06,16
1917,2020-06,2021-05,10
5004,2023-05,2023-05,0
9621,2021-12,2024-12,36
1894,2020-11,2021-11,12
6087,2020-03,2024-11,56
8769,2021-07,2021-07,0
7742,2021-11,2023-01,13
8409,2023-01,2023-01,0
9516,2020-06,2023-04,33
9466,2020-11,2021-04,4
7787,2024-06,2024-06,0
4683,2020-11,2023-12,37
5760,2020-08,2020-08,0
3212,2022-10,2022-10,0
2880,2022-04,2022-11,6
8179,2020-05,2024-10,52
6442,2024-05,2024-05,0
2431,2020-02,2025-03,61
4502,2020-08,2023-11,38
7922,2022-08,2022-08,0
4222,2023-02,2023-02,0
7210,2023-04,2023-04,0
5785,2020-12,2020-12,0
9084,2020-10,2020-10,0
2407,2020-06,2020-06,0
3518,2021-09,2022-05,8
1333,2020-10,2024-11,48
3020,2022-09,2022-09,0
2596,2020-06,2021-12,17
9267,2021-05,2023-06,24
7819,2020-01,2020-11,10
3985,2020-05,2020-05,0
9002,2021-03,2021-03,0
2764,2020-03,2020-03,0
1700,2020-03,2021-07,16
8295,2021-03,2023-10,30
1229,2022-03,2022-03,0
1025,2020-07,2021-02,6
6784,2020-12,2020-12,0
4004,2020-01,2025-02,60
3858,2022-11,2022-11,0
5800,2020-11,2020-11,0
7456,2022-04,2023-01,9
3105,2020-11,2024-01,37
4250,2021-05,2025-04,46
2883,2020-09,2023-06,33
8614,2023-07,2023-07,0
2047,2021-11,2022-01,2
5194,2021-06,2021-06,0
6366,2021-10,2021-10,0
8590,2020-08,2020-08,0
8930,2024-04,2024-04,0
5107,2022-12,2022-12,0
7357,2021-01,2023-11,34
9716,2023-08,2023-08,0
1787,2021-04,2021-04,0
1148,2020-12,2020-12,0
8169,2021-01,2021-01,0
1016,2020-09,2022-08,22
2229,2020-04,2020-04,0
3987,2025-04,2025-04,0
7765,2022-02,2022-02,0
1577,2024-02,2024-11,8
7460,2022-11,2023-05,5
7755,2023-05,2024-07,13
5472,2022-01,2024-12,34
2476,2020-09,2020-09,0
5748,2020-02,2023-05,39
7390,2020-04,2020-04,0
5013,2021-05,2021-05,0
1826,2020-02,2023-05,39
4231,2022-05,2022-05,0
7090,2021-09,2021-09,0
6339,2020-04,2021-06,13
7221,2021-06,2021-06,0
1172,2020-03,2020-03,0
2533,2021-06,2021-06,0
9179,2020-11,2021-04,5
4669,2020-11,2020-11,0
8557,2021-06,2024-05,34
7802,2020-06,2020-06,0
4005,2020-06,2020-06,0
5264,2020-03,2020-03,0
4352,2023-10,2023-10,0
4875,2020-06,2021-08,14
7469,2021-06,2024-08,38
6468,2021-02,2023-12,33
5188,2020-07,2020-07,0
6216,2020-08,2020-08,0
6519,2023-05,2023-05,0
4566,2020-05,2020-05,0
7453,2020-05,2021-09,15
2935,2024-04,2024-04,0
6876,2020-06,2020-06,0
5243,2020-02,2021-05,14
8574,2023-02,2023-02,0
1908,2021-02,2024-01,34
2771,2021-01,2025-01,47
6962,2020-11,2020-11,0
8805,2021-07,2022-04,8
5036,2022-11,2023-10,11
3622,2022-03,2024-05,26
3673,2021-10,2024-10,35
6192,2022-09,2022-09,0
7431,2023-02,2023-02,0
2002,2021-10,2023-02,15
9467,2020-02,2020-02,0
1605,2020-08,2024-04,43
7294,2022-08,2022-08,0
2574,2021-10,2021-10,0
9996,2024-01,2024-01,0
1155,2020-10,2020-10,0
5051,2021-10,2021-10,0
2718,2020-08,2020-08,0
7407,2022-02,2023-12,21
8716,2020-06,2025-02,56
1322,2020-11,2020-11,0
8119,2023-10,2024-05,7
5704,2024-08,2024-08,0
8897,2023-10,2023-10,0
2104,2022-02,2023-03,13
7134,2021-09,2022-06,9
6786,2020-07,2020-07,0
8748,2021-08,2021-08,0
6504,2020-10,2022-10,24
3541,2020-02,2020-02,0
6923,2021-04,2024-03,34
9958,2021-05,2021-05,0
1423,2020-11,2023-01,26
4194,2023-08,2023-08,0
3479,2020-06,2020-06,0
3905,2020-11,2020-11,0
4859,2020-01,2024-01,47
9899,2020-09,2022-12,27
9156,2023-11,2023-11,0
4176,2021-12,2023-11,22
7716,2021-09,2024-04,30
7726,2021-06,2023-08,25
9172,2020-03,2020-08,5
6897,2022-06,2023-02,7
3472,2021-08,2023-08,23
2682,2021-03,2021-03,0
6790,2024-08,2024-08,0
9623,2020-01,2023-05,40
8867,2021-05,2021-09,3
6087,2020-03,2025-04,61
1418,2021-11,2021-11,0
9895,2024-06,2024-06,0
6243,2021-01,2023-09,31
1024,2020-04,2020-04,0
7888,2020-02,2023-05,38
5259,2023-01,2023-01,0
2300,2021-06,2024-06,35
9706,2024-09,2024-09,0
9979,2020-04,2020-04,0
4176,2021-12,2021-12,0
5844,2020-12,2020-12,0
4968,2021-08,2021-09,0
5920,2020-02,2021-01,11
5530,2023-08,2023-08,0
4749,2022-04,2024-03,22
3423,2023-10,2024-04,5
8051,2021-09,2021-09,0
9224,2020-02,2020-02,0
6651,2020-05,2020-05,0
8944,2021-12,2021-12,0
9171,2020-08,2020-11,3
1823,2020-09,2023-06,32
2889,2020-05,2021-04,11
6234,2021-01,2022-12,22
5136,2021-05,2023-12,31
1432,2021-10,2022-05,7
7997,2020-01,2022-09,31
5418,2020-04,2022-11,30
8975,2024-01,2024-03,1
7187,2021-01,2021-01,0
6195,2021-09,2021-09,0
2525,2020-01,2020-01,0
8941,2020-05,2020-05,0
7371,2020-10,2021-09,11
8228,2023-02,2023-02,0
6735,2020-10,2021-04,5
9289,2020-09,2023-11,37
6674,2020-11,2023-01,26
8416,2020-01,2020-01,0
9769,2020-05,2022-11,30
5324,2020-06,2020-06,0
7394,2020-12,2021-12,11
4983,2025-03,2025-03,0
3966,2021-12,2022-10,10
8822,2021-01,2023-12,34
4883,2023-10,2023-10,0
2300,2021-06,2023-11,28
5491,2021-02,2021-02,0
7048,2024-12,2024-12,0
2333,2020-07,2024-10,51
9505,2020-04,2020-04,0
9073,2024-08,2025-01,4
9812,2020-05,2020-05,0
3078,2023-12,2024-07,7
1663,2024-09,2024-09,0
1978,2020-04,2021-01,8
6237,2021-11,2023-01,14
2856,2022-11,2022-11,0
6277,2020-07,2020-07,0
1531,2020-07,2020-07,0
2100,2020-02,2022-08,29
5962,2021-03,2023-02,22
7696,2020-11,2020-11,0
8689,2023-04,2023-04,0
4087,2022-02,2022-04,2
1906,2024-11,2024-11,0
6508,2021-09,2024-01,27
4190,2020-03,2020-03,0
8738,2022-11,2023-05,5
9875,2020-01,2020-01,0
3562,2023-10,2023-10,0
2966,2022-08,2022-08,0
9607,2021-04,2021-04,0
6328,2021-02,2021-08,6
3396,2025-03,2025-03,0
4118,2020-02,2020-02,0
5055,2021-08,2025-02,42
8465,2020-12,2020-12,0
9445,2022-01,2024-12,35
7304,2020-11,2024-10,47
9184,2020-04,2020-04,0
9245,2021-04,2021-11,7
1182,2021-01,2023-10,32
5789,2021-10,2024-05,31
1759,2022-08,2024-05,21
7549,2020-10,2020-10,0
1445,2022-04,2022-06,2
8232,2022-02,2022-02,0
3981,2020-01,2020-01,0
7631,2022-02,2023-07,17
9467,2020-02,2025-01,59
7321,2021-05,2021-05,0
5985,2020-01,2020-01,0
6754,2024-12,2024-12,0
2108,2021-11,2021-11,0
4330,2020-10,2022-03,17
8246,2020-11,2020-11,0
6172,2021-02,2021-12,10
8542,2020-03,2020-11,8
9205,2022-11,2022-11,0
6395,2020-01,2022-06,28
1036,2023-02,2023-09,7
7420,2022-06,2022-06,0
8818,2021-06,2021-11,5
4554,2020-10,2021-12,14
1544,2024-01,2024-01,0
1393,2022-09,2023-06,8
1744,2023-04,2023-09,5
8347,2020-12,2020-12,0
9761,2021-02,2021-02,0
9970,2020-09,2021-02,4
1460,2020-04,2020-04,0
8921,2020-06,2020-07,1
6465,2020-03,2020-03,0
3549,2020-02,2025-03,61
3795,2021-03,2021-03,0
8751,2022-10,2024-08,22
1041,2021-11,2022-04,4
4149,2020-04,2020-12,8
7094,2020-08,2020-08,0
7684,2020-11,2020-11,0
9222,2022-07,2024-12,28
9452,2022-08,2024-11,27
8258,2022-02,2022-02,0
7466,2020-04,2020-04,0
7779,2020-12,2021-06,5
8779,2022-11,2024-02,15
6828,2020-11,2021-12,13
6359,2021-05,2021-11,6
6217,2020-01,2020-04,3
8240,2021-03,2023-12,32
3143,2022-05,2022-05,0
5811,2020-05,2021-07,14
9735,2020-08,2024-01,41
9227,2020-11,2020-11,0
9856,2021-04,2025-04,47
9660,2020-09,2020-09,0
6613,2020-03,2024-07,52
6894,2020-04,2020-04,0
3440,2023-02,2025-03,24
3505,2023-07,2023-07,0
1268,2020-12,2024-01,36
7059,2023-07,2023-07,0
5963,2021-03,2022-10,18
7653,2021-01,2021-01,0
2947,2022-08,2022-08,0
2877,2021-04,2021-04,0
7008,2020-03,2020-03,0
2463,2022-02,2022-02,0
1272,2020-09,2020-09,0
6837,2020-03,2024-03,48
6109,2022-09,2024-06,20
1555,2020-03,2020-03,0
3257,2020-04,2020-04,0
1378,2021-06,2021-06,0
1608,2021-09,2024-08,34
6081,2022-06,2025-02,32
4964,2020-10,2021-03,4
6706,2022-02,2022-02,0
9293,2024-05,2024-05,0
4690,2020-05,2020-07,2
4459,2021-08,2021-08,0
5798,2025-03,2025-03,0
5987,2021-05,2022-09,16
2593,2022-10,2022-10,0
4619,2023-08,2023-08,0
5862,2022-07,2022-07,0
4014,2021-09,2024-03,29
7667,2021-08,2023-04,19
1577,2024-02,2024-09,7
1571,2021-09,2023-07,22
9991,2022-08,2022-08,0
9908,2020-12,2021-01,1
9123,2020-10,2020-10,0
2711,2020-01,2022-10,33
7168,2024-05,2024-05,0
1834,2020-11,2021-05,5
8337,2020-10,2025-01,51
1227,2021-05,2021-05,0
2895,2023-03,2023-03,0
9737,2022-11,2022-11,0
4651,2021-09,2024-03,29
9938,2020-03,2023-06,39
2779,2023-03,2023-03,0
2571,2022-11,2024-06,19
7242,2020-02,2020-12,10
7698,2023-04,2023-04,0
7057,2023-03,2023-03,0
3536,2020-12,2023-01,25
7909,2021-08,2021-11,2
7593,2020-01,2020-01,0
7466,2020-04,2024-05,48
6810,2020-02,2023-12,45
6063,2020-06,2020-06,0
1608,2021-09,2021-09,0
9283,2022-05,2022-07,2
2961,2020-12,2024-08,43
4612,2021-01,2024-08,43
9127,2021-05,2025-01,43
1603,2024-12,2025-02,1
7269,2020-05,2021-12,19
5342,2021-06,2022-07,12
8336,2024-09,2024-09,0
6455,2024-01,2024-01,0
5300,2020-07,2020-07,0
4036,2020-07,2020-07,0
6652,2022-08,2023-02,5
3350,2021-03,2021-03,0
5682,2020-04,2020-04,0
5209,2020-04,2022-05,25
2876,2020-04,2022-12,32
8584,2020-04,2023-12,43
9290,2020-12,2023-09,33
3212,2022-10,2023-01,2
9971,2021-11,2021-11,0
5039,2025-01,2025-01,0
3699,2020-09,2024-03,41
8786,2020-09,2022-12,27
8960,2021-04,2024-09,41
2983,2020-06,2021-01,6
5427,2021-10,2023-01,15
8132,2023-05,2023-05,0
6772,2021-06,2021-07,0
6333,2021-09,2024-04,30
2414,2020-05,2020-05,0
8049,2023-08,2023-09,0
4404,2021-08,2021-08,0
6899,2020-01,2020-01,0
6760,2022-02,2022-02,0
6931,2020-06,2020-06,0
6558,2022-07,2022-10,3
9866,2021-08,2021-08,0
9364,2021-03,2022-09,18
9611,2021-12,2021-12,0
1216,2020-04,2024-07,51
2176,2020-04,2020-04,0
4367,2020-05,2020-07,1
4020,2022-08,2022-08,0
9007,2020-08,2020-08,0
5067,2020-11,2020-11,0
3594,2021-01,2021-01,0
3533,2021-10,2025-04,42
8353,2020-06,2021-02,8
8037,2025-04,2025-04,0
6500,2020-10,2024-05,43
3025,2020-10,2023-05,30
7304,2020-11,2023-06,31
8500,2021-12,2024-06,29
3474,2023-05,2023-05,0
5398,2021-08,2021-08,0
2194,2021-03,2025-02,46
6678,2023-01,2023-10,9
3572,2020-06,2021-04,10
7607,2020-05,2025-03,58
1074,2024-01,2024-01,0
4766,2022-06,2024-10,28
8194,2022-03,2022-03,0
4059,2023-02,2024-05,15
7501,2021-02,2021-02,0
4381,2023-04,2023-04,0
8375,2021-09,2021-09,0
4986,2021-10,2022-01,3
9749,2021-02,2024-12,46
2668,2020-08,2020-08,0
2570,2022-01,2022-01,0
7521,2020-01,2020-01,0
1185,2023-09,2023-09,0
3214,2022-04,2022-04,0
4638,2022-05,2022-05,0
6986,2022-04,2023-01,9
2807,2022-01,2022-01,0
4948,2020-04,2020-04,0
2544,2021-04,2021-04,0
5261,2020-12,2020-12,0
2383,2020-09,2021-06,9
7984,2020-05,2020-05,0
4004,2020-01,2021-05,15
6787,2020-01,2020-06,5
1620,2021-05,2021-05,0
3860,2021-05,2021-05,0
9101,2020-04,2021-09,17
3159,2020-05,2024-01,43
2716,2022-11,2024-09,21
3398,2022-02,2022-02,0
2626,2024-04,2024-04,0
6527,2020-06,2024-09,51
3054,2020-07,2020-07,0
5736,2022-01,2022-01,0
8865,2024-06,2025-03,9
9133,2020-03,2021-11,20
7466,2020-04,2021-02,9
9576,2023-03,2023-03,0
8825,2023-06,2024-11,16
7924,2022-11,2022-11,0
7130,2022-06,2023-09,14
4513,2020-01,2021-02,12
7411,2022-09,2022-09,0
3686,2021-07,2021-07,0
8250,2021-01,2023-01,23
4210,2021-05,2021-05,0
8428,2025-04,2025-04,0
4238,2025-02,2025-02,0
1164,2022-01,2022-01,0
1428,2021-01,2022-09,19
7408,2023-04,2023-04,0
8903,2020-04,2023-05,36
5661,2020-02,2023-01,34
6347,2020-07,2023-08,37
9575,2021-10,2022-07,9
3814,2023-11,2023-11,0
8566,2023-09,2023-09,0
6409,2020-08,2021-08,11
4394,2020-01,2021-07,17
8430,2020-05,2020-05,0
6373,2022-04,2022-04,0
5861,2023-10,2023-10,0
5076,2020-01,2020-01,0
9016,2023-01,2024-10,21
5778,2021-10,2023-01,14
9288,2024-04,2024-09,5
6914,2020-10,2021-07,8
9946,2022-04,2022-04,0
3845,2020-02,2020-02,0
8020,2021-07,2022-11,16
9572,2020-10,2023-11,36
6889,2021-08,2023-08,24
6988,2024-11,2024-11,0
6508,2021-09,2021-09,0
9074,2020-04,2020-04,0
9188,2021-07,2022-04,9
1888,2020-08,2024-04,44
8271,2020-04,2020-04,0
2274,2021-06,2021-06,0
9197,2024-07,2025-01,6
4432,2020-02,2021-07,17
7891,2021-03,2021-03,0
1301,2020-09,2022-10,25
6118,2022-01,2023-01,12
4275,2023-03,2023-03,0
6355,2022-03,2022-03,0
3725,2021-12,2022-01,0
1893,2022-11,2022-11,0
2265,2023-12,2023-12,0
5527,2021-11,2021-11,0
7530,2022-01,2022-01,0
4786,2023-11,2024-08,9
5797,2020-12,2023-02,26
3558,2020-02,2020-02,0
2045,2021-05,2021-09,3
8354,2020-04,2024-11,54
5834,2021-11,2021-11,0
5096,2020-07,2022-08,24
6930,2022-04,2022-04,0
1190,2022-12,2022-12,0
7767,2020-02,2024-08,53
6867,2020-07,2020-11,4
4700,2020-06,2021-02,8
2425,2020-05,2022-03,22
4909,2020-07,2023-06,34
2792,2020-12,2020-12,0
3458,2024-01,2024-01,0
7166,2020-01,2022-10,32
1890,2020-04,2023-03,35
7937,2023-01,2024-05,16
3746,2020-07,2020-07,0
8303,2023-12,2023-12,0
2329,2020-09,2024-11,49
1718,2022-09,2023-07,10
9165,2020-07,2023-05,33
3105,2020-11,2022-10,23
9080,2024-02,2024-02,0
6699,2024-09,2024-10,1
6175,2024-12,2024-12,0
9586,2021-12,2022-01,1
2889,2020-05,2020-05,0
5084,2022-12,2022-12,0
6197,2021-04,2021-04,0
2533,2021-06,2022-11,16
5310,2020-11,2022-09,22
9204,2020-09,2020-10,0
6002,2020-07,2025-03,55
4552,2022-09,2024-10,25
4340,2023-02,2024-02,11
8699,2021-04,2022-09,17
5320,2021-11,2021-11,0
7715,2020-07,2024-02,42
6083,2020-09,2020-09,0
1876,2020-07,2025-03,56
1080,2021-12,2021-12,0
3002,2021-06,2022-01,6
9076,2021-10,2021-10,0
8561,2023-02,2023-02,0
4379,2020-01,2020-01,0
2857,2021-03,2021-09,6
8404,2020-01,2020-01,0
2482,2022-07,2023-12,17
2439,2023-02,2023-02,0
5004,2023-05,2024-12,19
7237,2020-12,2023-10,34
5252,2020-06,2020-06,0
2045,2021-05,2021-05,0
6196,2021-07,2021-07,0
7534,2020-12,2020-12,0
8171,2021-09,2021-12,3
5766,2022-03,2022-03,0
5590,2022-04,2024-11,31
3826,2022-10,2025-03,28
2142,2020-02,2024-01,46
8750,2022-11,2022-11,0
7484,2021-06,2024-04,34
5501,2020-07,2024-12,52
3389,2020-03,2021-07,15
7970,2023-03,2023-03,0
3069,2020-02,2020-07,4
7925,2023-12,2024-01,1
7559,2020-01,2021-02,12
6696,2023-06,2024-08,14
6536,2020-07,2024-08,48
5572,2020-03,2024-07,52
7404,2020-10,2022-02,16
9114,2020-12,2022-04,16
6320,2020-09,2021-12,14
2614,2020-06,2021-06,11
6152,2024-08,2024-10,2
6301,2020-05,2020-05,0
2694,2022-07,2022-08,1
8795,2020-04,2022-08,27
2707,2021-08,2021-08,0
5761,2020-05,2022-08,27
4966,2021-11,2022-01,2
1194,2020-01,2025-03,61
1745,2020-02,2023-03,36
8016,2020-09,2020-09,0
6263,2021-05,2021-05,0
1876,2020-07,2020-07,0
4726,2020-01,2024-11,57
2744,2020-08,2025-04,55
5559,2022-08,2022-08,0
6020,2021-06,2021-06,0
4901,2021-10,2023-07,21
7080,2020-11,2020-11,0
8680,2020-04,2024-02,45
8828,2022-05,2024-08,26
7988,2022-09,2022-09,0
3559,2020-05,2020-05,0
4955,2020-01,2021-01,12
8924,2020-07,2023-04,32
1799,2020-08,2021-09,12
4510,2022-09,2022-09,0
2893,2022-03,2022-03,0
7518,2021-04,2021-04,0
8334,2023-11,2024-10,11
6873,2020-05,2023-08,38
6366,2021-10,2024-05,30
6804,2020-07,2020-07,0
8914,2020-01,2020-01,0
9227,2020-11,2023-07,32
8322,2022-03,2022-03,0
7524,2020-05,2024-06,48
4366,2021-07,2021-07,0
3816,2021-01,2021-01,0
2554,2020-07,2020-07,0
5413,2020-02,2020-02,0
7246,2020-01,2022-03,26
9401,2023-07,2025-04,20
1424,2024-02,2024-02,0
1883,2022-02,2022-02,0
2458,2020-05,2020-05,0
2929,2020-03,2021-07,16
6443,2024-05,2024-05,0
3433,2022-10,2023-08,10
4435,2021-09,2024-07,33
4037,2022-04,2025-04,35
9165,2020-07,2022-07,24
4509,2020-11,2020-11,0
8027,2021-02,2021-07,5
8544,2023-01,2024-05,15
2506,2022-11,2023-08,8
9139,2022-10,2024-04,17
4090,2020-02,2020-02,0
9059,2020-03,2020-03,0
5167,2022-09,2024-02,17
6071,2020-01,2020-01,0
5139,2020-09,2020-09,0
4906,2021-02,2024-06,39
2833,2020-12,2021-04,3
8460,2020-04,2022-02,22
5710,2024-09,2024-09,0
6395,2020-01,2023-03,37
6406,2021-02,2022-10,20
1035,2022-05,2022-05,0
6966,2023-06,2023-06,0
9968,2022-10,2022-10,0
4665,2021-09,2021-09,0
3984,2021-09,2021-12,3
6705,2023-05,2024-09,16
9529,2020-02,2020-09,6
7918,2020-08,2021-03,6
3091,2024-12,2024-12,0
4921,2020-03,2024-05,49
2206,2020-07,2021-08,12
1831,2020-04,2020-04,0
6376,2023-09,2023-09,0
1726,2023-09,2023-09,0
7635,2022-07,2024-07,24
9606,2023-03,2023-03,0
2697,2020-10,2020-10,0
3066,2020-08,2020-12,4
1546,2020-04,2025-04,59
9580,2023-10,2023-10,0
8774,2021-08,2021-08,0
5987,2021-05,2023-04,23
5072,2021-04,2024-09,41
6787,2020-01,2021-10,21
9506,2020-10,2020-10,0
3776,2023-03,2023-06,2
7950,2021-06,2022-07,13
4044,2022-09,2023-01,4
1886,2020-08,2020-08,0
4426,2021-03,2022-12,20
2748,2020-03,2021-07,16
8358,2023-07,2023-07,0
5422,2022-06,2022-06,0
5036,2022-11,2022-11,0
8278,2020-06,2020-09,2
8170,2021-06,2021-06,0
9908,2020-12,2020-12,0
4422,2022-06,2022-06,0
5099,2020-11,2020-11,0
3769,2022-02,2022-02,0
6130,2024-06,2024-06,0
8999,2020-03,2020-03,0
1254,2024-02,2024-02,0
6833,2020-07,2023-04,33
9499,2021-03,2021-03,0
5322,2020-03,2024-01,46
3036,2021-04,2021-06,2
3935,2020-07,2020-07,0
4806,2023-09,2023-09,0
1949,2023-12,2023-12,0
9764,2021-05,2021-05,0
3719,2020-02,2020-10,7
8967,2020-05,2025-01,55
8610,2020-09,2022-08,23
7982,2020-04,2020-04,0
6261,2020-12,2024-10,45
4544,2021-04,2022-05,13
1264,2022-07,2023-03,8
9084,2020-10,2024-03,41
7579,2024-11,2024-11,0
2484,2021-01,2024-04,38
8057,2020-11,2020-11,0
6445,2024-04,2024-04,0
1418,2021-11,2025-04,41
4367,2020-05,2023-12,43
5188,2020-07,2024-11,51
8989,2024-02,2024-02,0
8643,2021-02,2021-07,4
8956,2022-03,2022-03,0
4460,2020-10,2022-02,15
9822,2020-07,2020-07,0
1238,2025-01,2025-01,0
9476,2020-09,2023-02,28
3357,2020-02,2020-02,0
3990,2021-07,2022-03,8
5891,2021-05,2021-05,0
5423,2022-06,2022-06,0
3415,2021-02,2023-05,27
1993,2022-03,2023-03,11
3202,2020-08,2021-11,14
1394,2020-12,2021-07,6
7301,2021-06,2021-06,0
2960,2021-04,2022-06,14
3603,2021-06,2023-12,29
1560,2020-11,2020-11,0
9990,2023-05,2024-06,13
1371,2021-11,2023-05,18
6256,2021-07,2021-07,0
2617,2023-05,2023-05,0
9840,2020-09,2020-09,0
5309,2022-04,2022-04,0
6351,2020-01,2020-01,0
9824,2020-03,2020-03,0
8327,2021-11,2021-11,0
1550,2020-09,2020-09,0
1909,2024-11,2024-11,0
6923,2021-04,2021-04,0
6338,2022-02,2023-03,13
1157,2021-06,2021-06,0
1794,2020-08,2024-08,47
9166,2020-09,2024-06,45
4976,2020-08,2024-07,47
2172,2021-02,2021-02,0
2285,2022-10,2022-10,0
6719,2020-03,2023-08,40
1854,2021-06,2021-06,0
1313,2023-10,2023-10,0
5452,2022-02,2022-02,0
6068,2021-05,2021-05,0
1803,2021-03,2021-03,0
1612,2020-07,2022-01,17
7755,2023-05,2023-05,0
5127,2021-08,2021-08,0
9657,2023-07,2023-07,0
9773,2021-02,2021-02,0
3791,2023-10,2024-02,3
5621,2020-11,2020-11,0
3326,2020-06,2020-06,0
7963,2022-04,2022-04,0
7914,2021-07,2021-07,0
9689,2020-07,2020-07,0
6429,2021-01,2024-03,37
9309,2020-12,2020-12,0
2749,2020-07,2021-04,8
6781,2023-07,2023-07,0
7109,2022-08,2022-08,0
2925,2020-03,2020-03,0
1368,2020-04,2020-04,0
6541,2021-01,2021-01,0
2157,2021-10,2024-11,36
2165,2022-02,2022-02,0
5497,2020-12,2020-12,0
7345,2021-07,2021-07,0
1653,2020-12,2020-12,0
3560,2020-11,2023-02,27
8513,2020-01,2021-03,14
3656,2022-12,2022-12,0
2632,2023-07,2023-07,0
5792,2022-04,2024-11,30
7871,2023-06,2023-06,0
9275,2020-10,2020-10,0
5117,2022-05,2022-05,0
9884,2020-07,2020-07,0
2102,2020-02,2024-10,56
8273,2020-12,2022-12,24
5571,2020-07,2024-05,46
3574,2020-10,2025-03,53
6318,2020-02,2022-08,30
5360,2025-04,2025-04,0
9687,2020-04,2020-04,0
6009,2021-04,2021-04,0
6071,2020-01,2023-11,45
5179,2020-06,2020-06,0
3534,2021-05,2023-04,23
9243,2020-01,2020-11,9
8808,2021-10,2025-02,40
7509,2021-01,2023-11,33
8820,2020-09,2020-09,0
8700,2021-08,2021-08,0
9702,2023-12,2024-12,11
5492,2023-12,2023-12,0
2827,2021-10,2023-08,22
8447,2021-05,2021-05,0
9818,2020-08,2025-02,53
8234,2022-01,2022-03,2
8086,2022-10,2022-10,0
1939,2025-03,2025-03,0
2974,2020-01,2022-02,25
3681,2020-01,2020-01,0
3067,2021-06,2025-01,43
4450,2021-02,2023-02,23
9130,2022-08,2022-08,0
9699,2020-08,2020-08,0
8331,2021-12,2023-08,19
1428,2021-01,2021-01,0
8144,2020-05,2023-04,34
7810,2020-01,2023-07,41
5964,2020-01,2020-01,0
8822,2021-01,2024-06,40
5451,2020-03,2020-03,0
8668,2022-02,2024-09,30
3208,2021-05,2024-08,39
1299,2021-04,2021-04,0
7037,2020-09,2020-09,0
5623,2020-10,2024-01,38
9818,2020-08,2023-09,36
3165,2020-07,2023-10,39
4546,2021-11,2021-11,0
5408,2022-06,2023-07,12
6518,2020-08,2024-05,45
8756,2020-07,2024-05,45
7717,2022-01,2022-01,0
5448,2024-04,2024-04,0
6471,2020-11,2025-04,52
6594,2020-02,2020-02,0
8361,2020-03,2020-05,1
8702,2022-04,2022-04,0
3341,2022-11,2022-11,0
6357,2021-06,2021-06,0
9158,2021-09,2024-07,33
5467,2021-03,2022-06,14
7985,2022-07,2022-07,0
4846,2023-07,2024-02,6
9852,2020-05,2020-05,0
4070,2023-06,2023-06,0
6017,2024-04,2024-04,0
5677,2020-10,2023-01,27
1756,2020-07,2022-06,23
7522,2021-08,2021-08,0
6814,2023-12,2023-12,0
8651,2020-01,2022-03,25
3286,2020-05,2022-10,28
7882,2021-03,2021-03,0
2058,2021-03,2024-07,40
4162,2021-06,2024-09,39
6466,2021-12,2023-09,21
8712,2023-05,2023-05,0
3882,2022-08,2023-06,10
7360,2020-05,2023-10,40
7997,2020-01,2023-01,36
2015,2024-09,2024-09,0
3325,2020-07,2021-01,5
1754,2022-03,2022-03,0
4222,2023-02,2023-05,3
6044,2020-05,2020-05,0
1301,2020-09,2024-01,40
5909,2022-10,2024-03,17
3876,2024-03,2024-03,0
5610,2021-09,2024-02,28
2479,2022-04,2025-03,35
6774,2024-03,2024-03,0
2930,2022-07,2023-06,10
3859,2022-06,2022-06,0
7889,2021-02,2024-10,43
5051,2021-10,2022-12,13
9886,2021-07,2021-07,0
2547,2020-05,2020-05,0
6716,2020-02,2020-02,0
3377,2022-10,2022-10,0
4776,2021-01,2024-08,42
1975,2021-04,2021-04,0
7304,2020-11,2020-11,0
8089,2020-05,2023-07,38
3526,2020-10,2022-10,24
4094,2021-11,2024-07,32
8891,2020-04,2021-08,15
5702,2021-06,2022-12,17
9206,2020-11,2020-11,0
8766,2024-08,2024-08,0
6021,2020-12,2023-11,35
6316,2020-07,2020-12,5
1159,2020-10,2020-10,0
3937,2021-10,2021-10,0
3238,2022-03,2023-12,20
8437,2023-05,2023-05,0
7570,2023-04,2023-04,0
6406,2021-02,2023-09,31
7955,2020-08,2020-11,2
3386,2023-02,2025-01,22
6000,2020-12,2023-05,29
9372,2021-12,2022-07,7
3352,2022-10,2023-08,10
8559,2021-07,2021-07,0
4941,2020-10,2024-04,41
9626,2021-07,2023-09,25
2298,2021-09,2021-09,0
8146,2024-03,2024-03,0
8988,2020-05,2020-05,0
9820,2022-12,2023-02,2
2367,2021-10,2023-04,17
8259,2022-08,2024-08,23
7179,2020-07,2020-07,0
6136,2022-12,2022-12,0
5615,2020-05,2020-05,0
8963,2020-03,2020-03,0
9417,2021-05,2021-05,0
5680,2020-06,2020-08,1
1130,2021-06,2021-06,0
2131,2021-05,2021-05,0
5085,2024-07,2024-07,0
8477,2020-10,2020-10,0
7919,2020-06,2025-04,58
2633,2021-03,2022-06,14
