order_id,customer_id,order_date,order_amount,order_status,shipping_address,payment_id,payment_date,payment_amount,payment_method,payment_status
d27d8139-a252-4402-9fd0-23a85592285e,2824,28-05-2023 00:00,22.26,pending,"32181 Johnson Course Apt. 389, New Jamesside, MT 29394",63c7d80b-15db-451c-bec8-16bccfcaffcd,08-01-2023 00:11,5.23,credit card,pending
c5c2b825-8f6c-413b-8629-d6016c9cfaf0,2674,25-01-2023 00:00,55.45,shipped,"3116 Henderson Mountain Apt. 106, Laurenville, IA 25613",33a9b7ec-b03c-4699-8383-85ee5cccff7f,29-01-2022 00:07,374.41,paypal,completed
af18057f-1470-44b9-81ee-6047e255c398,6925,11-11-2022 00:00,292.9,delivered,"1354 Samuel Plains, Cherylhaven, AL 88039",b60a755a-b39c-4519-9c79-5355a45480d4,10-01-2022 00:12,493.68,paypal,failed
91aa0969-a980-47e2-94f1-0934138f7190,2139,07-05-2024 00:00,32.45,shipped,"41182 Campbell Fords, Jamesview, NY 64533",5df2f9e6-fcd4-497b-8205-7986715d6a60,04-01-2021 00:09,261.47,credit card,completed
ca998b1a-b734-4070-9262-66064771313a,6573,06-03-2021 00:00,64.66,pending,"957 Coleman Summit Suite 574, Johnville, VA 25743",fa51b5d3-7693-4a2b-a0dc-320fe4ac8fc4,06-01-2021 00:06,433.7,bank transfer,pending
2c610330-5b13-4ea1-89d5-e22b4ea87343,3591,05-09-2021 00:00,232.32,delivered,"37498 Hooper Village, West Jeremy, HI 40119",7c870567-9478-4639-aed6-3453daf9cea0,05-01-2022 00:01,420,bank transfer,completed
f5498fa8-22e6-49d8-bcb3-14e6322dc0a8,9317,09-08-2020 00:00,457.19,delivered,"90229 Miller Gateway Apt. 869, Port Alexandra, NV 58529",651dd5af-db80-4662-81e0-e81fa2dd49f7,27-01-2020 00:07,219.44,paypal,failed
9312768e-57e6-4679-9e4d-dd57e26dd93b,3060,05-01-2021 00:00,72.91,pending,"46584 Justin Hills, Grimesmouth, ND 63984",58f3cc07-f7d6-4556-8be3-e8e601e7ace1,30-01-2020 00:07,389.23,bank transfer,failed
687bc393-d069-43c7-83f3-e0c4806cd9ce,3705,01-11-2021 00:00,139.88,delivered,"5339 Hall Trail Suite 057, Hughesberg, NM 05353",e3c79bd3-f020-4f21-9dea-cc28261d4c14,26-01-2024 00:09,233.12,bank transfer,completed
007d731a-1c94-4075-a0e6-f2ba0c139e80,8744,15-12-2021 00:00,129.07,pending,"PSC 5064, Box 3171, APO AP 28302",d6598486-94a4-4ea8-b315-774e34951f8c,17-01-2021 00:10,325.53,credit card,completed
f6faa4d4-d88f-410b-a2fa-72361005d08f,6559,11-02-2023 00:00,402.29,shipped,"847 Garcia Squares Apt. 836, Beasleychester, MA 59942",46dd50f8-dcd4-4058-839e-8b5f4fa62c5f,03-01-2021 00:11,95.3,paypal,pending
f6faa4d4-d88f-410b-a2fa-72361005d08f,6559,11-02-2023 00:00,402.29,shipped,"847 Garcia Squares Apt. 836, Beasleychester, MA 59942",f7180e1e-b299-428e-b2ae-4337e39470f7,09-01-2024 00:01,344.39,credit card,pending
a7842ff8-0936-477b-89b0-8fb43c1fe63d,8350,02-02-2025 00:00,78.69,shipped,"5604 Bell Ports, East Diane, IN 14685",cedfc4b0-055b-4287-8d48-26ab770da858,04-01-2023 00:08,148.06,credit card,completed
2e61396d-d5dd-44d3-b2b1-5475280c9cd7,1152,05-10-2024 00:00,234.56,delivered,"7584 Jessica Common, Morrisonburgh, ND 39005",216ca17f-aa3a-4cd5-be7b-81c944c8572a,29-01-2022 00:05,222.65,credit card,pending
4f6d61ab-3b48-44f8-a3ec-4bf36b7a7dd9,3200,05-10-2024 00:00,139.59,shipped,"84249 Wayne Extension Apt. 299, Meganshire, AZ 04219",23fa38b9-6f95-43d6-bf3e-ab2ece0a8c3e,30-01-2023 00:03,247.96,credit card,pending
30762a45-1869-498f-a740-5dca12973246,2684,15-09-2023 00:00,183.3,delivered,"08330 Robert Stravenue, Garciaberg, AL 72636",9dfc55a0-9b27-4e51-a8d5-6ae40af37ce7,31-01-2024 00:03,112.52,credit card,failed
350cee3c-95fd-4234-9d7b-e325f3d6f338,8711,15-08-2023 00:00,118.99,pending,"87072 Bryant Centers Suite 406, Lisaborough, OR 10073",ef4793b4-301f-47d0-a71e-f4c63ca62f1e,01-01-2021 00:03,144.19,credit card,completed
3f803d6a-5862-4b1b-974b-0fe8f3c129bf,7548,10-04-2023 00:00,342.96,delivered,"USS Allen, FPO AE 13725",48716ad1-be6a-4a4e-a2c9-8703c484168d,20-01-2023 00:02,185.7,bank transfer,completed
240cef4b-3094-4e6c-8fa0-ec4ee6ad7c9c,4114,09-04-2024 00:00,134.81,delivered,"55609 Joyce Brook Suite 899, Phillipsborough, MA 30650",054a56c8-9571-47a0-8bd1-3d92474aaf6e,24-01-2022 00:05,397.06,paypal,pending
2bfdfcde-7a5e-4205-8274-7b3af6b84ff4,3414,15-04-2021 00:00,21.97,shipped,"1797 Ferguson Ways Suite 805, North Kaylastad, GA 85304",ca025987-8952-4e1b-be37-ac4bc40977b4,08-01-2020 00:04,300.65,bank transfer,completed
aead2561-acaf-4a6a-a8fc-e5ccd98ec5ef,4185,04-06-2022 00:00,361.99,pending,"7177 Jones Cape Apt. 051, Lake John, HI 72840",b1799c6a-0753-454a-831d-89a915c02819,27-01-2022 00:04,261.95,credit card,failed
17f29ec8-e94f-4f14-bc8f-df74060decb1,7071,12-11-2024 00:00,43.79,delivered,"685 Stone Well Apt. 998, Rodriguezberg, FL 74765",e2a12bdc-4e7f-4a90-8f77-fb18ed47f02d,26-01-2021 00:08,83.43,bank transfer,completed
17f29ec8-e94f-4f14-bc8f-df74060decb1,7071,12-11-2024 00:00,43.79,delivered,"685 Stone Well Apt. 998, Rodriguezberg, FL 74765",8b40c948-29b7-45c7-b452-26b5e2116195,17-01-2022 00:09,269.96,bank transfer,failed
3a33d124-2b0b-4520-8a81-69b390f0b455,5526,22-04-2020 00:00,282.34,delivered,"92712 Schultz Lodge, Sanfordfurt, AL 05445",e67454aa-2895-46f5-9b70-f19e5204c3d6,09-01-2023 00:05,110.83,bank transfer,pending
b0eda4dd-53ae-4305-a162-23a0018861a2,7658,18-02-2023 00:00,249.4,shipped,"4789 Hamilton Spur, West Wendy, NM 47588",65a0cb48-f61b-4449-9e5a-b56307c53f27,25-01-2023 00:11,7.81,credit card,failed
16af9f36-6575-4b20-85f3-48a865a8498a,4986,04-10-2021 00:00,160.04,delivered,"97218 Jennifer Courts, Dawnmouth, LA 35120",708e164b-5ddc-4e63-b831-edd5f4c915ea,02-01-2023 00:09,464.75,credit card,failed
058a7d20-fa4b-4a8f-992a-21f9f8897b7a,2976,06-05-2022 00:00,363.43,pending,"89935 Ryan Stream Apt. 756, Port Margaret, MH 80836",539d5973-2c1f-4d45-b0a4-d79717cdf6fd,07-01-2021 00:05,475.05,credit card,pending
058a7d20-fa4b-4a8f-992a-21f9f8897b7a,2976,06-05-2022 00:00,363.43,pending,"89935 Ryan Stream Apt. 756, Port Margaret, MH 80836",0d0b52c5-354f-492a-8e21-2b942a876dde,14-01-2020 00:12,430.55,bank transfer,completed
38f14b15-e2f2-4408-b607-16e146914ae3,4180,03-11-2023 00:00,155.16,pending,"16373 Rodriguez Mall, Lake Maryshire, DE 59549",b05a2bbc-4cbe-454b-9c4a-46b7bcc4beb4,07-01-2020 00:08,82.7,paypal,failed
d7621e03-da0d-41de-abcb-114102de9544,3068,06-02-2023 00:00,322.56,pending,"USCGC Craig, FPO AP 37978",1da3a4b2-8c61-4f66-82c8-fa2e8af9747f,24-01-2024 00:03,18.48,credit card,completed
617ee1de-1092-4959-b281-d892f6dd5eb7,2680,01-09-2024 00:00,437.63,delivered,"106 Brian Centers, West Karen, GA 38068",8f5d1235-bded-42a6-8188-7bf45aeafa46,15-01-2024 00:09,264.38,credit card,failed
68e678b0-5908-422b-b467-75bceb3c5418,2625,05-02-2022 00:00,474.32,shipped,"3536 Eugene Forges, Jamesburgh, TN 74857",0d7358b9-030a-4f12-866a-9cd2cad3d0a3,16-01-2024 00:11,62.25,credit card,completed
6367e4e7-d0a2-460e-9bb0-c41e1f9a1f36,4241,24-06-2023 00:00,218.32,delivered,"3865 Tucker Orchard Apt. 827, East Chris, SD 37307",a12ec4fb-8e9a-4546-8052-ba33184b0bbb,26-01-2024 00:04,345.54,paypal,failed
7eb6b5c4-e30a-4693-b92a-7fa18999ca02,2317,14-03-2024 00:00,303.04,pending,"063 Ortiz Coves, South Denise, KS 34750",c62b81d1-eb64-4542-8009-009c1c9b942f,11-01-2020 00:01,35.28,credit card,failed
714b5b4f-238b-413e-b1dc-7177135c2e33,4073,26-07-2024 00:00,264.04,delivered,"203 Woods Roads, South Julieview, MN 47727",1bb56bc7-c357-4f35-a288-57f4353319ce,04-01-2023 00:01,54.8,paypal,completed
4d2cf0e6-ff83-476f-9f37-53030e00ccba,4920,26-12-2024 00:00,357.79,pending,"68114 Christopher Loaf, Jeromeport, NV 82615",fe7df13b-17e2-4735-8c75-2e19c8611673,18-01-2022 00:10,35.32,credit card,failed
a428da01-a39e-498b-bc7d-f0561854d23b,3522,09-06-2023 00:00,254.2,delivered,"1638 Mitchell Summit, Robertland, HI 18408",addccc94-4091-415f-bd9d-71524ef2c8cd,20-01-2023 00:03,258.99,paypal,failed
eac9b285-76ab-4950-b1b9-50c538d95913,5781,16-07-2021 00:00,259.35,pending,"9735 Edwin Place Apt. 214, Davidmouth, VA 01576",997d1458-b952-48e2-8bbf-7793e3c43766,27-01-2020 00:06,251.85,paypal,pending
a1f7562e-fdca-4e66-be71-f6c0a8734de3,6568,11-01-2024 00:00,467.78,delivered,"306 Ramsey Glen Apt. 778, Amyfort, ID 74779",cd899c69-1eca-4bed-afb3-434cb8af2af8,06-01-2022 00:04,11.83,bank transfer,failed
a7ffe284-8d9d-453e-90a7-4f6b16ce10f3,9022,14-10-2022 00:00,433.98,pending,"03173 Anthony Row, Barretthaven, RI 92423",f9d2827e-8d99-4675-8433-4aef37c3fab6,03-01-2024 00:05,11.1,bank transfer,pending
a9134659-b4f6-474a-830b-dd7097b2ff96,6546,28-06-2023 00:00,315.4,pending,"9792 Williams Viaduct, East Gina, FL 99818",723a428c-5a74-4281-92fd-e822b9d0754e,18-01-2021 00:03,265.43,credit card,failed
e389a2e3-7823-4121-babb-e78119f94bb2,8994,07-07-2023 00:00,437.47,shipped,"04636 Rebecca Oval Apt. 238, Castrotown, AZ 32927",013210f6-9e5d-4117-bd7d-a3c5393aa6b0,27-01-2020 00:08,321.04,credit card,pending
21b59396-8fa1-4ce5-a7e4-6afa75f41e42,4804,04-10-2023 00:00,235.96,pending,"689 Nicholas Light, Port Georgemouth, OK 86946",4e8f5a13-5969-416d-a040-e39dd766bd58,06-01-2021 00:08,154.78,bank transfer,completed
25490fb9-5224-4931-b3cd-b5e3c90ac0a4,7951,14-01-2024 00:00,348.25,pending,"7214 Rose Pine, Lake Jason, AR 14827",581a49df-84bb-492f-a984-c8dadaa9364e,21-01-2022 00:02,397.18,bank transfer,completed
573f6608-96f3-4f21-b2f1-01e20c256876,5837,09-05-2021 00:00,20.75,delivered,"850 Gina Junctions Suite 990, East Mark, MA 88643",4f70db8c-8655-49ce-bf8c-fa30776f444c,30-01-2024 00:11,443.77,bank transfer,completed
bcc13fb6-31aa-4dba-bbf6-3c56d40027f6,1803,11-06-2024 00:00,456.2,delivered,"803 Marsh Underpass Suite 124, West Tonyaside, MP 22254",4aa2ee5b-a21f-4ce3-86a7-ed3e6f408f0d,04-01-2023 00:12,189.5,credit card,failed
115788f1-77a9-4c61-a32b-9fba6e49c4f2,1645,02-10-2020 00:00,161.38,pending,"321 Austin Junction Suite 020, Bergerton, CT 50780",22581747-14be-43b2-8662-92d68a58e5fd,30-01-2022 00:01,20.93,bank transfer,pending
e9f6d6ab-9123-4fd8-850a-1637b834b8f7,7686,29-01-2022 00:00,470.14,pending,"9087 Graham Vista Apt. 830, Finleyfort, DE 74850",935bd340-8325-4cb5-8f36-4d9958bdd5ed,26-01-2021 00:09,432.59,credit card,pending
cba884db-b72c-44a6-b968-8c7b70b1e760,1536,06-11-2022 00:00,348.24,shipped,"Unit 5460 Box 1585, DPO AE 60746",e56e8198-38a4-43ca-8f0f-2e0c81c4aa09,09-01-2023 00:01,81.19,paypal,pending
cba884db-b72c-44a6-b968-8c7b70b1e760,1536,06-11-2022 00:00,348.24,shipped,"Unit 5460 Box 1585, DPO AE 60746",be23e83e-8747-4a0b-a1db-2b48e582e90c,29-01-2020 00:03,53.95,paypal,completed
d27b92fd-119f-4572-87b1-cdbff8e148ae,3129,09-07-2020 00:00,274.71,shipped,"3179 Brown Mews, East Sarah, NH 23839",543f75a3-e602-481f-8c80-dd96ac3af2ce,31-01-2022 00:07,390.22,credit card,failed
8ed57ad8-4ff0-49d2-9c3f-e33e355bdb90,1510,11-06-2024 00:00,39.8,pending,"9557 Ellis Port Apt. 424, South Nathan, LA 06703",32174356-be6f-452c-be51-b40fa3e8d1d8,14-01-2023 00:10,274.14,credit card,failed
130e98f0-56f0-419c-9336-18d1ba68d29d,2204,30-10-2020 00:00,450.64,pending,"Unit 8854 Box 7492, DPO AP 95992",379de7da-8154-4e77-bcdc-07906169fc5a,31-01-2021 00:03,312.75,bank transfer,failed
45f12a01-a70d-4b18-b0ac-4e7ea4ca4b18,5176,26-01-2020 00:00,193.41,shipped,"6521 Eric Forges Apt. 898, South Stevenland, DE 17701",558396cb-cbb1-4325-baee-3e47942d766f,30-01-2024 00:10,406.61,bank transfer,failed
76a131f7-d7ce-4c36-8218-1d8e2746c5dd,7105,09-08-2021 00:00,407.77,delivered,"93932 Johnson Drive, Stacystad, MI 21545",daf17bbe-0bf1-40bc-b588-4a57271e6d73,29-01-2021 00:12,147.97,paypal,pending
31e35ad9-825e-461f-8752-28fcf1699f95,1842,17-08-2022 00:00,484.52,delivered,"473 Roberts Walk Suite 317, Harryfort, TX 14286",1a9f2b9c-784c-43ed-8299-8c2308cef97d,05-01-2021 00:03,394.05,bank transfer,pending
86acab9c-88e0-4e9f-924c-11a530187ab7,9313,17-06-2024 00:00,114.24,delivered,"994 Kelly Shores Suite 784, Port Shawn, DE 33359",0295e528-e182-48d8-97e3-9291c2bffed0,03-01-2023 00:11,263.59,bank transfer,failed
86acab9c-88e0-4e9f-924c-11a530187ab7,9313,17-06-2024 00:00,114.24,delivered,"994 Kelly Shores Suite 784, Port Shawn, DE 33359",8e28f868-a663-4224-9840-1004c95caf83,07-01-2024 00:01,381.62,bank transfer,completed
d1dee88a-1a19-4673-bcd7-8170cdf26b32,1100,21-06-2024 00:00,98.89,shipped,"0496 Claudia Course Apt. 954, New Lauriefort, NE 27991",c133ae2e-e836-42e0-9897-af0366b8a401,23-01-2022 00:06,178.32,bank transfer,pending
13ec07a3-b0a3-4993-b9c7-fa4ae3e5c3ae,6314,29-07-2023 00:00,390.65,delivered,"231 Alejandra Village Suite 713, Port Lindsaymouth, MP 77089",270c71d9-fefb-4b16-b2b0-ccaf49a5122c,21-01-2022 00:04,307.24,bank transfer,failed
d72db126-ef23-4a1e-b4e7-279543807e70,7947,06-12-2021 00:00,247.97,pending,"376 Renee Lock, Kevinbury, ME 28076",fc7670c6-7280-4db0-b116-e997e8eb60a6,23-01-2023 00:09,379.45,paypal,pending
bf11e1ce-0fed-471f-891f-520214316d10,4460,15-04-2023 00:00,386,pending,"PSC 5971, Box 0725, APO AP 52609",aff1538a-26e5-4f59-ac2c-f13c16b66df9,19-01-2020 00:03,401.95,credit card,completed
aed28718-c976-4af3-95e6-52387515b54c,2275,17-08-2023 00:00,432.43,delivered,"9152 Christopher Village Suite 749, West Taramouth, MD 96386",73a652a1-546e-4426-981a-3d46e6e7a40b,20-01-2022 00:10,454.2,paypal,pending
d765be85-b58a-49ee-89d5-e187731dcb55,9693,11-02-2023 00:00,259.88,pending,"50166 Mclaughlin Ranch Suite 076, Palmerfort, IN 94124",12f7ad9e-c31d-4009-be9a-268c216dfaa8,18-01-2025 00:04,397.7,bank transfer,failed
e73506a2-3f79-4e27-a1c3-aff7049e5eff,9095,31-03-2023 00:00,237.34,delivered,"081 Crystal Ways, West Eric, LA 93321",b1fe3103-2de8-4d0b-b752-9bb5dd766030,07-01-2020 00:07,357.29,paypal,completed
b7d651c5-810e-408b-a9e1-019e70f0e1b8,8354,08-05-2022 00:00,343.76,delivered,"55213 Montes Trafficway, East Maryfort, MA 38086",039ddb1c-e589-4169-bea3-22d362679901,22-01-2024 00:12,246.91,bank transfer,completed
70008d1d-8b0a-4fad-8b7f-45bc710a1852,8381,19-08-2024 00:00,60.72,pending,"756 Davenport Village Apt. 287, Contrerasberg, VI 95903",64207e74-1df1-4fc4-acd0-fd5e4ad26e62,28-01-2023 00:10,232.8,credit card,failed
85e22d6d-6e7b-4ed6-abd9-f3054c0e3a17,6598,03-12-2021 00:00,474.36,pending,"46875 Philip Isle, New Lindseybury, UT 56051",606d209f-43ab-4a87-b57a-50cf02c3c2b7,02-01-2023 00:03,155.49,paypal,pending
1222db3a-64cc-4974-ba83-1b2eac232fda,3712,13-10-2020 00:00,363.38,shipped,"5089 Brian Parkways Apt. 653, Lake Rebekah, WY 09466",f7166512-c7ab-41a3-8e2b-a5eb13ae70e9,13-01-2025 00:04,424.68,bank transfer,completed
d63b1458-3a4f-4474-98c5-2a4572f568b9,5668,11-08-2020 00:00,378.67,pending,"950 James Haven, East Nicole, VA 23344",3a2fefd3-0e22-4909-a63e-cfee07345295,02-01-2022 00:01,52.63,credit card,pending
caa432c9-3ec5-4bb3-afb9-8454e9ee2534,8684,19-12-2021 00:00,452.95,shipped,"961 Drew Curve, East Amanda, UT 49555",1bfa6ede-0002-49af-b18a-1e874fc69614,20-01-2023 00:05,378.3,bank transfer,pending
95cd57d1-5b2f-45c3-a804-781941515c4d,5469,13-04-2022 00:00,230.17,delivered,"USCGC Clark, FPO AA 73697",490702eb-f636-4e52-a25f-dd98b1c76568,20-01-2022 00:03,286.02,bank transfer,pending
73897f14-e193-406f-a07d-41145eb7e32e,4941,12-04-2025 00:00,289.63,shipped,"USNS Davis, FPO AP 72439",cce5b7bd-2967-4090-913e-20150529edbb,14-01-2025 00:01,119.08,credit card,completed
fbf362f3-53a0-49d7-8dd4-98514db6f518,3868,12-02-2023 00:00,416.89,delivered,"04090 Jason Turnpike, South Carrieview, NM 62528",58b4ba1a-3445-404f-907f-4239c420bb1e,15-01-2024 00:12,466.6,credit card,completed
8c744cc1-4adf-4f53-8a26-106bd299d122,5498,01-03-2022 00:00,323.34,shipped,"5423 Smith Lane, South Stephanie, WY 16688",e784c182-aeb6-45a7-a796-e3db27a38260,16-01-2024 00:08,439.85,paypal,failed
5ff7e708-e43b-47ed-9c70-1f7ad1ab7d91,8179,29-05-2020 00:00,27.05,shipped,"90148 Stokes Branch, Rhodesberg, NJ 65749",e6ba2c4f-5362-4330-aeb2-4342220ff743,11-01-2024 00:05,377.24,paypal,failed
de32b20b-4e92-4d6a-a6d6-d1586fe0681e,3852,07-12-2024 00:00,398.91,delivered,"338 Aaron Key, Markside, KS 95145",ac461ac1-1f77-4867-8d29-e3d1e48d771f,29-01-2020 00:08,173.18,credit card,failed
78b0f6f7-7f52-44dd-866e-26a321c4b9b2,4673,16-09-2020 00:00,69.47,shipped,"PSC 4500, Box 5342, APO AA 02550",a931e48e-a586-45b3-8142-896f43c12b76,29-01-2020 00:01,359.48,paypal,completed
42af9d61-7157-41de-af95-229e0ce27e34,3275,10-11-2022 00:00,126,pending,"Unit 9164 Box 9837, DPO AE 43002",f86cfc3a-f76b-4ecb-ad51-6c672b01bd94,17-01-2020 00:11,236.01,bank transfer,failed
a9619793-b48f-425e-b598-ca7ed62a21e9,5496,16-03-2025 00:00,71.33,pending,"9036 Lynn Points, Port Heatherfort, MD 86051",4d8652de-4f49-4705-acfd-25e45dbc45c6,28-01-2021 00:12,477.2,bank transfer,completed
8df1f46c-fdbb-4ea9-9824-29a442179a1e,3762,25-07-2020 00:00,299.99,delivered,"3830 Joseph Port, New Valeriefort, AZ 06798",423542d8-de0e-4631-9a96-5cb20b8ed73d,14-01-2020 00:06,193.49,paypal,completed
73960961-b406-4c85-a8c1-da1f7492d33a,7653,20-05-2023 00:00,155.74,shipped,"6147 Warren Skyway, Jackton, CO 56669",6aad98f0-d095-49f7-9e52-7b5d3ea445ec,29-01-2021 00:08,32.07,paypal,failed
e3ccdaa8-9df8-4a3d-a685-1d2e3fb6fc80,6123,30-06-2020 00:00,103.02,shipped,"920 Ashley Burg, South Cynthia, WI 47440",f79750c0-75e8-4c1c-b9ad-0dfc05d1aff5,08-01-2023 00:05,23.98,credit card,failed
30db0f06-5c69-4ad8-a9b9-ceae59f7df71,4524,11-10-2022 00:00,295.84,shipped,"90808 Javier Lakes, East Anthonyberg, IN 11438",7828fb46-8bcb-4481-b946-c4e8dc034d66,17-01-2025 00:04,367.21,bank transfer,completed
30db0f06-5c69-4ad8-a9b9-ceae59f7df71,4524,11-10-2022 00:00,295.84,shipped,"90808 Javier Lakes, East Anthonyberg, IN 11438",69e7b3ea-826f-49e5-9b38-5cab63621187,01-01-2024 00:10,300.72,paypal,completed
0462fd5b-e5b7-4520-8c40-026a15eebb8c,7453,18-03-2024 00:00,192.87,pending,"97125 Karen Vista, Walshville, NC 69653",adba3bad-217a-4271-ab99-d89ac5be149f,05-01-2021 00:09,216.56,paypal,failed
e4df3608-1a8f-4087-8217-a6b3460c8653,8871,07-08-2022 00:00,93.55,delivered,"004 Michael Haven Apt. 142, South Brenda, CO 38617",c0bcc26d-925f-4390-9833-fadebb1b3a4e,29-01-2021 00:11,281.02,bank transfer,completed
427dc27a-c3e0-4b14-8604-0a3713bbc6fe,6139,13-06-2022 00:00,215.2,pending,"1591 Cunningham Spurs, Michelleville, WA 77127",ad5d393c-41f6-452a-9d55-8e902757b7e0,27-01-2022 00:10,315.84,paypal,failed
50813f03-c043-4f13-96c1-7d25869e344c,5480,15-03-2023 00:00,151.02,delivered,"4651 Tammy Club, Port April, RI 66043",5beef46d-39a1-4f29-a53b-c8e43f51c74e,13-01-2021 00:07,222.91,credit card,failed
a47ccf4c-3b59-49c7-9eca-e80e63210230,5450,24-03-2023 00:00,77.26,delivered,"114 Troy Street, Priscillabury, NV 93972",b732a01d-aaff-4aa2-be0e-22f43592fc11,07-01-2021 00:06,222.14,bank transfer,pending
bfe2b073-d04b-45e7-a405-08c7df2427f7,1860,09-06-2021 00:00,59.1,pending,"04967 Michelle Lights Suite 033, Lopezchester, ND 07350",8481240c-1ae6-45ec-a7cf-c114deeaff26,01-01-2023 00:01,421.63,bank transfer,completed
9bf90e6c-624d-4797-b7c6-50ce191988f1,8739,07-07-2023 00:00,59.27,shipped,"95493 Matthew Village Suite 601, Farleyport, PR 70593",923fda23-4674-4074-bac2-8218b1fccb4a,04-01-2020 00:04,150.19,paypal,completed
d8608de2-f7b0-48d3-8510-9c9293e155a2,4871,23-02-2021 00:00,40.44,shipped,"08186 Williams Haven, Andrewbury, AZ 36212",bef67790-f5be-4396-9306-c138b128eb10,16-01-2021 00:05,431.8,paypal,completed
5f339d3f-f5a2-443e-8ad8-df7e599a510b,4578,14-04-2025 00:00,383.31,delivered,"18751 Colleen Ranch, North Michael, OH 30127",d1226929-b2bd-430e-b547-ecde23af089c,13-01-2020 00:08,38.35,credit card,failed
7eaa833b-1f5c-4a2d-853f-e76c6f566ba9,8239,15-01-2021 00:00,66.96,shipped,"94515 Shaw Bridge, Arthurview, SD 63249",799a1174-23fa-4265-8592-9aa494d6e7d9,05-01-2022 00:04,129.78,bank transfer,completed
87aa19cb-5c9e-436d-b7c5-16e6104e4b28,7154,28-04-2022 00:00,49.32,delivered,"850 Moore Courts, Piercefurt, UT 28352",f57116be-1a4c-4291-ae27-bb5b7b9db253,19-01-2023 00:05,364.58,bank transfer,completed
7bdde1ee-7a1a-4c85-bc5c-569579e297c0,4648,08-03-2020 00:00,419.06,shipped,"USCGC White, FPO AA 89936",5d6895f5-ca6c-43fd-9d34-d61b3ba551dc,10-01-2025 00:03,34.41,paypal,pending
f72ddd6f-fbd0-44de-829f-0272ec9d7784,4559,21-07-2021 00:00,379.65,shipped,"29929 Cunningham Mall Apt. 487, South Samantha, DC 50102",f8fef64a-1e84-4f07-8827-a36f4ee4bb70,22-01-2024 00:10,159.88,credit card,pending
eb41741c-b3cb-4f3f-b673-bc43d5cc7e0b,3869,19-04-2025 00:00,316.74,pending,"4819 Samuel Views, West Lisaton, MN 52855",8740b63e-f753-47eb-a68a-8e5bdb8bb092,10-01-2022 00:11,478.14,bank transfer,pending
ef5922d6-dd0a-4c53-9f33-460711f394e2,7244,10-09-2023 00:00,395.04,pending,"45475 Lyons Port Suite 902, New Keith, IN 49109",31c1a1da-ff75-4acc-b814-5a6e93890d52,26-01-2024 00:01,347.46,bank transfer,failed
eda0a5b2-b33a-4ffc-a899-8144159a50e1,5927,27-10-2024 00:00,430.2,shipped,"350 Sims Isle, West Angelaside, PR 97659",ec70632d-a3d7-460a-9e22-867c48506dde,30-01-2020 00:09,189.04,bank transfer,completed
081cb1e1-ff8d-4b3d-aefd-6a729840fca9,5177,20-02-2024 00:00,109.63,delivered,"46947 Mark Orchard Suite 448, West Joshua, OH 66438",8672fda2-2b4f-42af-9028-cc4607fdec64,05-01-2022 00:08,190.86,credit card,pending
cd1acbe2-0203-4972-ac7e-6dfd9350a4ac,8692,18-07-2024 00:00,383.2,pending,"7633 Lawrence Crossing, East Williamshire, VA 68199",079f0c6e-14be-40b2-84fd-2f6531f235df,28-01-2020 00:08,370.79,bank transfer,pending
51938c34-f2bf-4be4-9de2-eb1f2fd3891f,5026,28-06-2020 00:00,254.66,delivered,"Unit 1776 Box 8729, DPO AP 00595",1b0c05eb-76b0-4d56-88ae-49dfd7dcff5b,22-01-2021 00:03,403.88,credit card,pending
9ec0703e-762e-4b51-bf61-3b5f1b37378e,8916,02-05-2022 00:00,333.05,shipped,"15406 Rodriguez Mountain Suite 927, Jeffreyville, CO 96414",ee98fa0f-4b83-4543-8e46-2b5d610c8164,31-01-2024 00:01,317.3,paypal,pending
2a88b5ee-e93c-4010-ba3d-7baecf0b9d9e,5501,28-07-2020 00:00,272.51,pending,"113 Carpenter Station, Ochoaton, MI 85316",5d03d815-d76b-4b24-9a96-d0051d237c64,26-01-2025 00:01,75.54,credit card,completed
2744b578-76be-4420-a9ba-51aa49aaaa9e,3439,22-07-2024 00:00,128.07,delivered,"5225 Daniel Prairie Suite 884, South Christine, CA 26534",97b8d01e-76c0-4bfb-9341-2fd54b33574d,13-01-2023 00:08,288.26,credit card,completed
83a6cbae-0a3c-4a24-a542-af7e1a0719a3,9625,30-06-2020 00:00,133.68,pending,"2585 Anderson Lights Apt. 499, West Yvonnemouth, GU 05845",c1dcc352-0d38-49a5-94b3-487e55a3f225,15-01-2024 00:02,321.66,paypal,pending
6ce2818c-e235-42e4-8e53-e0beccb6a5c3,5379,23-04-2021 00:00,399.52,shipped,"73333 Wong Forge Apt. 043, Port Cherylmouth, MT 73419",3015c3f0-9e60-46cf-95b5-f86a7e97ba02,27-01-2020 00:09,29.62,bank transfer,failed
f0276142-a286-40cc-b43d-ade1e86209d4,8790,20-08-2023 00:00,142.84,shipped,"73929 Pace Shoals, Bowersville, TN 73175",dc3ed537-7988-4f3d-9985-84b00bdb258a,02-01-2023 00:11,415.76,bank transfer,failed
4398efed-e3f2-48e0-a3e1-53233768fd88,1539,30-12-2022 00:00,97.88,pending,"345 Seth Flat Suite 666, Millertown, NM 14174",d4874e76-5e42-4103-abeb-5d3ae17188ee,02-01-2023 00:09,344.22,credit card,pending
836ab70d-3115-4257-8f64-91b08955577b,1256,17-09-2021 00:00,481.12,delivered,"7408 Jacob Corners Suite 998, Lake Lee, AR 70531",5e30719f-68d0-4d06-8b23-da4b8d553ad0,03-01-2024 00:10,42.68,bank transfer,failed
6641eb92-de9c-47b5-85d3-f741b21ca976,7150,23-05-2020 00:00,221.61,delivered,"649 Cole Summit Apt. 794, Tinamouth, NJ 20573",b9e92bf3-de48-48d2-87ad-b35c7b60989e,17-01-2021 00:10,46.04,paypal,failed
2f7a5b01-c9d1-466a-8f53-c4f6c9254cdb,2674,06-12-2021 00:00,74.93,shipped,"PSC 9775, Box 2441, APO AP 21447",9a97611c-b043-4bc1-9fa5-27f59b94f79d,16-01-2021 00:08,367.02,paypal,completed
c3a96a97-764a-428a-8287-3c88f12fcfd2,6339,27-04-2020 00:00,194.27,pending,"66044 Douglas Burg Apt. 615, Parsonsberg, NV 82537",26d7441b-b4c2-4091-9d87-043ea544175a,13-01-2020 00:12,15.45,bank transfer,pending
782834b0-491f-450b-b182-65128f4f1626,4965,16-05-2022 00:00,133.81,shipped,"Unit 8632 Box 1061, DPO AP 27447",85ec544e-97b0-45b6-a754-15060de88546,06-01-2021 00:04,401.51,credit card,failed
53145205-4b77-46e9-bdaa-0f3ae4b206bb,5239,22-05-2024 00:00,118.78,delivered,"88081 Jonathan Plaza Apt. 357, West Jessicastad, OH 52269",351e2f92-4e3f-448a-8751-b0774b0f01fd,10-01-2023 00:06,187.7,bank transfer,completed
639ec387-b450-4069-b3c0-5a5e075a9bed,3321,22-08-2023 00:00,180.68,pending,"718 Steven Square, Solisside, SD 95440",1a5c5c80-ccd7-4872-8e49-b7d9736c3eae,20-01-2024 00:04,286.11,bank transfer,failed
1056b12a-8cd5-4bdb-835f-8cab57b10f48,8178,14-05-2022 00:00,363.78,pending,"22299 Samuel Lakes, Smithhaven, MH 91440",5a14fbba-e001-48a6-911e-acc36c52c8aa,01-01-2022 00:09,163.49,bank transfer,failed
62ff4cc5-fc6f-4060-871b-2d0c22e16c10,3999,19-04-2024 00:00,192.92,shipped,"14281 Tran Land, East Amanda, HI 32698",b56adedf-df4a-4548-b71f-8a42ebad658e,11-01-2021 00:11,348.73,bank transfer,failed
3274e05c-23a0-48ed-ab08-eea0b333e687,1157,08-12-2022 00:00,247.46,shipped,"55348 Alex Courts Apt. 840, New Jefferyhaven, MN 03665",5ec3a7e8-14b0-4d0c-8ad3-bfa32f52c818,30-01-2021 00:08,327,paypal,pending
c0fe8d7d-50a6-471a-9ea7-1c000270487f,1505,23-04-2022 00:00,399.98,shipped,"6094 Rodriguez Drive Apt. 337, North Heidi, NY 48079",0a591f14-a383-4613-bfae-cd2a2433be0c,07-01-2023 00:03,188.11,credit card,pending
a52b591c-bd23-498f-9656-9943e190e622,4385,29-05-2021 00:00,408.63,shipped,"94640 Billy View, Allentown, NE 06761",60a444f4-4778-4e19-9aef-818aefac5c69,21-01-2020 00:09,315.46,bank transfer,failed
cd6156b8-1e25-4dd0-a6c2-f5314c8e58f0,9827,11-11-2023 00:00,92.5,delivered,"61537 Cory Summit, Garyport, TN 34198",8f64b6f2-a093-4ae5-bfbd-87baf3805583,11-01-2024 00:07,393.25,credit card,completed
39a4ae45-77dc-4384-8f8c-ba75d1049803,5794,18-03-2022 00:00,151.77,pending,"PSC 3251, Box 4488, APO AP 09491",38b29d05-7ca9-4da0-b35d-7453ca10cef5,03-01-2020 00:04,436.37,paypal,pending
e928c808-6d8c-4caf-87bd-1f0228bd0280,2526,23-07-2021 00:00,368.16,pending,"443 Jasmine Glens Suite 016, Lake Johnny, DC 76079",1802f4b6-8f24-4b16-b548-014afe00e001,10-01-2020 00:06,201.91,paypal,failed
a08a32af-c80a-4ff3-9cc5-9abfae73415c,3139,08-07-2022 00:00,287.41,pending,"754 Shannon Spurs, Maryfurt, KY 21532",2844e709-5d32-46c8-850a-04aee792520c,28-01-2023 00:04,117.19,paypal,pending
9af457d4-1612-4828-b453-0d89848887cb,1752,01-10-2022 00:00,58.79,pending,"19134 Pacheco Throughway Apt. 780, North Mark, UT 73098",35132938-5115-4a87-a1c5-c2828239847c,16-01-2020 00:01,186.76,bank transfer,completed
fbddc515-0632-4d5c-93ce-0f4ba689b852,2350,17-12-2022 00:00,192.2,delivered,"904 George Estate, Lake Brandon, HI 26172",80205e9d-5778-4db1-af77-248a1e22db1d,15-01-2022 00:03,302.78,paypal,pending
e5aa2af0-bced-4e32-9022-8a3ef65ee846,3480,17-05-2021 00:00,460.75,delivered,"773 Nicholas Track, New Deborah, MO 35602",b6a7399b-0a77-413b-be38-290ce6ff2f48,15-01-2022 00:01,341.05,bank transfer,completed
bb968807-dea5-458e-91b7-539f657d85eb,7291,27-01-2022 00:00,182.25,pending,"0263 Morgan Springs Apt. 430, South Nicholaschester, WY 37173",12cee6ff-464d-4d56-9a14-d6bb52894f95,12-01-2024 00:10,116.45,paypal,failed
7f6ed04c-d99e-45e3-8760-5d579a8018e7,5537,04-06-2024 00:00,325.86,shipped,"40433 Jason Track Suite 384, Nicoleville, MO 95980",fc90e3c6-15dd-4e11-ae5f-9a0205a336d7,09-01-2024 00:11,74.27,bank transfer,failed
025afcda-8f3a-4eab-b49f-66b93f0117f2,7337,18-07-2021 00:00,431.8,delivered,"USS Allen, FPO AP 01150",af929258-bdee-4598-8c1a-d315ecf58a5e,26-01-2023 00:10,185.47,bank transfer,failed
c4865439-82cd-4cd0-afa0-19995334c375,7520,19-06-2024 00:00,258.24,delivered,"2669 Ricky Squares, New Thomasfurt, SC 15930",e260bd12-8ec8-4139-95ef-c5fe32001dbe,08-01-2020 00:11,319.98,paypal,completed
13193f74-6121-4473-b741-439bcdf961c5,4329,19-02-2024 00:00,487.41,shipped,"94840 Marissa Expressway, Goodwintown, AL 88019",e8180fc5-b751-4ea4-bbaa-1d23038e2eb3,23-01-2023 00:04,265.28,credit card,failed
13193f74-6121-4473-b741-439bcdf961c5,4329,19-02-2024 00:00,487.41,shipped,"94840 Marissa Expressway, Goodwintown, AL 88019",cd8dc0c1-2f8a-4c97-b855-9b3b7a723f2f,24-01-2020 00:02,438.25,credit card,pending
8ef60148-e65a-4803-af1c-11ec8957aded,1480,18-02-2023 00:00,174.16,pending,"1770 Valencia Parks Apt. 682, West Kathyfurt, ND 19326",82b01539-d4c0-4c61-a5a4-62ecda6d59eb,23-01-2022 00:07,143.28,credit card,failed
8ef60148-e65a-4803-af1c-11ec8957aded,1480,18-02-2023 00:00,174.16,pending,"1770 Valencia Parks Apt. 682, West Kathyfurt, ND 19326",bbe00bc3-03a9-49c7-8c2e-ee6b2bbb018d,09-01-2022 00:04,289.21,credit card,pending
92bf9b79-4aff-45de-8132-44d970732e2f,5456,12-06-2020 00:00,266.69,pending,"55216 Smith Isle, Gilesview, MO 75137",c27e8ab1-e634-4b6a-bee2-7b2e309442ab,07-01-2023 00:09,415.87,bank transfer,completed
5e10403e-6839-4ba1-8886-fb4358143dfe,2889,09-11-2024 00:00,121.92,delivered,"52386 Myers Flat Apt. 097, Omarland, RI 08821",56c31ac6-e716-4841-a613-044155be6a79,06-01-2021 00:11,116.62,bank transfer,completed
cfe1f906-a495-4ab6-a131-b84a58b48670,1042,30-10-2023 00:00,31.58,shipped,"9876 Melody Ports Suite 872, West Zachary, ID 65238",ecc18607-50db-411f-94cb-c1961891e884,25-01-2022 00:05,217.16,bank transfer,pending
4d6e3ebc-ac14-49ac-a2e6-f3e9f78b3349,1862,18-11-2023 00:00,97.88,delivered,"7813 West Island, North Susanview, PR 20120",cb04d73e-0a78-4763-800d-69cd61589342,13-01-2022 00:05,170.9,paypal,failed
1fb4366f-8b60-45f1-9d55-258e504d4a56,1157,07-10-2022 00:00,475.99,shipped,"38750 Katie Lodge Apt. 722, Timothymouth, KS 98389",4f3e8c85-783b-4c00-a68d-cc5a21a29e76,07-01-2020 00:08,236.31,paypal,failed
7c54a7dc-62d4-4b33-bd0f-4b1dc4f05bdd,8511,23-01-2025 00:00,487.53,shipped,"USNS Anderson, FPO AE 89003",6bf16580-fe60-422f-8be4-f0adc28a9347,23-01-2024 00:05,192.74,paypal,completed
f4eea4a8-768e-4feb-aada-6dd9a3038e14,4879,04-04-2023 00:00,152.92,pending,"671 Gloria Parks, New Tammyberg, MO 06847",6f51a5de-c551-4efb-9be1-2c7458037499,12-01-2022 00:11,354.42,paypal,failed
1195c0f6-2190-49b2-88a0-bf35f8134658,6828,17-10-2023 00:00,204.16,shipped,"5847 Gonzalez Locks, North Jane, AK 02785",1a822a81-0f8a-43ec-9eb8-8a4ace516872,21-01-2023 00:10,261.79,credit card,pending
bed47ec1-6877-41e3-9ca2-740064fc9042,4239,29-06-2024 00:00,452.22,pending,"20418 Joe Spur Suite 211, Estesside, NY 82546",2124d00e-d8b6-4467-bf00-acbdc203d041,05-01-2022 00:04,94.53,credit card,pending
2da20d4e-47a9-4e7e-ba09-d05f2394aa15,4066,21-10-2020 00:00,144.74,pending,"516 Ernest Knolls, Port Crystal, KY 71623",2606e1bf-72ab-4d70-b280-027ee4299c33,05-01-2020 00:07,440.28,bank transfer,failed
125ac153-63ae-4e0b-9584-e0efd7d7bba2,3885,05-02-2024 00:00,125.91,pending,"917 Santana Locks Apt. 342, Jacksonborough, VI 73257",c6c054ff-928f-43d7-81db-9a7e3feb5531,11-01-2020 00:07,248.43,paypal,failed
1179b351-f996-4879-aa6b-41b457a27627,9064,12-02-2021 00:00,275.64,shipped,"179 Shannon Tunnel Apt. 053, East Amandahaven, NY 87148",8d19c2e3-bcbf-4c1c-9f5c-68d527ac1d56,15-01-2020 00:06,404.63,paypal,pending
197bb654-dbbf-457c-9ad6-a4f199e5f3be,9078,01-03-2021 00:00,442.07,pending,"8838 Ponce Island Apt. 646, New Brandon, MA 07457",97b82b05-3298-4a11-9ea2-f5144212043a,17-01-2022 00:07,175.89,bank transfer,pending
bd78f470-cba6-402d-aade-ef4c9e6eb71d,1547,01-04-2025 00:00,154.51,pending,"7602 Cynthia Lodge Suite 354, Lake Gregorytown, MH 11339",b177eadf-ef7d-4733-8c86-b48770a07356,30-01-2020 00:06,367.32,paypal,failed
8409ae6c-0d70-4306-814b-16f761e31e7a,2525,23-06-2021 00:00,175.6,delivered,"60894 Charles Hills, East Veronicamouth, FM 81159",c7460769-2ed7-4e34-a3c2-1ae69907e233,01-01-2024 00:01,19.59,bank transfer,pending
c426ec2e-3dbb-4b0c-897d-c99c93069066,8909,13-04-2023 00:00,355.21,pending,"3595 Brandon Loaf Apt. 006, Hudsonshire, AL 84927",fdfa1d24-8888-4597-9a7c-9fb30adaa692,06-01-2025 00:04,75.7,bank transfer,pending
2f65609b-0648-40bd-bd4d-9889f3f1daf1,8005,06-12-2022 00:00,52.94,delivered,"219 Carlos Pine Apt. 897, Lake Michaelville, NE 14449",05cf0fd9-53a5-49ad-aab0-6707520302c2,18-01-2024 00:07,233.38,credit card,pending
b1a21a20-1e1c-4735-bf99-4403f6870e15,4029,21-03-2024 00:00,191.8,pending,"7569 Cheryl Fork Apt. 102, South Felicialand, NJ 39630",69a1b3c5-1667-432e-88dc-8673ea351fa2,16-01-2023 00:06,446.81,paypal,pending
fecfec89-bd42-4240-a2ca-7c0e55f04d06,7052,05-01-2022 00:00,101.43,shipped,"831 Joseph Ville, Carlfurt, MO 21761",a7f54b78-f00d-44ad-ab96-835b2635bc44,11-01-2025 00:01,11.19,credit card,pending
fecfec89-bd42-4240-a2ca-7c0e55f04d06,7052,05-01-2022 00:00,101.43,shipped,"831 Joseph Ville, Carlfurt, MO 21761",994c60e5-9a34-4563-9409-88a500ec4cb7,27-01-2021 00:11,457.37,paypal,failed
fecfec89-bd42-4240-a2ca-7c0e55f04d06,7052,05-01-2022 00:00,101.43,shipped,"831 Joseph Ville, Carlfurt, MO 21761",aaf3dc32-5335-4afd-bb28-96681f3891d3,21-01-2024 00:11,313.01,bank transfer,completed
27d9078e-2725-478f-8fe9-7b1eb55746aa,9871,07-03-2024 00:00,212.85,delivered,"854 Craig Passage Apt. 879, Lake Cindychester, FL 84317",9976a6f0-1d1f-4fc1-b063-948587854b87,02-01-2024 00:10,163.2,paypal,completed
1d4affb0-faaf-4745-8489-d474bfc01468,4471,03-04-2025 00:00,406.15,shipped,"40489 John Estate Suite 145, Jasonton, NV 74762",dde7f82d-c3dd-4f1e-b353-135ea9dbb833,28-01-2021 00:08,72.05,paypal,pending
cf37e094-3284-4b85-a20a-040fdadbdd3e,7275,14-04-2025 00:00,330.85,delivered,"063 Lin Gardens Apt. 180, Randyfort, KY 14203",a4824fa2-ee53-4eef-b619-56ec06fe6c9c,02-01-2023 00:04,23.28,paypal,failed
1785c9d4-d24a-4649-b203-c0f230c75d02,7581,10-05-2020 00:00,29,pending,"19556 Smith Skyway Apt. 969, New Manuel, OH 65598",54671e3d-8d1f-4a9f-93a0-8b36416d4cd3,14-01-2020 00:10,90.03,paypal,completed
6016f7c7-beda-4e9a-8314-51c71c8bcdab,5400,18-04-2021 00:00,449.55,shipped,"8976 Ashley Pike Suite 312, Henryfort, IN 10974",9fb4690a-d8f8-4170-9be2-e89e6e0229fc,28-01-2021 00:12,356.04,paypal,failed
9d9d4f2d-a352-4153-863b-e8ac419f0fb9,6535,31-03-2024 00:00,410.52,pending,"Unit 2276 Box 0759, DPO AP 70593",77ad95c2-071d-44c2-ad62-d299ab6f249e,09-01-2023 00:05,406.02,paypal,completed
a49ceb0a-0129-46de-9eae-c4daa542842c,5414,03-09-2021 00:00,367.11,delivered,"96496 Sydney Mill, North Nicoleshire, SD 47437",6d454ac8-4f16-46ba-ac49-60910bd9b70f,27-01-2023 00:10,219.91,bank transfer,completed
8f43cbd7-8ea2-4a1c-b11d-bb39c8e3f178,2462,24-09-2020 00:00,102.09,shipped,"3059 Ball Fall, Michaelburgh, NC 21616",62c4a710-64d1-4284-88fb-37a5099237d6,13-01-2022 00:08,444.86,credit card,pending
54080bf5-fed4-4694-92d0-e0580134566a,7671,18-06-2022 00:00,373.06,delivered,"3159 Hendricks River Suite 965, Robertchester, IA 39630",3859e3d3-5368-4879-9ae4-0c1ec87d3781,07-01-2020 00:08,19.46,paypal,pending
50a8dd44-f803-4889-8e4e-bd9e965d5f78,3604,10-01-2025 00:00,42.15,delivered,"3946 Smith Trace Apt. 230, Vincentberg, PA 95259",da91fb25-23b8-4a12-82de-868654d175bf,09-01-2021 00:10,111.59,paypal,completed
39329867-60bb-4b8a-9e27-01a5c1f14f2b,9303,16-07-2022 00:00,207.66,delivered,"USNV Garcia, FPO AE 14081",1eef1ec3-0911-4791-85e4-5e85cc516568,08-01-2021 00:02,400.06,bank transfer,completed
1ccd2aca-592a-40c1-838f-e4b9fa05c942,1474,23-02-2025 00:00,95.13,shipped,"Unit 9720 Box 2170, DPO AA 43338",5f114541-7a22-48f7-b7df-3232cff5aed2,19-01-2024 00:05,352.5,paypal,failed
c726f1ee-ef28-48d7-a665-3df4d1f25721,8308,23-06-2020 00:00,97.02,pending,"4174 Victoria Hollow Apt. 502, New Laura, MP 48553",04b5d4a5-bc56-4f19-896b-8150cc264762,22-01-2022 00:10,285.92,bank transfer,pending
5148272f-1ad9-4fc3-b509-b6e18a67c62d,6327,18-12-2021 00:00,432.13,pending,"94115 Robinson Drive, Leslieshire, MO 30987",8463c1d0-bade-46e5-b069-bd648e4dd0ca,08-01-2020 00:07,374.7,paypal,completed
9213bcb1-088f-44d4-b171-ab3d8b2a76bc,7620,29-02-2024 00:00,333.66,delivered,"158 Molly Plains Suite 876, Patriciaville, WV 76896",822d5651-f828-4bc1-9878-c2166e440e47,06-01-2023 00:02,171.04,bank transfer,pending
71afb3c1-c2a5-4efc-b48d-9171c5e96f38,8598,13-02-2020 00:00,427.09,pending,"96694 Kathy Ports Suite 708, New Kimberlymouth, ME 90416",e9bae4ba-b6e1-4ef1-a871-0051807d4445,09-01-2022 00:07,451.33,credit card,pending
6209f985-c8c9-4032-a257-7e105b7b6ba4,1879,14-08-2023 00:00,434.53,delivered,"994 Hill Pass Apt. 984, South Stevenport, MP 60575",b1fd519f-0903-445a-8358-6dd946eef773,24-01-2022 00:01,145.43,credit card,completed
cccaa309-ebc8-42f4-bb2d-adbad1f0e4e1,7704,19-01-2024 00:00,493.72,pending,"PSC 0187, Box 2600, APO AE 83210",ea1e067a-fecd-42fa-91cd-1c6f480fe8b5,28-01-2024 00:05,134.64,credit card,failed
ffe203ed-eba9-4974-aa24-91d344da93d5,8035,01-06-2022 00:00,207.66,pending,"3524 Russo Street, Danielmouth, DE 47215",235b533a-55f9-477b-b9a6-5ea30975db48,22-01-2020 00:05,163.07,paypal,pending
303e6532-25c9-4c1e-9297-557fd37415f6,4122,22-09-2022 00:00,18.78,shipped,"7344 Crawford Street Suite 762, Chapmanland, ME 29924",2b3f3fc4-facd-49e1-b190-02adca7d5e8b,19-01-2023 00:03,293.31,paypal,completed
e9100b60-0632-461b-aa3d-389bed8cdca4,5764,04-12-2024 00:00,233.4,delivered,"67286 Christopher Stream Apt. 038, Karenside, DE 11237",0a6c52c9-817e-4595-be62-137c9bdf5946,20-01-2022 00:05,454.07,paypal,completed
3065b7cf-94f9-415b-b418-736eba2d14f6,6885,01-08-2023 00:00,377.56,shipped,"93910 Susan Place, Port Ashley, NJ 40789",8de54a35-21d0-4ec3-8d85-e8ecf091f7b2,28-01-2020 00:03,485.69,bank transfer,failed
d381c536-ad32-4238-bcc6-b3adc6ec495a,1612,31-07-2024 00:00,193.84,delivered,"792 Reed Wells, North Noahbury, MO 89478",f730e3b2-62c1-44f5-9572-11e5337ed5a2,29-01-2022 00:07,367.03,bank transfer,completed
97aa6abf-73a8-440a-9bc0-82524d474e8a,5140,31-05-2021 00:00,242.45,shipped,"811 Combs View Suite 034, New William, NC 09021",20f612e6-f17d-4d92-a766-bc2d5da660ee,16-01-2025 00:04,319.59,bank transfer,completed
b93c7bf5-f79a-4c4b-a76d-181f95258e68,3247,22-12-2021 00:00,215.22,shipped,"97941 Douglas Harbor, Johnsonside, NJ 20295",d86a94e3-3d9c-48e8-b98a-06452bb011ef,19-01-2024 00:04,98.16,bank transfer,completed
294499ee-445d-48d2-b94c-a85a32d114ba,9381,18-12-2023 00:00,362.2,shipped,"Unit 9632 Box 2517, DPO AA 19395",2a4a37d9-b6a3-44a1-bf28-02be7abe7f15,04-01-2020 00:10,445.43,credit card,pending
f50cc1a6-0e08-4184-8cbd-a4e6b1219ae2,3627,21-08-2022 00:00,29.31,pending,"5461 Rodriguez Expressway, South Marymouth, KS 40660",2aed894c-b402-4b16-b739-65973068abdb,03-01-2021 00:10,56.53,credit card,failed
ae7c0fad-80af-4350-8256-5a913b7f84be,9383,15-04-2025 00:00,46.77,delivered,"7868 Martinez Mountain Suite 008, Larryview, AK 67501",f6fd7963-7c4a-47a5-bd40-53e1423e5f0e,04-01-2020 00:09,78.61,credit card,completed
69c3ef65-65be-4b66-a82a-2a9a9a388210,6901,02-02-2024 00:00,402.78,pending,"41600 Patrick Terrace, Port Jimmy, TX 65312",9c769510-c015-4921-b444-0b0e60198d23,16-01-2023 00:12,395.76,paypal,failed
2ca526ba-d3c2-42cc-96ba-fd81969bbf03,6542,11-02-2021 00:00,264.36,delivered,"PSC 7131, Box 7197, APO AP 73216",6aa3d10e-893d-41b0-936f-7de24b9b75b7,15-01-2020 00:05,489.51,paypal,pending
ba851ba1-845a-4c59-bb35-3c90e4aab140,5072,30-09-2021 00:00,246.15,delivered,"113 Peterson Junction, Lake David, NJ 22320",4cce3a09-4b47-4c7c-a103-af6cc6b9ca3a,11-01-2022 00:12,486.12,paypal,pending
6aa717d4-9abe-4222-99e2-161a27e20afa,4633,02-09-2021 00:00,11.08,pending,"7078 Porter Junction Suite 426, New Janettown, IA 69571",1fa669cc-0ec3-4e86-89d9-8dda15335685,08-01-2024 00:08,415.17,paypal,failed
6caa024f-ab6a-4b81-be7b-db3e5fb44d47,9689,04-02-2025 00:00,370.74,delivered,"25550 Christine Stream, West Justin, WY 94599",90550ff8-fd16-40b8-a8ba-369057014ffb,23-01-2020 00:09,142.09,credit card,completed
fdb57263-89a9-457e-98c0-bc7dca96d0ff,3173,10-12-2022 00:00,490.85,delivered,"01223 Miller Port Apt. 900, Fostermouth, AZ 18114",45b6c69c-3a5f-4594-b70a-ba3bff6c8c41,04-01-2020 00:12,173.63,bank transfer,completed
2bb43d48-168b-46bd-8c30-214f4726de1f,1212,10-09-2023 00:00,374.4,shipped,"0550 Duncan Dam Apt. 704, Hubbardland, ND 53122",db844edc-1ad3-41e7-8d34-ed75fc25f7cd,07-01-2024 00:02,72.77,paypal,failed
7d717433-40cb-4254-a37d-b10ce5e8d19c,1092,03-10-2022 00:00,171.98,delivered,"PSC 1726, Box 2829, APO AA 72625",cdefa97b-66e5-469e-b280-f7310f18bc00,24-01-2023 00:01,45.09,credit card,completed
e7223d47-e1b1-4aeb-b1f5-556b3dd35856,7322,17-12-2024 00:00,135.73,delivered,"Unit 6919 Box 4896, DPO AE 75000",ec4bce32-cce1-4214-be37-2ddbeab37312,29-01-2024 00:01,211.64,bank transfer,completed
17e56966-f6da-481b-ab3f-bd9e1ff3be80,1504,19-10-2024 00:00,242.25,delivered,"51585 Chad Flat, North Scottland, NE 65650",92503aba-ce14-47ab-b8a1-a206e1cc1717,23-01-2024 00:01,328.25,paypal,pending
35359b53-774d-4a43-a561-31c6481f160c,5992,11-04-2021 00:00,112.93,delivered,"6992 Martin Mountains Apt. 923, Deniseton, DC 31735",d773cc4a-2732-4dfd-a0b9-46e045ceca75,24-01-2020 00:12,314.44,paypal,failed
6049a41a-cb6d-4c8d-80e8-f3fef6f4466b,1891,24-02-2020 00:00,427.18,delivered,"85036 Matthew Island, New Wesley, ME 18231",0ac3ab79-d203-49a9-961b-618ef2ba36d6,20-01-2023 00:11,436.68,credit card,failed
6a6fe5b3-3570-4b02-8867-03175f94e328,8982,25-06-2024 00:00,476.25,pending,"9860 Cervantes Bridge, Carlaborough, FL 55150",57944ffc-1d2c-4832-a682-dedfa84c67b4,24-01-2020 00:07,92.3,credit card,pending
7752a4c0-55d4-4061-a4bf-73149ad771aa,5767,19-09-2024 00:00,75.6,delivered,"469 Sarah Drives Apt. 272, Lake Thomas, NV 82378",510fe5dd-77d9-4dbf-a0f3-6a11126df1f9,20-01-2024 00:06,437.08,bank transfer,pending
c2176a19-d6f3-4758-bc9d-5ce72307b9fd,4796,16-04-2021 00:00,40.8,pending,"5789 Atkins Tunnel Apt. 355, Smithfort, NV 31450",a364122c-28c8-451a-845c-853dd171825d,15-01-2024 00:06,304.04,credit card,completed
e009e2d5-1faa-4cdd-b60b-25d6cb19d270,4834,09-12-2023 00:00,30.98,shipped,"55505 Lowe Bypass, Davidland, NC 63211",8c72cb30-80d2-49a6-92b1-f01c1d0e7bf0,18-01-2023 00:12,226.43,bank transfer,failed
d4086354-4137-4a7b-9e6e-ae44dba4534e,9918,09-02-2021 00:00,289.38,pending,"8542 Jeremy Hills, South Melissastad, CA 72589",5e5eda4e-cdaf-4654-98bc-bb118a02f2cd,08-01-2020 00:04,54.46,paypal,completed
d44f8049-4852-4c43-8df9-4445ae92c4df,6410,16-05-2023 00:00,362.93,pending,"277 Rosales Greens, West Cathytown, IL 72272",1316f4bb-b1a9-42bf-aeab-064fea5f34da,24-01-2022 00:08,320.67,credit card,pending
dc27fa99-d5bd-4cc6-8746-3d74852ea90a,1642,15-06-2020 00:00,446.49,shipped,"1143 Olson Loop, Lake Dale, AS 02438",091c2117-8616-45c4-ab5a-397afb9dd666,08-01-2024 00:05,277.95,paypal,pending
dc27fa99-d5bd-4cc6-8746-3d74852ea90a,1642,15-06-2020 00:00,446.49,shipped,"1143 Olson Loop, Lake Dale, AS 02438",3ef7e2ec-955b-4502-9829-40cbf1624056,07-01-2024 00:04,260.56,credit card,pending
d4ea14bc-cb67-4e3e-889c-87c6b4762c80,3338,06-01-2022 00:00,399.36,shipped,"Unit 3239 Box 4564, DPO AA 17047",3cc1cd50-e564-4f07-a8cf-b3baf46e2ce1,13-01-2022 00:02,353.4,paypal,pending
487c6519-0937-4ad3-8d91-0e73838b9e68,2577,11-06-2021 00:00,96.94,delivered,"USNV Jenkins, FPO AA 66064",5c7e7101-e7fe-4b16-a571-cfa27fb37a14,26-01-2022 00:05,430.03,bank transfer,completed
89cc8b11-6c3f-4f87-bfb2-fed2a23d344d,3262,01-09-2022 00:00,428.95,delivered,"223 Andrea Falls Apt. 824, New Joshuamouth, VI 20888",eec49ac0-35ab-4489-829e-b3cf6fb02417,12-01-2021 00:12,370.69,bank transfer,pending
3abf4cd4-0fb1-4577-81bd-58a982597100,3650,12-01-2021 00:00,59.14,delivered,"Unit 7228 Box 9206, DPO AA 15922",eb4352dc-5a4c-47aa-bf0a-7b83bc7d4cdd,02-01-2021 00:02,342.17,paypal,pending
d2186994-12e9-434d-9cc6-f48d8d5c5d53,3776,22-03-2023 00:00,340.27,pending,"2174 Caroline Village, North Kevin, MT 61319",20592691-89b6-4ec5-b744-e6e23557851e,19-01-2021 00:02,467.42,credit card,completed
e7178026-ee41-45e5-a0a3-2277aff61b7d,1692,27-09-2021 00:00,425.53,pending,"53399 Justin Loaf Suite 217, Rogerston, CA 89802",d9f8f284-2af8-4ac3-a85a-020e2f3a55c9,04-01-2023 00:10,183.75,paypal,failed
c2cc26ed-e4a8-459f-bfd8-e55630e39c85,5591,09-01-2020 00:00,204.96,delivered,"89720 Cannon Fork, South Laura, NJ 60254",9ccfcd20-d276-43aa-ba57-12000acc938c,22-01-2020 00:12,121.89,paypal,pending
d1b90449-dab7-497f-9284-21c9c85917d5,3863,11-07-2022 00:00,234.03,shipped,"6676 Williams Ridge Suite 833, Kimberlytown, AK 81109",37e04beb-2dce-4daa-8512-1dc7bd1ec118,12-01-2022 00:08,264.2,paypal,completed
e843a8fa-2112-4f8c-bc85-cb2cda23eb9c,7099,05-11-2023 00:00,188.89,pending,"87810 Nash Place, East Alisonbury, MA 92122",68c66dea-4cc8-4687-918a-4f517d4534a0,27-01-2023 00:03,136.19,bank transfer,completed
9145fd30-7ea3-416f-ac9d-e89efad7e363,2986,07-05-2021 00:00,182.03,delivered,"1466 Gomez Well Apt. 483, Annabury, TN 46792",142b4872-47d2-4123-9d6f-7f10ee07ec2d,09-01-2023 00:08,148.96,credit card,pending
9145fd30-7ea3-416f-ac9d-e89efad7e363,2986,07-05-2021 00:00,182.03,delivered,"1466 Gomez Well Apt. 483, Annabury, TN 46792",f9e032a0-0f18-42c7-815f-b6bc1049f9c4,27-01-2022 00:05,334.58,bank transfer,pending
c08506b8-5995-4f0e-ad67-2db27ec9decd,2311,25-12-2021 00:00,113.18,pending,"PSC 1029, Box 7711, APO AA 02571",f1deef93-7509-49e8-81e8-0e6799efbf69,23-01-2023 00:09,198.96,bank transfer,pending
ff534bbb-4101-44d4-a868-03a27b8ce40c,9985,24-06-2024 00:00,36.37,pending,"087 Lori Drives, North Brittney, IA 52545",5afb9179-116c-4883-b716-cf17bd1834f4,10-01-2020 00:07,431.47,credit card,pending
648c22c1-6f8b-42d3-b845-42f9155dccfd,6328,13-06-2023 00:00,433.48,pending,"00521 Hale Courts, South Robinmouth, DE 57347",800f5df4-92ee-43d2-a007-6c617f8c745d,22-01-2024 00:10,230.22,paypal,completed
607ac3d1-ae85-41a2-a370-f823ba8596cf,9745,19-05-2020 00:00,161.73,pending,"421 Lopez Pass, North Carolyn, ND 97117",7f6d336d-073e-4b8f-9166-baa720e3b778,11-01-2020 00:01,9.79,paypal,completed
5135ef6e-a9c3-4bfe-b50f-0db283e549f8,1001,08-06-2020 00:00,266.42,shipped,"247 April Brooks, New Dannyshire, WI 52992",8793d40e-9942-4b9c-9e6b-be477edfa183,09-01-2020 00:05,324.14,bank transfer,failed
9def7c95-5ba5-4bfb-b035-65873d33e463,6634,21-06-2023 00:00,150.51,delivered,"7898 Wall Neck Suite 997, West Evanberg, CT 64769",2153b303-f21a-4951-9aa3-c5e8f6e78108,16-01-2023 00:12,281.34,paypal,pending
772cef8e-3520-4086-9fc1-15f5067714c8,1136,29-08-2020 00:00,347.01,pending,"6581 Wanda Branch Suite 173, Richardbury, CT 53969",3b7e0fe8-c679-4308-b635-5830f8934b35,15-01-2025 00:01,238.04,credit card,completed
d05ce96c-3245-4ede-ba0a-0bb06eb7d8ad,4080,03-03-2020 00:00,428.21,shipped,"Unit 9921 Box 7735, DPO AP 12683",384d6b26-5d30-44de-b484-e7f0c1c8744d,05-01-2024 00:05,173.03,bank transfer,failed
4319d704-fd98-46f7-85d1-8274b1accdbf,8183,28-01-2023 00:00,366.28,shipped,"Unit 0237 Box 6669, DPO AP 56000",9e4f8116-99b6-4e2d-9bf8-0c8cb0226c7e,29-01-2020 00:02,6.57,bank transfer,failed
493cbef9-6a96-4089-920a-78b06f13ab60,1519,23-11-2023 00:00,171.82,shipped,"2438 Patrick River Apt. 855, South Josephmouth, GU 03346",b61e863a-4677-48ef-a5c1-5fe1d36f0745,17-01-2022 00:01,370.12,bank transfer,pending
5dd788c3-2da4-45bc-b8dd-a05d415553c0,1918,27-01-2023 00:00,140.59,pending,"470 Ashley Valley Suite 453, Carolynfort, MO 43510",06def66c-3703-4db8-805a-c87ffbbea7ec,17-01-2025 00:01,14.23,paypal,failed
d7567740-3447-4396-bc9e-db115011aca1,2169,28-03-2020 00:00,276.16,shipped,"09954 Andrea Motorway, West Valerie, WA 96147",879d1f00-5321-4fae-a674-3619f1f1a02e,03-01-2021 00:08,266.67,credit card,failed
d7567740-3447-4396-bc9e-db115011aca1,2169,28-03-2020 00:00,276.16,shipped,"09954 Andrea Motorway, West Valerie, WA 96147",6f276b15-eebb-40d1-a6aa-2a3e76fe4735,04-01-2022 00:07,482.48,credit card,completed
caf2c11f-6f1a-448a-94da-d288c7c6104b,9534,14-08-2023 00:00,69.85,pending,"8963 Daniel Cliffs Apt. 335, Frazierland, NJ 94094",e8b55c23-5072-46a3-82ff-7ca8075856fd,30-01-2022 00:01,73.37,bank transfer,pending
53fc280e-cbc5-4ac5-bab7-3e7200da1752,5523,27-03-2022 00:00,296.5,pending,"2076 Gomez Inlet, Bellport, CO 10466",4e535942-4804-4a40-bad0-831b13a7848e,05-01-2021 00:03,382.57,bank transfer,completed
2d1a5ead-386b-40aa-9ee7-45e4e14af90e,3583,31-05-2020 00:00,254.96,delivered,"1181 Shaw Summit Suite 466, West Jessicafort, NV 56213",16bc05f6-b69c-4705-a5bd-179f83b1add9,15-01-2024 00:04,189.98,bank transfer,pending
e6ffa50d-2960-4db2-a25d-e18d826bd486,1983,28-10-2021 00:00,39.29,delivered,"89142 Heather Alley Apt. 927, Odonnelltown, MD 36970",941cbfa9-85b4-4fc8-a114-ea8593aed5c1,17-01-2021 00:08,427.11,bank transfer,completed
86918047-c899-4756-b3ae-659bf040c11c,4912,16-05-2023 00:00,167.14,shipped,"USNV Vasquez, FPO AE 72756",69ebc21a-8894-4247-ab30-9505699f1f97,01-01-2023 00:12,67.73,bank transfer,failed
84f6c752-c01b-41cd-8e99-0e61728b6095,3926,17-01-2024 00:00,438.01,shipped,"382 Parker Radial Apt. 479, West Jesusmouth, DC 74005",7dbda84d-5a3c-4f19-a13a-40de11e126c1,04-01-2024 00:05,87.3,paypal,failed
fb055a5f-aed6-414f-88ee-1278c1de2c1b,7046,16-10-2022 00:00,399.18,shipped,"9276 Tran Port, Ryanton, CO 83570",519958c8-9c13-487b-aef1-31aeefd4bad3,16-01-2020 00:04,246.17,bank transfer,pending
bac2ab0e-1d1b-45aa-8d98-e759cb6b51d0,7145,25-02-2021 00:00,385.2,delivered,"USNV Klein, FPO AA 05361",360f0fb3-0ba6-4db2-8e8b-0e8f10579f7c,26-01-2023 00:06,458.49,paypal,failed
ae041a6b-4c96-41bf-bb14-71faa3c92513,1107,20-04-2022 00:00,157.16,shipped,"7967 Stephanie Grove, East Janetown, TN 07257",c615ec4b-441d-4533-a93a-280d7d68722c,22-01-2025 00:02,71.93,paypal,failed
ae041a6b-4c96-41bf-bb14-71faa3c92513,1107,20-04-2022 00:00,157.16,shipped,"7967 Stephanie Grove, East Janetown, TN 07257",78ae4e08-921f-4679-8fe2-0404e5421988,04-01-2024 00:01,482.63,credit card,pending
4dffffc5-2eb6-425b-a0ac-6cf9b50a53f8,4519,12-11-2024 00:00,429.3,shipped,"6582 Holloway Passage, Port Matthew, TN 54906",d314ceb7-7de1-48eb-85d9-5c85a79b9e1f,10-01-2022 00:06,21.14,credit card,pending
f584a0b6-22b0-41da-a7e4-e0ffba6c9bcd,3534,03-05-2023 00:00,56.2,pending,"1197 Megan Valleys, Phillipmouth, NV 35117",08209368-23fb-4340-bed9-a9798b13c9fe,07-01-2022 00:01,397.7,paypal,failed
5721c046-d635-46cf-8c94-1564e86dd999,7939,13-10-2020 00:00,188.98,shipped,"75454 Raymond Pines, Harveyland, AR 35767",74677689-3459-4dfe-b08d-43d3a56e4c45,08-01-2021 00:01,68.22,credit card,pending
0bc8d9e1-3587-4bae-8c5d-93968c37e8fa,1396,05-11-2022 00:00,387.14,shipped,"833 Ashley Landing Suite 238, South Amanda, SD 01872",f44c632b-6f4a-4442-ae0e-fe80974086fc,27-01-2024 00:03,378.97,paypal,pending
1e96c9f8-0a91-49d3-ba59-b77118553879,4271,08-04-2021 00:00,345.83,shipped,"49379 Wagner Ramp Apt. 585, Lisaland, NE 28158",f25a0349-a3e1-4f2e-9e31-65b3284f60a3,04-01-2021 00:01,115.96,credit card,completed
1e96c9f8-0a91-49d3-ba59-b77118553879,4271,08-04-2021 00:00,345.83,shipped,"49379 Wagner Ramp Apt. 585, Lisaland, NE 28158",548a595a-3352-46e9-b209-0f5bf095f120,28-01-2023 00:09,430.02,credit card,pending
4b010520-45e9-4431-8980-c381435fd2bf,9573,24-03-2021 00:00,377.67,delivered,"401 Hernandez Garden, Lake Danielmouth, HI 24392",d97023a4-3cf4-403f-8a2d-47a4502d403d,27-01-2024 00:04,328.99,paypal,pending
c71e205f-14d2-4ecf-9cbd-9df707345fea,8913,08-02-2022 00:00,315.29,shipped,"PSC 4756, Box 9001, APO AP 35352",f6671717-07a9-4182-9813-80a172842b2d,30-01-2020 00:03,477.59,bank transfer,completed
100e78b2-46f5-42d1-a503-916f1fdd6d8c,6901,23-10-2021 00:00,433.5,shipped,"23641 Elijah Trace, Mahoneytown, SC 75219",e04ee6c3-01e7-4420-a933-63cb022843a8,01-01-2023 00:05,370.75,paypal,pending
5c27b065-9325-4010-8a70-40faedd34e9c,5995,06-07-2023 00:00,173.45,pending,"697 Wiley Inlet Apt. 360, Lake Kathyton, CT 06285",a580fc70-1215-43f9-8684-850715730726,24-01-2022 00:01,179.45,credit card,pending
629de8ce-a608-4639-b085-f6d04d2e9edf,1427,28-02-2025 00:00,186.04,delivered,"64106 Jeffrey Meadow, Bellland, UT 85160",66eda259-7df9-41b1-9898-be17e160bc51,05-01-2025 00:02,446.84,bank transfer,completed
60fbec4a-405f-4af3-aebf-12f28cbedb0f,5043,16-04-2022 00:00,219.5,shipped,"3579 David Stravenue, South Derektown, MO 91921",27059258-a3da-4461-b20b-9f105ff9e961,29-01-2024 00:06,339.6,credit card,failed
591c6162-2be2-4998-8b7f-de6d0ceaaca6,1630,18-09-2021 00:00,265.12,pending,"0926 Adrian Shores, Port Susanville, TN 98784",3f7d854e-e6b4-40f5-8f48-421b08065572,03-01-2021 00:06,259.38,paypal,failed
12ee57b2-97dd-4aa2-bd33-c8f1c1400d2f,8558,15-03-2025 00:00,91.58,pending,"671 Oscar Rapids, South Brandy, PA 82370",8d7c92d7-f8ed-43aa-b2a1-3e2069f3be7b,26-01-2020 00:09,6.51,bank transfer,completed
e59ddeb8-1227-41a4-8402-ff74bd9eb197,1893,08-01-2023 00:00,348.08,shipped,"52964 Turner Pike, Kathleenbury, AS 98410",934550f3-ab8e-41ff-ac00-dd8ee9fe9071,20-01-2021 00:04,137.3,paypal,failed
81baa411-442b-43bc-b849-a7109fe88915,2494,30-06-2024 00:00,65.94,pending,"741 Maldonado Estates, Austinchester, WV 27939",bee0c133-cfc7-46b2-9518-dcddd9a8510b,19-01-2023 00:08,445.37,credit card,failed
cbb6f341-e517-47ed-a06a-dd85e23d2358,6946,08-05-2023 00:00,51.8,delivered,"555 Gabrielle Brook, West Nicoleton, NY 15551",6a6c8719-d8f8-48d1-a201-773d9a766459,03-01-2024 00:07,150.93,credit card,pending
436a9537-cbc0-455c-83a0-3b62f6cbd55e,3619,25-10-2020 00:00,195.55,pending,"34243 Rivera Ford, South Katrinaberg, PR 73934",91df0d5b-1ee2-40eb-b798-d25560398543,16-01-2022 00:08,319.93,paypal,pending
69b5b843-2a03-485c-bd18-f1d45ebc0364,9904,22-03-2024 00:00,405.65,delivered,"7799 Daniel Field Suite 983, Lake Kevinmouth, NH 54460",22f21af1-8bf6-4c5f-954a-4826c79d375c,20-01-2022 00:08,98.32,credit card,pending
0b891369-602d-4de8-ae21-d9273cb51b9a,9084,03-03-2025 00:00,126.56,delivered,"1160 Faulkner Ports Suite 015, East Darren, IL 26901",46804480-81ba-4fdd-a3b1-86ba302ed766,21-01-2024 00:05,341.21,paypal,failed
873b27dc-e768-4e09-bbd4-d8ca764150fe,2300,29-06-2021 00:00,304.6,shipped,"PSC 1399, Box 7992, APO AA 14280",30a45e2e-b8fd-47aa-a2e2-9249d4e663f6,20-01-2023 00:12,158.76,paypal,failed
72fbf80b-e753-4f2a-b355-1ea790e49459,1803,29-09-2022 00:00,63.35,shipped,"USS Murray, FPO AP 92781",612e45f8-3f3c-46c9-bf3d-7e5afae604a6,13-01-2023 00:07,382.35,bank transfer,completed
9694ae49-0efe-4c1f-942e-2b854b065060,6901,22-05-2023 00:00,466.43,shipped,"078 Paul Estate, East James, VT 66174",487f5848-be38-4a7e-971a-8d876f9ab092,05-01-2020 00:10,270.68,credit card,failed
8a660efb-5e93-4f00-86e9-d53f54380a44,6728,15-01-2021 00:00,284.6,delivered,"56688 Laura Club Suite 647, Cynthiaberg, NH 76867",356d902e-1c1a-4a8c-8d10-75fb2382dd7e,04-01-2022 00:12,384.58,paypal,pending
c931399d-50db-4db5-bdfb-cf518367bda0,1477,03-04-2020 00:00,417.7,shipped,"723 Antonio Bridge Apt. 975, Adamsmouth, TX 91310",e594e071-f5b1-4920-8db1-133b12079422,11-01-2023 00:11,403.37,bank transfer,failed
24f6e688-9b4b-488e-b627-cb4bb3a8a4ff,6415,25-06-2023 00:00,418.57,delivered,"396 Larson Summit Suite 442, Edwardview, TN 85494",6c4a576e-20ea-4e69-a3fa-85a260f4e038,20-01-2024 00:12,124.69,credit card,completed
e0d01594-9139-4cba-88b4-cb7c952bedbc,6490,28-03-2020 00:00,236.61,pending,"5099 Clark Green Suite 352, Doyleville, CT 15778",7f590c2f-11dc-4eea-94de-2f7ae0b455a9,27-01-2021 00:03,232.76,bank transfer,failed
9066d31a-bf60-4705-b72d-6845f3bc42f2,2897,13-11-2020 00:00,12.01,shipped,"5546 Tina Underpass, Staffordmouth, SD 05570",ee2ffe65-ecea-4a66-ba9d-2b1eef3299c4,07-01-2022 00:10,454.37,credit card,pending
57f84a4d-099d-476b-bf9c-d4a79ca09b18,6119,28-07-2023 00:00,21.02,pending,"22912 Stephens Isle, Amandamouth, AK 01886",15735259-dd2d-4202-8297-936f87118990,01-01-2022 00:08,68.69,credit card,pending
8eb2f2c8-63a7-4379-9c8d-98b63e833812,8227,11-03-2021 00:00,338.85,pending,"8108 Stacey Lakes, East Stephen, MP 26417",19c134d8-cfab-4110-a7b4-180169d86e95,12-01-2021 00:11,137.66,paypal,completed
7608ea2b-b110-4866-a7ef-966217a27bac,9422,11-08-2020 00:00,60.16,delivered,"83952 Anderson Walk Suite 207, Port Katherine, MO 85712",5892825b-e764-43cd-add8-30ef2caec0af,26-01-2022 00:04,425.43,credit card,pending
3919c5b6-6519-4024-ad96-a07c1e8c8469,8672,29-07-2024 00:00,57.66,pending,"63160 Eileen Row, North Deniseton, MD 90944",7c155b03-13d9-4e40-8038-3774b21ecc3c,06-01-2023 00:01,273.98,credit card,completed
3919c5b6-6519-4024-ad96-a07c1e8c8469,8672,29-07-2024 00:00,57.66,pending,"63160 Eileen Row, North Deniseton, MD 90944",62712258-35f5-4e4c-98b4-6628f168b9c7,28-01-2024 00:01,271.92,credit card,pending
7da45999-6252-44fd-896b-29d0f3ed9992,8552,26-02-2025 00:00,206.4,pending,"2173 Yates Fort Suite 095, Smithshire, ID 34401",deb33d9d-4e20-47f2-9c7b-e51a54c90e6d,11-01-2024 00:03,83.95,paypal,pending
e8ecd0fd-d5d0-4bdd-b2fd-a02eb5749595,7389,13-03-2021 00:00,311.63,pending,"834 Wheeler Spring, Vasquezport, ND 58206",76ec3d0a-dcbf-48d1-9367-d91e60f10d1c,19-01-2022 00:03,466.13,paypal,completed
b7860464-e51a-4811-b887-0356f6a3630b,2387,30-01-2022 00:00,77.24,pending,"90488 Foster Stream, Lake Scottberg, MT 41073",4df36c92-a41b-431f-8be3-8c98d401c339,30-01-2020 00:05,346.28,paypal,failed
dbd7d070-61fb-441f-b2c4-ab9881661f77,8471,14-08-2021 00:00,447.86,delivered,"785 Mccoy Harbors, South Victoriaton, WY 81288",f46c5896-b1dd-4838-8e56-928e15360c73,12-01-2020 00:02,471.44,credit card,failed
a4e2d72b-0874-4fb4-8e41-809c1a6cd12d,1542,29-06-2020 00:00,178,shipped,"100 Hernandez Inlet, South Maurice, NH 68569",e3ca8abc-cbbb-4f65-88d7-c3d1a611e7b0,30-01-2024 00:03,15.92,bank transfer,completed
e64a9c0a-1dde-42a0-ba75-86d4509b9ceb,2415,30-08-2023 00:00,429.66,shipped,"08597 Shelly Parkway Suite 794, Lake Ruth, PR 54335",87829244-d1f4-4979-bccf-88ff6e933424,03-01-2022 00:02,245.15,credit card,completed
50c6f557-5ce4-4d4f-be7e-d268d3f8d88f,3915,27-05-2021 00:00,225.88,pending,"5478 Melissa Brooks Suite 260, Port Tanner, VA 53386",aeb9eb48-f3fa-46dc-bda1-d84aaf7436a8,05-01-2020 00:04,134.6,bank transfer,pending
0df8c01d-711d-4684-9b2d-6123419fb0c1,3483,15-01-2025 00:00,353.03,pending,"682 Kevin Well, Port Heathershire, IA 07829",5a88113c-54e4-4f32-b50e-f14fa41941bc,21-01-2021 00:02,41.33,paypal,completed
e43cd6de-c550-4f32-9ab6-24ad7a29cc28,2485,20-12-2024 00:00,189.02,pending,"4123 Hernandez Heights, South Caitlyn, RI 05552",94b678c1-dce2-4ee4-a9f4-e2d4ab60f4ca,12-01-2023 00:02,498.62,paypal,pending
f6593429-5f69-45e6-86fb-6e03277e94fa,7294,12-08-2022 00:00,333.76,pending,"3145 Heather Flats Suite 170, West Justinstad, MA 73335",af507a81-870e-40b3-9a5d-6215b05d4412,03-01-2022 00:04,378.95,credit card,failed
178f99f8-276e-4573-881a-bcfbf7a3d111,9856,22-11-2022 00:00,325.27,pending,"188 Allison Haven, Stonechester, WI 59851",e2427420-c997-4b42-ba9c-7d6bcc268da4,17-01-2024 00:03,469.58,credit card,pending
af769870-30a3-44f6-bd3f-9f2167f7c4f3,8474,22-02-2023 00:00,309.5,delivered,"33810 Williams Summit Apt. 700, Edwardland, NC 35532",9ef4c1d9-beee-4aa9-981c-0091d84a355c,01-01-2021 00:11,58.92,paypal,pending
556b1b73-4183-4fa5-9f7b-8ee41cc67a52,1666,23-02-2024 00:00,75.35,delivered,"46533 Harris Freeway, West Timothystad, UT 40170",f5aaa139-1746-4106-8278-e2ac3d2476f0,10-01-2021 00:02,139.3,bank transfer,pending
bf392d53-695b-45fe-80ee-b4d3257a79d9,1709,07-08-2021 00:00,61.17,shipped,"434 Clark Gateway, North Hannahfort, MI 04650",198da2c7-bdd1-44e5-9157-be6a9f85bb4c,17-01-2024 00:01,250.43,credit card,completed
98cbdeff-eb80-4d16-8073-3467e1329dce,8947,14-07-2020 00:00,262.3,shipped,"88550 Armstrong Groves Apt. 944, North Kristiland, AK 39801",97b8efbe-74e7-4d33-a322-829422dad5de,13-01-2020 00:04,419.6,credit card,pending
5b2a433c-9e82-4628-bb8b-92149f648bea,4615,04-01-2021 00:00,46.03,delivered,"120 Gabriel Roads Apt. 756, South Xaviermouth, NE 33674",1b39ddb4-6fa0-46fe-8d83-ae1cce9ed3f0,24-01-2023 00:04,390.89,credit card,completed
f349eca8-1e88-485b-b2e8-04e66879c6b2,3784,01-08-2023 00:00,293.28,delivered,"47254 Ryan Highway Apt. 689, New Gregory, PR 57438",56a29d47-c96b-4ea8-9b0b-c3558ab26c63,27-01-2022 00:09,402.72,bank transfer,failed
354a1a8d-082d-4e05-a43e-242db43c4baf,5041,31-10-2023 00:00,131.44,pending,"077 Smith Point Suite 949, Gonzalezstad, NH 50031",ecbc3943-3840-4750-9840-359e7279c73a,12-01-2024 00:02,491.42,paypal,pending
85701504-1bc3-4e97-bf54-4851b1573690,3440,06-02-2023 00:00,457.74,shipped,"05915 Davis Loop, Lake Haley, DE 98498",8b864315-18ba-4872-91d9-9af0a15b7aa4,31-01-2024 00:08,486.68,paypal,completed
bc703144-d8ba-4707-8fc8-ba5e3d037937,2605,11-10-2024 00:00,231.7,shipped,"Unit 8623 Box 0659, DPO AA 88755",562123a8-b9b4-404f-b2dc-7f5c39354673,22-01-2021 00:06,332.57,bank transfer,completed
0b286c9b-7dac-45b7-8145-39b7140b2f1b,8607,23-02-2024 00:00,354.91,shipped,"15758 Harvey Port, Port Traceymouth, IA 87228",f3eac8a8-8c12-4110-a55e-1a53fbe9ba02,05-01-2025 00:03,294.56,bank transfer,failed
0b286c9b-7dac-45b7-8145-39b7140b2f1b,8607,23-02-2024 00:00,354.91,shipped,"15758 Harvey Port, Port Traceymouth, IA 87228",50f27e89-1ad6-40ce-b495-709e0d65fa79,30-01-2021 00:07,431.14,paypal,completed
f4d080f4-ce49-4286-9e29-b9d6297b856f,9730,21-01-2022 00:00,450.73,pending,"4862 Diaz Lakes, South Steven, IN 74225",3fee12a6-8496-4d9f-ae97-317c517525fb,31-01-2020 00:07,304.49,paypal,pending
f4d080f4-ce49-4286-9e29-b9d6297b856f,9730,21-01-2022 00:00,450.73,pending,"4862 Diaz Lakes, South Steven, IN 74225",d4649f40-cc04-4223-be75-7801145b7f77,27-01-2024 00:10,313.94,paypal,completed
5e873080-871c-472e-9bd9-653110da1c77,2075,18-03-2023 00:00,102.29,pending,"99324 Johnson Port Apt. 625, Lake Thomasborough, DE 90368",b940cf3f-d3eb-4e02-bae9-1172c46e57cc,14-01-2024 00:10,138.7,bank transfer,failed
fe7003be-0fb4-4f58-853e-91961ad3297e,3514,26-07-2022 00:00,89.01,shipped,"1875 Hartman Fall Suite 920, Lake Tanya, VA 21346",c5c69052-da22-45a8-8f21-8507c70d2ea3,12-01-2024 00:01,62.84,bank transfer,failed
f694813e-a641-4f5c-8790-149611d05a67,3663,30-09-2024 00:00,271.49,shipped,"54586 Martinez Drive Suite 874, West Georgehaven, MN 31154",060b5bcf-b2a2-4bde-afe0-3e0686cb8cb9,15-01-2023 00:01,296.03,paypal,pending
2d9c3875-ac7b-46fd-8da6-2af6c7d86303,4610,07-10-2023 00:00,228.53,shipped,"79838 Marquez Corners Apt. 556, Sloanchester, FM 32933",75b8e302-d260-4ee2-a9e5-105a4e50c5e0,16-01-2020 00:05,221.85,credit card,completed
ebfb1636-a8ac-4160-b1c6-3f3857989316,1199,08-05-2023 00:00,149.48,pending,"5476 Samuel Mills Suite 735, Kyleville, LA 61862",c0de49a6-d485-404b-acc7-5535df4bd700,29-01-2024 00:11,110.74,credit card,completed
06bd367a-d39c-4f66-a710-82ae48078471,8944,20-09-2023 00:00,211.88,shipped,"7619 Anderson Port Suite 017, New Ericville, NV 55835",e029bc90-c14c-48ce-923c-557480172729,29-01-2022 00:08,447.77,credit card,completed
36cf6bf2-022c-4217-90fe-c275dc0d330c,2678,18-08-2021 00:00,116.76,delivered,"0223 John Keys Apt. 478, South Steven, DC 42784",0f703672-a9fd-4eb7-b69c-67ad223077e5,25-01-2022 00:12,209.96,credit card,completed
e66800bc-052f-49b1-bc41-54a6b6faed44,5544,08-08-2023 00:00,474.91,pending,"PSC 6075, Box 1210, APO AE 66090",c603251a-59a2-4d18-bb01-d9df4f90a08c,22-01-2020 00:05,51.7,bank transfer,pending
ca44271e-3dc4-486e-88bc-104d80c0c109,7948,17-12-2020 00:00,114.99,shipped,"37880 Gabrielle Cliff, New Johnchester, NM 95510",5d823697-0aaa-42dd-b5da-1f58c77f2cc9,02-01-2022 00:11,224.32,paypal,failed
7561cb5d-cce0-417d-ad51-c49960e2f257,3937,03-09-2022 00:00,16.27,delivered,"501 Bennett Cape Apt. 672, Rebeccaberg, PW 66496",18570d14-18df-43c0-a7bd-8c03ba78b0a4,17-01-2021 00:12,8.41,credit card,pending
873e3811-0393-4ead-b368-bf6b31565aa6,9055,18-09-2023 00:00,339.33,pending,"177 Maria Park Apt. 460, North Robert, IN 87483",59f7d873-688a-4496-8a01-a97b13ec44c3,13-01-2021 00:02,134.32,bank transfer,completed
873e3811-0393-4ead-b368-bf6b31565aa6,9055,18-09-2023 00:00,339.33,pending,"177 Maria Park Apt. 460, North Robert, IN 87483",a34ab226-238d-46b7-8870-a97db99aba92,03-01-2022 00:12,243.11,bank transfer,pending
577384e5-e5c4-4795-b329-fc64c43d0c8f,8177,02-08-2021 00:00,266.1,delivered,"164 Olson Ville, South Michael, SD 23986",2444dddf-b3c6-41e6-9762-00cbcf4afcb7,14-01-2021 00:06,487.31,bank transfer,failed
afae8a8f-6313-4b9d-9f86-c4239c9061d2,3689,05-10-2024 00:00,250.83,shipped,"040 Kimberly Lights Apt. 597, North Anthonyshire, TN 07788",2b120596-d30e-430c-a735-90e0456ed151,10-01-2024 00:06,496.98,credit card,pending
0e278a0b-0ae6-4fe9-bb5c-95dc6c0448f4,1322,22-12-2023 00:00,273.82,shipped,"PSC 6333, Box 8923, APO AA 82246",be9ddc80-0867-4fcc-ad10-fa56e896c795,16-01-2022 00:04,410.5,credit card,completed
a3f15d3c-2487-4075-a7a6-855093ec64b0,7394,17-09-2023 00:00,167.99,shipped,"53941 Hill Land Suite 189, West Amber, NC 31831",dc281f27-27c5-447c-b22d-da3e591dcdb7,24-01-2023 00:11,182.05,bank transfer,completed
8554533d-ec52-4771-a622-7eb7b4ffceca,9268,14-02-2023 00:00,404.02,pending,"Unit 5217 Box 6801, DPO AE 55165",f51c7a77-095a-468f-83c3-63d8aa25f510,17-01-2020 00:11,295.57,credit card,pending
8554533d-ec52-4771-a622-7eb7b4ffceca,9268,14-02-2023 00:00,404.02,pending,"Unit 5217 Box 6801, DPO AE 55165",e1862639-9c98-4c13-b7b0-6c383ccaa4ee,26-01-2023 00:09,304.52,bank transfer,completed
61951091-a7c4-4026-b308-ee6bb3dfdd8c,7591,25-04-2021 00:00,133.12,delivered,"USNS Diaz, FPO AP 99547",f2d06d56-68c5-4aea-82ee-e390e55e521a,18-01-2021 00:07,161.83,paypal,completed
c1fe27d9-b923-41f2-af8e-d8032012161e,4335,22-03-2020 00:00,424.52,pending,"29873 Bush Burgs Apt. 149, Houstonport, NH 43629",c079eee7-7a53-4948-b9b5-59435e7e3894,14-01-2021 00:09,394.61,bank transfer,failed
194d2bf0-db37-40b3-af17-8f79dd1a0114,3456,13-07-2023 00:00,104.04,shipped,"57368 Sandra Path Apt. 417, Rubenview, FM 28626",04ac23cb-d9dc-4a6b-8375-377d036493c8,21-01-2022 00:02,242.81,paypal,completed
d75ba7f8-92a8-45ee-8cfc-b8bf052b55cc,4309,06-11-2020 00:00,88.09,shipped,"127 Buck Expressway, Barbarashire, CA 82358",7b90cf82-e940-432e-8963-755dbb6749a4,15-01-2021 00:07,51.85,bank transfer,failed
7d3e6dbf-2492-4f3e-ba6d-d03112499a11,2375,12-10-2024 00:00,163.81,pending,"73449 Johnston Streets Apt. 519, Norrischester, MT 83216",b0918d47-439d-4060-b97f-e6a6ba1fad7a,12-01-2024 00:10,171.71,bank transfer,pending
2e4f8399-a14b-4805-8edc-0c38563e5923,5498,05-03-2023 00:00,225.34,pending,"6006 Matthew Key, West Christophershire, VI 99498",689799f2-8ebc-410c-86c6-84b4f3d856aa,12-01-2022 00:04,491.37,paypal,pending
20cfcf4e-dbe0-4e62-b2fb-b3bdfd6a635a,3374,21-10-2024 00:00,187.87,delivered,"810 Joseph Spurs, East Brandimouth, CA 81165",f6ec5f5e-7ffb-46de-b184-2395f16ba384,20-01-2024 00:01,310.09,credit card,pending
4f4a5e2c-ebde-4722-9184-ced2e702677f,8718,16-09-2020 00:00,371.1,pending,"7353 Davis Villages Suite 391, Lake Jaybury, WA 92280",6e9ac343-6d0c-4865-b75d-1379e0ea8792,13-01-2021 00:06,197.41,bank transfer,completed
411767d5-d95b-41b0-8671-a4f3de6ec895,1448,14-10-2023 00:00,383.37,delivered,"687 Thompson Tunnel, Port Kaitlinport, NH 43915",12124db3-43c5-484e-b7ed-36b3bb154c98,22-01-2020 00:08,131.7,credit card,pending
225f9eb8-a4d0-492b-840b-a4e3c5fdaa31,8397,11-02-2022 00:00,244.4,delivered,"800 Welch Knoll, Mcculloughview, GA 86871",945a5f29-cb03-4048-960a-f9103b135433,31-01-2023 00:10,250.35,paypal,completed
4a5e8eec-a06c-4555-a8a6-dd8304c99eea,3187,05-12-2020 00:00,137.73,delivered,"966 Padilla Crossroad Suite 830, Dannyville, OR 61416",da71d0ed-c3bb-4b8e-beda-646642dcdad5,04-01-2024 00:01,143.66,bank transfer,completed
117b1520-cd50-47df-b6c1-f8ea9e9f7371,7447,28-06-2020 00:00,439.43,delivered,"28061 Timothy Greens Suite 669, Wallview, NJ 20366",da16169d-1420-4ced-93ed-2ead2da93395,07-01-2024 00:06,439.24,paypal,completed
e30592c7-b2c7-445a-b159-202e3f161fab,5198,25-05-2022 00:00,45.8,delivered,"571 Daniel Roads Suite 449, Brownchester, IA 74489",64ffd46e-b5a2-42d9-bec3-be3a541098ec,04-01-2020 00:01,182.29,paypal,pending
dafdb3fe-77ca-4a93-8ff8-f2c80ca26481,6907,21-06-2024 00:00,463.86,pending,"USCGC Martin, FPO AP 41884",7af33cd6-0cb3-4e47-90c7-8b4985d64b7d,04-01-2022 00:11,16.61,paypal,pending
ca3d5f7b-8f8d-4137-aa3a-8981fc66eb9d,3478,26-12-2024 00:00,282.28,delivered,"49241 Thomas Neck, North Monica, NE 90742",07db4cbb-2e08-43c2-ae3b-19b27927f127,12-01-2021 00:07,101.51,bank transfer,completed
ee94cd15-668c-4fc2-83ab-0ce531662b5e,8704,12-01-2024 00:00,137.51,delivered,"2504 Harold Spurs Apt. 085, Allisonberg, IL 45407",be304ecf-9daf-4def-801d-ad95a44a1983,11-01-2021 00:03,403.18,credit card,failed
347cd7b5-66e8-4f64-9c00-8f2de395b153,3669,23-07-2020 00:00,200.37,pending,"36280 Monica Forges, Stephanieland, DE 46849",f9e9658c-0ba1-4b37-801b-48e0db285a85,05-01-2025 00:01,279.12,bank transfer,completed
eef1fab8-109b-481b-ab5e-2a9258f0b5af,3525,04-01-2022 00:00,69.09,pending,"36504 Johnson Divide Suite 224, Arnoldberg, FL 44657",79786a6c-2c42-41a7-8ee0-795fbf82058d,05-01-2023 00:11,58.96,paypal,pending
39f95ef6-bc00-44f5-a848-e6a30a81e461,5151,04-11-2024 00:00,184.17,delivered,"PSC 9168, Box 3171, APO AA 15354",2626b12d-1b36-44cd-a2e1-8456438f039e,01-01-2024 00:05,227.54,bank transfer,completed
a1aea90b-1c1d-4a69-9a85-1b0f76a57bc6,2339,30-06-2020 00:00,386.64,shipped,"24845 Burch Mill Apt. 137, Lake Theodoreview, CO 75653",4b24a36a-907b-4127-b472-ba469f73f0a0,22-01-2023 00:02,440.57,credit card,completed
c42a7290-6c83-4ddb-8734-4b85826b673f,4458,05-10-2022 00:00,100.69,delivered,"USNV Davis, FPO AP 44795",e0dfa4ec-d332-46f8-9585-c79bbdc9cf3c,16-01-2023 00:03,332.63,bank transfer,failed
94e6f86f-59d5-4b63-b270-a32f9fab99bf,6910,27-11-2021 00:00,348.42,delivered,"509 Webb Ports Apt. 818, Sergioberg, MS 52696",aecb20b8-18c3-4789-8883-052d77d5fe89,11-01-2023 00:03,209.75,bank transfer,failed
d6483381-6b37-48db-b8b5-f34b4be85833,7471,09-09-2022 00:00,404.27,shipped,"992 Jones Roads, North Candiceview, AZ 90940",9440f3a4-f97f-498a-bdf6-5243e85d9d1c,05-01-2024 00:05,257.71,bank transfer,pending
cb062860-006a-4434-a125-a38de6c1ece5,3049,02-11-2023 00:00,76.21,shipped,"PSC 6278, Box 9088, APO AP 98166",13a3d94e-5fff-462d-9e48-d40acc18b181,05-01-2021 00:04,87.05,credit card,failed
1ba94e5e-3c85-4406-abfd-0f41b470f029,2833,29-06-2023 00:00,409.82,delivered,"12179 Morrison Wells, Port Margaret, GA 27982",243fa5b2-979c-431b-b3e5-bc89549ab6d1,07-01-2020 00:07,354.31,credit card,failed
2ab18e6a-5a12-4046-9b26-9d2697c947a4,1523,02-06-2024 00:00,405.34,pending,"5256 Tracy Grove Suite 555, Myerschester, IL 32223",6697b628-bfd9-4317-a5f2-43dc791c8203,13-01-2020 00:06,112.52,credit card,failed
1750c9af-83bc-4df4-8ac0-52ec5e3a212f,4307,05-02-2020 00:00,225.16,pending,"071 Dennis Trail, Johnbury, NH 07871",3dd76e78-0c98-4619-9057-736da34ce238,15-01-2023 00:03,255.6,bank transfer,completed
1750c9af-83bc-4df4-8ac0-52ec5e3a212f,4307,05-02-2020 00:00,225.16,pending,"071 Dennis Trail, Johnbury, NH 07871",7afbb052-d068-4280-af0e-1f0b8ea71881,19-01-2025 00:02,46.96,credit card,pending
a483c11b-0aeb-4de7-a2b0-2513e3a80050,7799,24-07-2022 00:00,186.72,delivered,"01492 Moore Views, Port Erik, VA 89271",336367e5-3366-4c8d-ac1d-3d1344ab61ec,26-01-2021 00:03,93.19,bank transfer,completed
051d2142-e331-4c1e-8ed1-32e8d6967592,6927,24-08-2021 00:00,472.43,pending,"9486 Kimberly Trace, Morganview, FM 14380",e8933b1a-7253-4a7b-a856-cbccb1678119,26-01-2020 00:03,49.42,credit card,pending
4a971cc3-9d56-41ad-b602-7d63c76feeda,9476,27-11-2020 00:00,472.38,shipped,"0444 Rachel Harbors Apt. 942, Snydertown, NC 71124",bb358ca1-6ab0-406a-9daf-dd15f9d9ed99,23-01-2024 00:12,13,paypal,completed
96b9aee1-9c4a-4c4c-b152-6fb8956d57ed,2511,24-11-2022 00:00,40.47,shipped,"068 Erica Ranch Apt. 241, Holdermouth, AL 28936",e9e47c1d-6594-404e-8f62-b487645a169a,12-01-2022 00:02,243.43,paypal,pending
fc25cb47-e7fe-4482-bf07-a88e6a4704d4,4483,19-09-2020 00:00,233.16,shipped,"406 Corey Trail Suite 138, South Jennifer, IN 73520",36659343-2e95-4289-a49d-a706433066fe,09-01-2023 00:01,339.74,paypal,failed
23740394-5de5-43af-80e5-38dcc6c4fd32,2807,06-06-2024 00:00,69.22,delivered,"73506 Brian Club Apt. 664, Fieldston, OR 57378",c37069c2-6c6a-44fe-b81a-809f5121b264,07-01-2020 00:08,416.75,bank transfer,failed
3e8bd334-52c1-4f46-a56e-4444bab068d6,8786,11-09-2020 00:00,418.89,delivered,"5859 Montes Causeway, West Zachary, CA 00732",a973bd3f-d4a1-4b13-9c84-17d7743cbe54,14-01-2023 00:11,60.86,paypal,completed
0a3e22de-c9d9-4fc9-a49c-973b4bb3c391,8357,02-03-2024 00:00,83,delivered,"PSC 5907, Box 3128, APO AE 10111",7650c8d5-eab6-48a6-b8dc-c7f9f69f2601,14-01-2020 00:04,353.23,paypal,completed
c634c332-cfb6-4e5d-a46f-02acbb3e35f8,6554,19-10-2023 00:00,275.09,delivered,"65720 Obrien Center, Joanneton, NJ 67796",feaee664-d676-4424-b327-9f66cf5c1c43,02-01-2023 00:05,333.64,credit card,failed
32cea77e-78a7-4f27-b0fe-412935f22370,9235,02-04-2023 00:00,449.46,shipped,"52438 Anderson Shoals, South Markborough, VA 13218",254ac1f8-d274-4631-a420-519be5a655f5,25-01-2024 00:04,372.86,credit card,pending
79d2f6ed-2d82-43ac-990b-79f3dd847e03,6249,30-01-2023 00:00,206.88,shipped,"6196 Chandler Spur Suite 015, Lake Josephview, AL 11140",91d8f169-ef25-4261-8b09-3cb7258e4ffe,11-01-2023 00:08,360.25,bank transfer,failed
a111ebcd-e6e9-4008-9245-13eea6892dfd,5882,17-01-2022 00:00,201.07,pending,"56781 Smith Estate, West Karen, MO 40947",a28bba18-c8ba-4328-ba7a-d84b32003d77,19-01-2020 00:07,80.83,bank transfer,failed
315e1b78-9619-4bb1-83e5-31bef582f3b5,1993,06-03-2022 00:00,165.98,delivered,"058 Spencer Harbors, West Cindyfort, NM 93783",e04b1d24-1e02-4529-85d0-c3aa28cfb311,10-01-2021 00:10,415.02,bank transfer,failed
315e1b78-9619-4bb1-83e5-31bef582f3b5,1993,06-03-2022 00:00,165.98,delivered,"058 Spencer Harbors, West Cindyfort, NM 93783",193dbcb2-9105-43cf-a4ba-8259ecd6218d,30-01-2024 00:03,438.89,credit card,completed
867a45f6-a37d-43d2-9dab-4f2b6812f652,5739,09-01-2024 00:00,330,shipped,"USS Stanton, FPO AA 49426",21ddc946-6718-4656-8e02-3906c78ba07c,16-01-2020 00:03,470.07,credit card,failed
486bf976-29c5-4698-b35e-5035112375a9,5609,20-04-2022 00:00,32.29,delivered,"945 Benjamin Lights, New Jennifer, RI 18967",1b837bcb-48f4-471f-b82a-77f38d67b54e,24-01-2023 00:06,28.96,bank transfer,failed
486bf976-29c5-4698-b35e-5035112375a9,5609,20-04-2022 00:00,32.29,delivered,"945 Benjamin Lights, New Jennifer, RI 18967",c24477dd-1950-4bb9-8e3a-dd128dc2111c,29-01-2023 00:06,203.74,bank transfer,failed
9535d6b5-db29-4591-8771-065da260b41e,6215,29-02-2024 00:00,443.13,pending,"13267 Nash Forest Apt. 191, Port Kevinhaven, MH 39434",fca60e6e-42f0-461b-ba7c-9fb62cd39b0f,10-01-2020 00:12,308.48,paypal,completed
60266e22-d9d5-45e5-b989-3a824f2c7c4a,8417,18-10-2023 00:00,143.78,delivered,"12659 Parker Avenue, North David, IL 14511",55ab4bfa-a822-430e-8bc6-469761ab3075,19-01-2022 00:11,147.19,credit card,completed
5872ebd9-732d-4e34-8f0d-f404d210ff7e,5967,06-02-2023 00:00,406.12,shipped,"6427 Brittney Ford, Sototon, WY 80481",c141d8b2-d7b5-47a9-be9b-229ddfd030df,22-01-2022 00:12,209.8,credit card,failed
31e1b842-5883-4043-a60d-a5994a4e7ac6,2065,24-10-2022 00:00,72.44,delivered,"520 Jacob Spring Suite 591, Port Maryhaven, AZ 46230",9ff8e566-24b6-476a-8c0b-794366155f62,20-01-2023 00:01,293.93,paypal,completed
710bc2fe-4266-417f-8b20-4d657de5d7df,5494,16-07-2021 00:00,104.01,delivered,"776 Heather Ways Apt. 910, Alexanderfort, FM 13811",0639c2e2-497c-458d-93c2-fa67cc51d2f1,24-01-2023 00:06,162.17,paypal,pending
85f06f39-6536-472f-a583-5b336c37476e,9723,02-08-2021 00:00,229.94,shipped,"165 Smith Pines Apt. 418, Port Stephanieberg, LA 37769",44095d6a-5445-4f5b-bb8f-2ec8056d2bf8,20-01-2024 00:07,499.6,paypal,failed
9498e090-8200-487e-bea9-b84147269a4d,6477,22-03-2022 00:00,421.85,shipped,"837 Carolyn Plains, Rebeccashire, IN 99700",23cb82a1-3441-41c3-a625-f847c6bfd0d9,06-01-2023 00:11,184.69,paypal,pending
2ae2e48f-5c8f-43bc-8af0-9936443023b0,1891,18-11-2023 00:00,412.6,delivered,"72486 Michelle Corner, Ryanburgh, IN 07314",2104ead8-f0e6-4542-8240-5fb926be9f09,20-01-2025 00:02,220.62,paypal,failed
f242b598-cf43-42ad-825c-4609166f59ce,4878,08-05-2024 00:00,472.34,delivered,"94670 Joshua Club, New Paige, AL 33966",18b55fd4-f3e2-4af7-928b-82552269e982,24-01-2022 00:10,267.89,bank transfer,completed
11b0dd1a-0511-4e89-9754-ace4a1b7f9af,1894,01-09-2023 00:00,216.81,shipped,"587 Stevens Stravenue, Howardville, ID 75961",61d13888-1768-4b3c-b2a8-78c795e182af,06-01-2024 00:03,442.7,bank transfer,pending
fb6386ce-c12e-4f35-9bbd-83c1c955486c,4654,12-04-2024 00:00,349.68,pending,"9420 Andrea Glens Suite 766, South Mistyburgh, FM 75904",44aae173-914e-4769-a5a5-427d817cc52b,25-01-2021 00:11,174.99,paypal,pending
df5766a0-54c5-40aa-8221-8cef617a3650,7208,12-08-2023 00:00,330.89,shipped,"83978 Alexander Walk Apt. 898, Cervantesshire, PR 89684",5d6b0954-2e6d-412a-aa0e-8a93e0fbd098,03-01-2021 00:06,362.33,credit card,pending
df5766a0-54c5-40aa-8221-8cef617a3650,7208,12-08-2023 00:00,330.89,shipped,"83978 Alexander Walk Apt. 898, Cervantesshire, PR 89684",0d4d4e9c-72a2-4a12-bbe8-85063646b629,08-01-2024 00:07,19.8,bank transfer,failed
996da1ad-031b-483e-bcd7-4dca08d622fa,9106,23-11-2022 00:00,242.14,delivered,"PSC 4808, Box 8611, APO AE 48648",ad664df9-2ff3-4021-8db9-156307de6c00,01-01-2024 00:02,353.11,credit card,pending
5315437b-a837-4a49-844e-b5ce6a198f34,3942,25-03-2025 00:00,226.43,pending,"1974 Mora Mountain, Petersonburgh, PR 17416",57bfbb4a-822c-4545-af2d-23c7a2152337,21-01-2023 00:08,49.84,credit card,failed
a3f29b99-0b4b-459d-a6d6-0c27906d9bd5,5496,11-11-2022 00:00,103.41,delivered,"064 Cassidy Track, Nguyenport, AZ 20758",12cfeb0a-2009-415d-b987-adeeaa10b069,09-01-2021 00:04,200.63,bank transfer,failed
a97f5969-b649-4717-8233-09d514ca9fa5,5906,02-12-2023 00:00,148.1,pending,"30710 Rachel Manors, East Jamie, VT 77875",919ad553-b5ce-4fbf-914e-68acdc078f26,22-01-2022 00:10,406.43,paypal,pending
5be9ad54-0671-42da-8a5b-53b69b886ad8,7616,27-06-2022 00:00,473.45,delivered,"USCGC Jackson, FPO AA 35774",80d3502b-8e2a-4093-8a45-8b8b51e84193,23-01-2025 00:04,298.25,bank transfer,failed
a2e061a8-25bb-45b2-8dd5-389ad0008bb8,1194,14-05-2020 00:00,241.28,delivered,"807 Mary Springs, South Jessica, RI 87421",3175964e-a0dd-41cf-a872-033b4b1772b3,26-01-2020 00:06,466.18,bank transfer,failed
c502d652-57d8-43e4-98b1-68a3f3c1e736,6810,01-11-2022 00:00,176.51,pending,"3083 Gonzales Skyway Apt. 910, Lake Hannahchester, IA 35501",5c4e5236-807c-4088-9d71-1aee3da9d6ee,13-01-2021 00:06,244.93,credit card,pending
fcae2ab2-b98a-4154-b8e5-4b5a1afada2e,9808,15-07-2022 00:00,156.82,delivered,"68287 Cooper Mission, Jessicastad, DC 43998",9e6dff1c-1f66-4aa5-aea6-6d84b34a1c1f,23-01-2024 00:02,364.39,bank transfer,completed
53297578-e966-405e-a74a-bfad948354da,3337,13-08-2024 00:00,228.41,pending,"36359 Kathleen Union Apt. 420, New Raymond, DC 19429",0bf475d8-1396-451c-801a-9d5ee176d626,19-01-2023 00:04,326.53,bank transfer,pending
76239788-0e5d-49ac-9363-6dd86e702222,8079,20-07-2021 00:00,234.34,delivered,"773 Hayley Fields Apt. 146, New Ernest, HI 21553",81fb7b18-669f-4e28-8e98-899f4f207ae5,21-01-2020 00:12,371.82,bank transfer,completed
14cff51c-6608-4754-9e30-cdd7a041a1e6,4397,10-08-2021 00:00,257.97,pending,"4245 Tiffany Drives, South Lukebury, DC 53975",59e06341-7dd5-462c-8214-db183aae08bd,22-01-2021 00:06,473.99,paypal,pending
bc0dc0ee-fa82-49eb-9160-1a7395a14051,1618,26-11-2023 00:00,15.26,shipped,"8056 Dunlap Cove Apt. 874, North Joshuashire, CA 07663",a8e361e5-bcf4-47e2-bdaa-f850b0d2c7bd,16-01-2024 00:10,54.48,credit card,failed
e23c6d8e-4f0f-4ee2-9548-77507ab4d8ac,4276,14-06-2023 00:00,54.78,pending,"908 Bradley Road, West Brandon, VT 77904",cec36495-018e-40b9-a7e8-a2f654e3b479,24-01-2022 00:07,296.25,bank transfer,failed
46da89b6-f252-4ccb-a510-5dd57c3aa822,7045,28-06-2022 00:00,31.53,shipped,"18342 Alexander Heights Apt. 785, Port James, MO 95455",28cac7dd-5c0c-4231-abd8-a8c8cef468c5,29-01-2024 00:11,280.09,credit card,pending
6d2e3351-68c2-4e5f-86a9-19f0af5bb7ad,6314,13-02-2020 00:00,490.89,delivered,"048 Black Brooks, West Bryanbury, PW 31794",848e5a46-0105-47b5-b738-81722abdc340,02-01-2021 00:06,472.14,bank transfer,failed
4fa8c0c4-7af4-42a3-a20f-1285492a43a8,8354,26-01-2024 00:00,197.36,delivered,"329 Kim Station Apt. 482, Denisechester, ME 72023",26dd37a1-934b-49e2-bd6f-7245d6092a3b,28-01-2022 00:02,276.03,bank transfer,completed
38e0491e-b942-455f-9386-b14abb712e2f,2300,10-11-2024 00:00,39.36,pending,"2754 Craig Green Apt. 349, New Shane, RI 47428",72bcb304-11af-4df2-81ab-c9aac112dd03,24-01-2023 00:08,297.18,credit card,pending
73348742-dc06-4145-b1c4-9fd57444c94a,7156,17-03-2025 00:00,110.15,shipped,"87692 Brown Walks, New Amber, MH 95225",3c432be8-8a95-4931-993f-3bbcaa57fd0c,22-01-2020 00:09,469.72,bank transfer,failed
62b6ad59-ecc5-4f5f-9df1-e79575d249b1,4900,12-10-2020 00:00,462.47,delivered,"58344 Angel View Suite 385, Josephburgh, AS 37240",f716e557-11b0-4ca0-b35e-95db788aff1f,15-01-2020 00:07,267.39,credit card,failed
49f06d96-0b37-44db-ba2c-cd03d9f82614,9543,14-05-2022 00:00,167.6,pending,"0677 Hester Rest, Port Monica, IL 13240",feb66fc6-1e70-425b-afd7-1e0598798fec,23-01-2023 00:12,231.73,paypal,completed
c983c1c4-b854-45bc-a491-74b42a3fc0ac,1099,22-03-2024 00:00,41.66,pending,"3833 Preston Estates Suite 503, Johnburgh, GU 96546",53ca6e69-9ea0-4d8d-89b6-bc3ea29a3bb3,14-01-2022 00:06,85.95,paypal,completed
e8bd2e92-5824-4d59-bdb7-13eb594ccd87,5966,14-03-2025 00:00,149.82,pending,"40054 Meyer Common, North Lori, MH 36441",509f3c66-c130-4603-bc14-4296925a385a,14-01-2021 00:08,473.79,paypal,completed
00878dde-e1cd-4d7c-9d75-bc01497434e6,8231,10-01-2024 00:00,217.12,delivered,"609 Carter Rest, Michaelborough, SD 35464",ca5f31b0-a68b-4407-9e69-1c8f628e010a,28-01-2023 00:04,295.91,paypal,pending
c7c7038b-e8c6-420d-9e0f-f61ff0a7f3cb,8101,05-10-2024 00:00,382.56,pending,"09601 Gonzalez Flats, West Jeffreystad, NE 98152",47914d23-1e3e-41ca-af9a-cf3d14f1ff1c,16-01-2023 00:08,234.78,bank transfer,failed
d830ae9e-2756-4e1a-8a5f-a9c4f6296224,3660,15-06-2024 00:00,105.17,pending,"5184 Robbins Turnpike Suite 296, Johnmouth, DC 18553",7cd9e362-6e9c-4acf-a9f6-d13b60a8d4c2,26-01-2021 00:06,308.71,credit card,failed
12b82c27-8b76-419a-a80c-814b5c1519b9,6045,26-12-2021 00:00,369.63,delivered,"Unit 0017 Box 3141, DPO AE 62203",d60a2c97-ff20-43b3-b3a6-a09b75fd61fc,25-01-2023 00:08,293.01,credit card,completed
8395d73c-63ab-4954-ad52-f0671bff62ad,2456,30-11-2020 00:00,63.54,delivered,"29856 Vazquez Green, West Michaelburgh, MD 14211",784d6e0a-687a-4c27-bd80-e246a9b5cd37,28-01-2024 00:09,440.58,credit card,pending
97e644e7-74ff-4281-b624-d7521a47776f,6047,10-03-2022 00:00,13.15,shipped,"USCGC Jackson, FPO AE 07702",423eec06-0d77-4dd0-be93-060beb8aa905,21-01-2023 00:11,102.32,paypal,pending
f4155988-960d-4dc0-975e-702c7d1d6b76,2307,03-10-2021 00:00,153.63,pending,"37246 Ingram Valley Suite 048, Monicaland, OR 78248",0f6d8fe9-59ba-4cc7-89cb-0febaa8dc709,17-01-2023 00:12,442.05,credit card,failed
6e6b5e64-4f4e-4c0e-8be6-89f0cf33f1a5,8949,09-12-2022 00:00,339.67,shipped,"1765 Martin Skyway Suite 588, South Ryan, NM 77218",c213627b-1db5-4acc-abb8-1ceef8bf9a05,22-01-2024 00:09,398.47,credit card,failed
30ed6ac5-8289-4158-ab53-3d0be9cff83d,1749,17-05-2022 00:00,485.1,delivered,"3382 Turner Oval Suite 892, North Raymond, ND 17927",7df3e282-134a-4c80-a28d-6729beae5700,20-01-2021 00:04,15.42,paypal,pending
58930742-8275-47c3-a0ee-782bc61e1158,4987,11-10-2021 00:00,113.7,delivered,"76366 Wayne Court Apt. 716, Michellemouth, PA 99772",aa9e8752-f3c1-426c-8203-8b76c15466d9,06-01-2020 00:01,222.71,paypal,failed
e8dee5f4-d043-42e2-a5aa-2170137da994,8159,06-02-2021 00:00,406.14,shipped,"82413 David Underpass, South Dorothyview, TN 97406",0eb77c7c-d7a5-47cd-86c0-7374d0ac6ef7,26-01-2024 00:06,145.8,paypal,failed
b663d86c-60a8-4f8c-9bb1-ade81a1d201e,4586,03-11-2020 00:00,254.92,pending,"6899 David Expressway Suite 462, Port Jaredport, MN 76143",06c86c1e-ea43-4316-8719-c4b99699a34c,02-01-2022 00:07,52.3,bank transfer,completed
9ac96d5b-afd5-4c38-ad44-7f96de508af9,9110,26-11-2022 00:00,152.83,pending,"660 Robinson Squares Apt. 850, Curtisberg, WV 61408",31ce089c-9824-400b-b986-39d961f6c38d,09-01-2022 00:04,265.87,credit card,failed
72f0bcb0-779b-4513-8b64-f0d3560899f2,6298,06-07-2024 00:00,378.61,delivered,"582 Ford Circle Suite 992, South Carol, TN 14973",cd9275ba-08e0-4dee-98c8-95147a30b4d4,26-01-2023 00:03,27.45,paypal,failed
449061bd-25d0-4227-8060-fe7d711dd755,1149,04-07-2023 00:00,187.49,delivered,"97881 Gilmore Radial Suite 710, Teresamouth, RI 77991",95b79f30-2324-4bc9-abb0-b4b911fd9ff2,12-01-2024 00:08,12.48,paypal,pending
821e543f-3a11-4da9-9bbf-d752edc73a4d,2922,08-01-2021 00:00,98.53,delivered,"51129 Julie Ford Apt. 026, East Scott, MN 05358",553b17e0-5ca7-459b-a59e-57e01d4b922d,04-01-2023 00:04,214.3,paypal,pending
3d895f8a-2541-4271-8515-762bf5b9de2f,3948,15-01-2022 00:00,12.61,pending,"252 Barbara Islands Suite 654, Bennettland, NE 79394",e546823e-4b5d-4538-b75a-3e3f27c45702,20-01-2024 00:10,137.64,bank transfer,pending
612519cb-7b42-422e-92bb-a298c0be7eed,6149,28-06-2020 00:00,70.29,shipped,"65354 Marissa Ford, Mooreview, NE 56093",59c01cec-7007-4ac9-a584-52967f4b2530,09-01-2023 00:12,418.36,paypal,failed
25be0d33-d102-440d-8f66-48c5893a6912,5055,01-08-2021 00:00,47.99,shipped,"Unit 5458 Box 4465, DPO AA 61032",455c656a-fa09-45f1-b051-f6a218dda19e,11-01-2021 00:10,425.81,bank transfer,pending
02c30153-db01-4884-ad32-c1f887a2f8f0,1227,02-05-2023 00:00,311.98,delivered,"91727 Katrina Glen Apt. 628, Port Joannborough, LA 16424",ac773047-b7b5-4cf8-84d5-d4eebb3b94e7,23-01-2025 00:01,252.14,credit card,completed
f44588f7-8503-4de1-9e48-dcccd12678b7,1659,06-11-2024 00:00,75.5,pending,"235 Travis Views, South Amy, NM 31020",1a3263da-0408-494b-ae19-853b798a0ee6,09-01-2021 00:07,301.24,credit card,pending
fcd3f20c-e81a-4f85-97f1-7fd68118e639,6426,25-11-2023 00:00,451.49,shipped,"980 Mcmahon Glens, Johnsonborough, IL 38422",9c36d064-b63c-46e2-85b6-acc4c4113962,14-01-2021 00:07,414.92,paypal,completed
064b398a-515e-4767-91f3-0026a20da198,9222,23-10-2022 00:00,365.74,delivered,"866 Jason Prairie, Andrewbury, MN 62439",69335ea5-2ea2-4c3e-ab77-d3adf99f7872,30-01-2023 00:11,31.09,paypal,failed
9e11ec9b-2596-43e4-986f-3675b810eb29,1346,10-12-2024 00:00,71.8,pending,"580 Beth Valleys, Hamiltonshire, GA 91893",b713d4dd-bb01-4f73-ab3c-91d410b16c33,24-01-2020 00:12,304.58,paypal,pending
8627c694-5de2-45ea-a2ff-abf64e119dcb,9230,21-03-2021 00:00,309.44,shipped,"5287 Taylor Ports, North Kimberly, HI 72917",2b609389-375c-4c6a-8660-1f16dc66c779,09-01-2020 00:05,25.81,credit card,failed
7bf32da6-52ad-47af-a41d-dadc88668e54,6269,16-07-2024 00:00,113.87,pending,"8180 Gibson Station Suite 914, West Elizabethville, LA 36034",5415143c-288b-45fa-8b5e-18cfd32d4738,28-01-2020 00:02,389.13,paypal,completed
6dd3ef6b-bdaa-4edf-9d83-0bd77e5c6ee3,2616,13-05-2020 00:00,46.69,delivered,"95714 Garcia Prairie Suite 149, Markborough, ND 64246",1e4e1959-0537-484e-a2e9-486c609ab3bd,24-01-2023 00:12,459.97,paypal,completed
63e0b248-9bc9-4003-8eb3-77898ab9e113,4015,28-04-2021 00:00,11.76,delivered,"51734 Fisher Vista, Port Ryanside, VA 75737",e0102112-b0c8-4e44-a8c9-2ef33929acfc,02-01-2021 00:02,54.32,paypal,failed
63e0b248-9bc9-4003-8eb3-77898ab9e113,4015,28-04-2021 00:00,11.76,delivered,"51734 Fisher Vista, Port Ryanside, VA 75737",1b2908e5-7208-42a2-a1a1-a651b1c2bc10,13-01-2025 00:04,393.54,paypal,pending
d074e878-6931-45ee-afdc-bb6ebd1a4a21,7479,27-07-2023 00:00,86.26,shipped,"79708 Williams Rue, South Kathryn, PW 45797",da2d3b61-0711-4ab0-a237-358f3aa9017c,17-01-2023 00:09,114.56,credit card,completed
cf755dd0-dcac-41de-95cd-94adc71a66a6,3955,20-09-2020 00:00,327.31,shipped,"348 Hardy View Suite 993, Caitlinchester, MI 57927",5912d7b7-cc9c-4ee5-b44b-ff4bc3e9512b,29-01-2024 00:10,359.26,paypal,failed
8309d364-5353-4fd5-97fe-302f5b518d5a,5018,25-08-2022 00:00,232.96,delivered,"491 Garcia Brook, Davidfurt, ID 54687",2e5504f9-30f8-47df-bc8d-2e761397bab8,31-01-2022 00:08,248.83,credit card,completed
82693816-b1c0-4676-910d-25d9ea2b013a,3249,09-01-2025 00:00,366.11,shipped,"4672 Carlson Lodge Apt. 013, East David, RI 74024",ed3c7f2a-cc89-46a4-b865-772a61bf4011,02-01-2020 00:08,143.52,paypal,completed
e1cc2b91-47b0-42aa-93c7-f33f7e607e93,1716,17-05-2020 00:00,74.77,shipped,"185 Kyle Mount Suite 616, Port Jasonport, OR 43267",30f67939-20b5-4241-b44f-309f7a357e0a,06-01-2021 00:11,376.95,bank transfer,completed
b5f7be82-887a-4d37-8a89-0e46acfe0c28,2392,05-04-2020 00:00,109.14,pending,"238 Little Village, Jacquelineville, UT 90556",5657d192-5f1e-4178-a53e-18bb36a8c22d,13-01-2020 00:11,126.59,paypal,pending
084cdb5d-f065-49d2-9bc0-604e1859173a,5940,04-06-2021 00:00,316.13,pending,"098 Martinez Inlet, New Danielfurt, OK 52037",e2eb3eda-9ada-46f0-abdf-08a5f8fd56cc,30-01-2023 00:11,473.07,bank transfer,failed
1e396908-b6fc-436f-927f-082ce53949eb,3089,28-06-2021 00:00,99.12,pending,"532 Hannah Alley Apt. 339, North Annette, KY 01465",e0be095c-5d64-4276-9c41-fa44ae8c664e,28-01-2024 00:08,261.31,paypal,completed
5ffe5763-635b-4f13-87ca-2e0d11e3c1c4,7823,24-02-2025 00:00,83.36,shipped,"63465 Amanda Lodge, Kelseystad, IN 11759",bab308b4-a0d8-4d62-bcf3-a7f9e1c4c55e,20-01-2023 00:05,332.44,paypal,completed
b818e587-d2d9-4a48-83cd-d6b8697c034c,3843,24-08-2022 00:00,256.61,shipped,"8456 Thomas Rue Apt. 702, Robinfurt, PR 80474",bade47de-b108-4182-be51-52ebe12bd32d,01-01-2020 00:03,369.37,credit card,completed
69c9d67d-e9e1-4d08-b8e6-5d3ff4bce805,8443,19-07-2021 00:00,281.54,pending,"899 Thompson Grove Suite 463, East Jessicaview, WY 18823",5c5cbf82-4d24-49a5-9a74-e060100794ad,27-01-2021 00:05,225.34,credit card,failed
791807e6-8311-4b3e-bfb3-953091210ae2,4471,17-04-2022 00:00,206.2,shipped,"8432 Mcdonald Glens Suite 643, Port Bryanborough, DC 29110",9f57bc77-5d68-434e-b394-5a7b4b6ddac0,10-01-2022 00:12,94.67,paypal,completed
6279b705-97fe-41e4-bc6f-17c200eb5df8,7950,14-07-2022 00:00,105.42,shipped,"750 Travis Cliffs, South Kevin, DE 98267",df60709e-bb8a-4915-bfa0-621453f520ca,15-01-2021 00:04,359.09,paypal,completed
6279b705-97fe-41e4-bc6f-17c200eb5df8,7950,14-07-2022 00:00,105.42,shipped,"750 Travis Cliffs, South Kevin, DE 98267",ce332eb7-5306-4db7-98b0-b954c4a82ba0,29-01-2024 00:10,134.87,bank transfer,completed
5fcd499c-a615-40eb-925a-1df557a2097c,4471,03-04-2021 00:00,302.58,pending,"939 Reyes Trafficway, New Ashleytown, LA 56163",89f35d33-9ddf-4f08-b046-6ea53ca617e9,17-01-2020 00:02,57.91,credit card,pending
8058486a-7ce9-45c5-84c0-c6e5f7b03960,4192,08-08-2022 00:00,164.09,pending,"82322 Boone Shore Apt. 376, Lake Jessica, VI 27905",4909dd58-a279-4228-ae3c-762f310904da,19-01-2021 00:07,215.13,paypal,failed
0e64a4c6-c067-4309-a49b-3597fbcf13e7,9250,30-04-2023 00:00,59.49,shipped,"914 David Radial Suite 315, Cynthiahaven, AR 85500",98367ed4-9e2d-4dce-b180-5f29991b7be4,17-01-2021 00:01,121.84,bank transfer,pending
8eb5cda8-7263-4514-98de-d28dbb61289c,8096,12-01-2025 00:00,107.74,pending,"35315 Michael Expressway, Ballport, MI 91996",dbc71062-d59b-43bd-813b-2f3f3be45df6,05-01-2024 00:05,325.58,bank transfer,completed
991aa093-016b-4607-b21b-6e28cbebccd5,4015,08-02-2023 00:00,416.97,shipped,"411 Rodriguez Prairie Apt. 364, Wrightberg, UT 45578",c32313a3-fc9a-4e1f-b24e-9e29c1ddbe6d,13-01-2021 00:03,40.2,bank transfer,completed
8a5fa940-25f5-4fa0-adcb-480ac61c50d7,6703,25-11-2022 00:00,112.78,shipped,"519 Brown Ports Apt. 140, West Kevinport, ME 75404",501c9611-c958-4936-841f-d8963646714e,05-01-2022 00:07,383.23,paypal,completed
dbc8604e-697a-4ec4-aa15-b6c6a00cdec0,9247,17-04-2020 00:00,294.8,shipped,"420 Jessica Course Suite 310, North Cheyenneville, AK 89764",d7e2cef6-4c8c-4cf3-8d65-4e44a74fe9c2,13-01-2021 00:09,409.03,bank transfer,failed
564fe99a-63b1-4d1b-8b39-51995b11b137,4651,01-12-2022 00:00,390.67,delivered,"2278 Margaret Falls, East Matthewborough, HI 40805",392a9461-5071-4861-923f-9a20709e5cdf,13-01-2022 00:01,17.03,paypal,completed
97bde543-ebcb-46ae-9b1b-2c9f36689446,4668,21-04-2023 00:00,258.7,pending,"60713 Kristina Corner Suite 382, Powellport, TN 52478",5a37648f-0264-4171-881d-ee36b54c9c94,31-01-2021 00:01,170.56,paypal,pending
d7ab4786-ddb0-4b5c-9594-f7fe2697158b,8045,09-05-2024 00:00,128.5,pending,"5651 Watkins Mission Suite 301, Jordanborough, IA 71816",b78cfc49-0ce2-4664-8ce5-ef10cf1fafd6,26-01-2024 00:12,445.33,bank transfer,failed
7599a331-e804-40b6-bf66-96ed86b1d0e1,7604,19-04-2022 00:00,453.04,delivered,"370 Alvarez Isle Suite 440, Lake Christopher, NY 23502",01e612a2-f1d6-440a-a8e6-09fbd687e077,05-01-2022 00:08,417.98,credit card,failed
9f0659f6-743a-4080-93aa-3caa259447ee,3138,26-09-2020 00:00,491.87,delivered,"7416 Allen Mills Suite 667, Margaretborough, TX 58602",d8646da5-cda9-4421-a689-dab04755cc26,27-01-2022 00:06,219.57,paypal,completed
0ecb35a8-0ddd-47fe-a8b2-50a1eb6fa72b,5267,24-12-2022 00:00,333.04,pending,"Unit 7961 Box 9423, DPO AP 07905",28d2a4a4-4e8a-4b00-abad-1ab0528bcde5,12-01-2024 00:06,289.76,credit card,failed
3518bcc6-fbd5-469d-a3c1-3ee4961c9dbd,8144,30-01-2023 00:00,261.2,pending,"PSC 4867, Box 0769, APO AP 98776",5613f6af-53cc-46b7-a532-a388055c6995,16-01-2024 00:05,401.18,paypal,completed
db6130f7-87b7-4a57-a3d1-a9e0b481439a,7942,06-05-2022 00:00,302.2,pending,"0534 Sellers Isle Suite 409, Sparksbury, KS 91028",3ddebe31-e286-4fbf-a7da-8b706a24f458,02-01-2022 00:02,398.7,credit card,failed
681f63e5-a82c-4dc4-a0b3-ff4e8bd6e91c,5646,27-04-2024 00:00,304.88,delivered,"2544 Noble Road, East Erinmouth, OK 42076",20e3ebcd-098c-4554-9699-ba3950724bdf,01-01-2025 00:02,471.18,credit card,failed
23a4959b-a45b-4b8a-ab84-b3dc3238154e,4562,27-11-2022 00:00,60.43,pending,"7239 Alexander Oval Apt. 907, Patriciachester, ID 71735",64c3363a-8e9f-4dc8-819f-1e7ef14832c6,29-01-2023 00:05,343.8,bank transfer,pending
5421f0c4-2187-45a0-a94c-87966ea07746,7272,30-05-2023 00:00,125.85,shipped,"Unit 5457 Box 4770, DPO AA 05699",1feab81b-a6fd-4c92-8dba-e157e80962b7,19-01-2021 00:08,367.3,credit card,failed
ccd03ee0-9569-44e3-b461-eb9bb425cd9c,5670,09-10-2022 00:00,18.74,delivered,"588 Larry Turnpike Suite 643, Port Steven, MN 40894",ddda522b-ad03-437d-824d-a25c32596cad,13-01-2023 00:01,100.57,credit card,completed
866262fc-2450-4641-9165-b4ea41bf73b6,7126,03-07-2020 00:00,469.47,shipped,"15349 Bennett Cove, Mitchelltown, MP 99294",35d499e5-a66e-40c2-8253-ff43c929e016,28-01-2022 00:03,363.95,bank transfer,failed
91ccafba-5396-40cd-bb80-3f2334d71687,7218,18-03-2020 00:00,142.26,shipped,"762 Hutchinson Wells, West Matthew, ND 21160",0713cf08-b54b-4517-b478-c06e5b44111a,07-01-2021 00:05,95.74,bank transfer,failed
91ccafba-5396-40cd-bb80-3f2334d71687,7218,18-03-2020 00:00,142.26,shipped,"762 Hutchinson Wells, West Matthew, ND 21160",082dee08-7a55-46ed-aae6-221ae31d8450,10-01-2023 00:09,344.15,credit card,failed
6c0b2f92-4516-4dec-aa5b-1b120e3a80aa,2356,21-08-2020 00:00,182.97,shipped,"386 Nicholas Throughway Apt. 175, Jamesmouth, ID 83300",bdac4e83-d878-4f4d-9ecc-92800d001827,02-01-2020 00:04,300,bank transfer,pending
50da6e54-ca02-4e9d-a618-9305e529663f,4373,01-08-2021 00:00,350.53,shipped,"630 Flores Plain Suite 827, Esparzaport, AS 83003",d14fc3cc-854b-49f7-9014-713ee59b50c5,27-01-2020 00:06,308.34,credit card,pending
370798f8-a958-4ff9-91cf-5389ed14c72b,9412,21-06-2023 00:00,109.48,pending,"350 Turner Hill Suite 931, East Teresaberg, MI 38813",3120ceb6-cd2c-4c5e-bf24-8762669f5ae4,06-01-2025 00:01,123.32,paypal,pending
8b964baa-6b5e-4038-9225-c65c4944a1f8,2805,23-04-2022 00:00,127.88,pending,"79344 Bell Crossing Apt. 677, Danielleland, VA 01519",0332bd00-3936-40d1-952a-2cd53f18ba61,06-01-2021 00:10,451.26,paypal,failed
98029f45-c6ef-4b7b-9734-f6d86354eb54,9087,17-11-2021 00:00,264.12,shipped,"Unit 6749 Box 0753, DPO AA 13786",9a71a4d3-de15-429e-bd5a-2f0c136e58f1,14-01-2023 00:09,22.2,bank transfer,completed
226e17d2-2c8a-4208-81cd-d68e49665fd8,5361,23-03-2021 00:00,127,delivered,"PSC 4146, Box 7969, APO AP 97274",08d2a597-d341-4387-9937-9baed7df16e5,17-01-2022 00:07,221.94,bank transfer,failed
5fcd1b43-a34f-4deb-a0b6-119a242befc5,5718,27-01-2023 00:00,369.6,shipped,"985 Meghan Orchard Suite 261, Davidmouth, ME 04229",b6ff1332-baf8-4832-8b3d-ad52ee187e6f,30-01-2023 00:10,260.8,paypal,failed
c64d08a8-4eaf-4bfa-9940-c229e01b2762,2137,22-05-2022 00:00,91.66,pending,"4064 Julie Pines, East Melissa, OK 66148",042bd1d8-c2b5-4d14-b3e0-f3faa4b18dd3,05-01-2022 00:04,176.05,credit card,pending
74ba780d-8c5d-4839-b389-b638da75d12a,5871,26-03-2025 00:00,287.67,delivered,"4353 Rodriguez Courts, Phillipton, NM 08371",5516ab29-3566-4336-9cc3-6ed6bc72ef49,23-01-2023 00:06,496.73,bank transfer,pending
77cef2ce-0d4d-47ce-9b61-b85d2acfa02c,6858,22-04-2023 00:00,239.51,pending,"2154 Janet Mall Apt. 671, South Jessica, AR 12273",7b26920b-3b8d-4abd-97b5-19a080eb73d7,07-01-2020 00:05,347.22,bank transfer,completed
0a9e7199-f91b-4013-9dcb-227f2aa2a8ed,9369,04-01-2025 00:00,372.29,shipped,"00364 Jeff Expressway, East Matthew, HI 18983",7ca2b432-3590-4b8d-96e8-1bc7d5b70863,11-01-2021 00:04,416.06,paypal,completed
a068aa02-b622-44fc-a89a-86159f311313,3535,24-10-2023 00:00,157.44,pending,"9509 Rick Pass Suite 572, Lake Elizabethborough, VT 13520",e0dce5c1-f267-48a0-8d42-6d5de6bc3a73,10-01-2023 00:09,441.23,bank transfer,pending
ce91d646-66fb-4bfe-9c88-77f134fbb91d,4288,16-03-2022 00:00,66.21,shipped,"923 Jones Green, Bethfort, CT 86597",27ad9673-ce63-4360-bb52-da72d9ccec09,28-01-2021 00:06,395.94,credit card,failed
ffa08c4d-d425-44ca-851d-24e8d9f5776c,5913,23-03-2022 00:00,208.23,shipped,"410 Cannon Ford Apt. 008, Diazfurt, HI 91767",b5fd4917-7c9f-4e09-84da-ae20ada3e85d,10-01-2024 00:02,456.87,credit card,completed
634f95e3-b831-429d-840c-8d27fd8ea06d,4943,21-02-2023 00:00,93.68,delivered,"70450 Deborah Passage, Bonillafort, GA 81689",c8881250-3124-4196-8411-36d875f2831a,02-01-2023 00:01,280.76,bank transfer,failed
0f2c35bc-fa32-4f8a-bfd9-09290a66d1e9,3955,05-05-2021 00:00,292.26,delivered,"695 Patrick Walks Suite 913, Tammyhaven, TX 99064",c80f4be1-1a95-4d75-af70-39b89d0963c5,28-01-2024 00:07,139.69,credit card,completed
d77265a8-3da9-4345-9afa-5697beb09dcd,3607,20-07-2023 00:00,123.54,delivered,"82612 Davenport Prairie, Westshire, PA 38062",4468b624-7790-4245-bfe6-1805d188fc11,30-01-2021 00:04,68.31,paypal,completed
91e89511-9657-4f42-818b-4f4b48ecb5ae,2194,29-01-2023 00:00,226.35,pending,"98158 Frank Landing Suite 021, South Amyfurt, MO 87579",8740444b-d94c-46cb-a0ba-2b6a1d466c6d,13-01-2023 00:05,470.62,paypal,failed
55e1a932-b0f5-4ffc-a990-c81f74bad79b,2704,07-04-2025 00:00,27.44,delivered,"07313 Thomas Plains, Velasquezhaven, NV 60966",42ad6d56-dbf8-4e2b-99d5-ed0d23dfa27f,26-01-2022 00:02,392.16,bank transfer,completed
5acef9cb-b023-4e43-a9b8-1278cedf4a6c,5094,20-04-2022 00:00,408.18,shipped,"544 Robert Path Suite 253, New Jacob, OR 30937",73bc37a1-d0b7-487a-9925-ab82302270bc,30-01-2021 00:12,266.71,credit card,pending
7b1e527c-0d34-4873-9a8d-9480a573c7b0,7517,10-03-2020 00:00,244.56,shipped,"741 Walker Expressway Suite 563, South Rickey, PR 87479",172a0b5d-d682-4563-9dcf-9ca645493880,10-01-2022 00:03,164.73,paypal,failed
91386115-68e3-4488-8782-54bbe296f57e,8966,20-01-2025 00:00,147.09,shipped,"PSC 2619, Box 3581, APO AA 13769",3ba23f1c-65aa-422a-a19f-3486babb029b,20-01-2022 00:06,227.17,credit card,failed
4cb12c10-a817-4b9c-b104-a2e52be7575b,1978,06-04-2020 00:00,146.76,delivered,"337 Lyons Ports Apt. 155, New Amychester, ID 75580",d4324396-4a1b-422c-8ce9-bce0ffed15cb,03-01-2025 00:04,182.93,bank transfer,failed
42a4259c-1bb0-4308-8f8c-0367720b6a71,7290,22-10-2021 00:00,252.73,pending,"0529 Cooper Orchard Apt. 476, New Angelafurt, OH 31357",b8fe04df-125d-451d-9cde-460529165074,12-01-2024 00:10,257.01,bank transfer,failed
2c1c9726-148a-4fe5-82fd-15febf7bf6b7,4370,29-08-2020 00:00,195.87,delivered,"33693 Stephens Hills Apt. 211, West Michaelshire, NC 05899",c169caa1-033c-485c-a1a1-fb2a5608be07,04-01-2023 00:03,227.44,paypal,pending
d0cc94f0-c4cc-4a1b-afb4-6a694cc7cac2,9893,30-12-2021 00:00,154.95,delivered,"59578 Phillips Creek Apt. 284, Gregfort, WA 23493",95c264e3-0473-40c3-bb49-7b7687814d3e,22-01-2020 00:07,426.57,bank transfer,completed
113a2ffe-51bb-43b0-91f0-72c00dacf06b,6926,16-01-2024 00:00,141.69,pending,"263 Shannon Ranch, Christopherstad, SD 45610",3f480495-c952-47bd-8fe1-f0c1496b834b,09-01-2024 00:03,480.49,paypal,completed
8a1f4424-448a-4ea9-8e10-ba7750a81b6c,8867,29-05-2021 00:00,322.49,delivered,"7031 Morales Shoals Apt. 013, West Terry, PR 63534",fcf42352-140b-4db5-9701-82f1b57ed1ff,30-01-2023 00:06,125.61,bank transfer,pending
69dad2ee-306f-4f07-bbb7-087d556043eb,5252,24-09-2021 00:00,435.84,shipped,"942 Kimberly Wells, Hodgesfurt, UT 14527",8fafccb4-7be0-430a-bc0d-a6f8cbe7d794,31-01-2025 00:03,223.26,bank transfer,pending
d09ce9b3-60a5-414c-9ce7-1ce1de8b25ae,5638,22-11-2020 00:00,80.11,pending,"4310 Christine Forge, North Andrew, IL 53449",b5cdfa64-308e-42a5-b11a-b89ff647817d,12-01-2021 00:03,461.75,bank transfer,completed
149a8c91-aef6-41bf-9e4e-9a7958b31e8e,9326,28-12-2024 00:00,393.9,delivered,"2168 Harrison Street, East Brandonborough, CA 41396",ebb76946-9aed-43d2-89f5-506605b35d40,21-01-2021 00:08,476.56,credit card,failed
1cc8d14b-81f5-4fc7-a81c-f7836e6bac09,1534,26-09-2023 00:00,331.96,shipped,"172 Moody Trace Suite 273, New Michelleshire, NM 05361",7fef23db-45fd-4d7f-9963-2bd39c775333,24-01-2020 00:02,303.17,paypal,completed
1cc8d14b-81f5-4fc7-a81c-f7836e6bac09,1534,26-09-2023 00:00,331.96,shipped,"172 Moody Trace Suite 273, New Michelleshire, NM 05361",9b6dff64-9607-4ec8-8795-f342bf5efe1d,05-01-2020 00:06,12.47,paypal,failed
91c228ca-33bf-457a-b8e1-9b1d68a3d1ec,2765,21-12-2020 00:00,497.13,shipped,"129 Phillips Haven Apt. 771, Cassandraville, RI 98677",8d709abd-d06e-40d7-87b6-eca7584eabd6,27-01-2020 00:05,370.79,paypal,completed
716321a0-e73e-4cbf-b6af-60aaaf599088,6150,08-07-2022 00:00,58.74,pending,"Unit 2534 Box 6115, DPO AA 82545",26e23eb9-15b0-4fe3-a2f0-a435125bd380,21-01-2023 00:09,170.23,bank transfer,pending
6359649f-cba7-4eac-89e5-3053327b363b,5565,22-04-2022 00:00,79.09,shipped,"24113 Miller Wells Apt. 268, Port Lynn, MN 71218",9d67130e-5968-4fb7-82bc-d64f52af76fb,19-01-2021 00:06,315.45,credit card,failed
0a632ed9-cdda-407d-b6ac-0d1b15cb86ce,8281,18-02-2025 00:00,445.55,pending,"9354 Jennifer Stravenue, Harrismouth, MT 93756",3dab2115-9a9e-480a-a1cd-a611be563a45,01-01-2024 00:11,100.24,paypal,pending
047a2046-a24e-4cc6-89d8-05dd738afa46,4205,28-04-2022 00:00,139.99,shipped,"27195 Richard Orchard, New Robertton, TN 77183",fb50ef3a-9737-4736-a4f4-914135ffc6c1,29-01-2024 00:07,327.02,credit card,failed
31033a4a-f254-454f-ac9b-c9173a5e9316,9039,17-04-2022 00:00,283.29,shipped,"1450 Angela Points Suite 850, Port Steven, WV 93987",f1decb37-1f0f-4c52-8aaa-d89118f61eba,22-01-2020 00:04,412.51,paypal,completed
e177127e-5983-48ba-9082-1c5f981f5f82,6567,04-05-2024 00:00,321.77,shipped,"USNV Lin, FPO AE 98324",5beeb3a0-15b2-4108-a565-1fd0d01988e3,10-01-2024 00:02,330.01,bank transfer,completed
acfd7bdd-96fe-4743-bcf1-26f0f242c940,7212,20-04-2022 00:00,54.22,delivered,"868 Logan Harbors, Sanfordmouth, LA 44132",c015957a-cdbd-4d69-951e-026878345009,22-01-2020 00:03,173.99,bank transfer,completed
69bf221a-2826-45aa-b1dc-555bf12f3236,2039,22-08-2023 00:00,330.92,delivered,"4237 Brianna Ramp Suite 704, West Marilynmouth, PW 71347",3f9d02ab-7cd6-4847-9c6b-418f96e5fa51,11-01-2024 00:09,164.26,bank transfer,completed
5e23fc87-1322-4b90-b68b-5c4d7b36af81,7565,17-01-2023 00:00,74.28,delivered,"5079 Gregory Way Apt. 082, Port Nicole, KY 89814",de63881d-e820-4af6-a28f-2361e893e5a1,14-01-2024 00:03,144.46,bank transfer,completed
c43ae1ca-2f6c-49db-ae34-a7f2a24ee9e8,1383,16-03-2025 00:00,158.06,pending,"64562 Crystal Ridges, Lake Gregory, NM 25465",dea0ce0a-5777-41c2-831a-d12051e39842,16-01-2021 00:11,267.72,credit card,completed
1bc799c0-88b6-4865-9eec-7487c64a34fe,2524,30-03-2024 00:00,118.9,pending,"9707 Allen Point, Delacruzhaven, NJ 72734",e5141c24-d499-490d-8367-0067addcb594,01-01-2023 00:05,328.8,paypal,completed
53892434-3529-461a-a4db-5f0a7ceb8b9a,1407,07-12-2021 00:00,204.7,shipped,"44058 Kim Street, Christianfort, WA 34194",40638ca7-d5ea-4349-8fe3-1d3a422ad563,19-01-2023 00:11,480.52,bank transfer,failed
95d773cd-57fb-47f9-a987-66cd4076bd51,3315,28-01-2022 00:00,207.57,pending,"00433 Carpenter Well Apt. 156, Alexanderstad, MP 99690",c113d9b3-5422-4b9e-9208-51104d749421,28-01-2021 00:10,164.37,paypal,failed
ede9c66d-77f9-45a2-be18-e17d86aa729a,6266,02-01-2025 00:00,347.61,delivered,"676 Michael Haven Suite 035, South Emilystad, PW 41047",a6c91383-9c12-48fc-8483-1d261b82e758,08-01-2020 00:08,492.82,paypal,completed
e43670a4-96ce-4986-9549-6689baa0207f,2269,18-07-2022 00:00,194.09,shipped,"80703 Kaitlyn Keys, Duranfort, AL 45089",834353df-5591-47d9-898e-2f7e31e8ac43,21-01-2020 00:03,149.28,credit card,failed
6d997122-5c42-4240-ae6c-fe1c78c209c4,8679,07-05-2023 00:00,301.28,shipped,"438 Michael Haven, Wilkinsonshire, SD 95905",9d0b7674-e343-4da4-bfcc-ba738e1f4d30,20-01-2022 00:07,191.62,paypal,failed
3db40f59-27a3-4af3-9faa-714c15ecc4b2,2687,06-08-2023 00:00,368.02,pending,"56632 Strong Vista, Rodneyton, HI 45081",f5eef014-095f-484a-9a87-2bf308434289,20-01-2020 00:10,105.55,bank transfer,completed
ddeefe51-53ce-4f34-9181-cda0efbb8dd9,4944,01-04-2023 00:00,284.47,pending,"57864 Dawson Views, New Sierra, CO 22485",367bdec9-a445-4351-8f45-fc3cf67e4a3d,31-01-2022 00:10,93.96,bank transfer,completed
109ad3d0-4633-4245-b152-a23a8b21d279,7316,25-01-2020 00:00,356.06,pending,"USNS Leonard, FPO AP 59136",7d18b1f6-c8fd-4355-8555-c1042fba6897,16-01-2023 00:03,313.42,paypal,pending
109ad3d0-4633-4245-b152-a23a8b21d279,7316,25-01-2020 00:00,356.06,pending,"USNS Leonard, FPO AP 59136",07d97b26-4805-4b79-9280-47907c08bb3a,19-01-2024 00:03,454.35,paypal,failed
fad47d63-1cc8-4f7f-9584-6276bba963ad,2970,15-07-2022 00:00,283.37,pending,"10004 Mann Cliff Suite 065, Blackshire, AZ 07719",b53cb99b-1345-4097-ae4b-cbd2792ef02b,22-01-2021 00:08,233.33,paypal,completed
fad47d63-1cc8-4f7f-9584-6276bba963ad,2970,15-07-2022 00:00,283.37,pending,"10004 Mann Cliff Suite 065, Blackshire, AZ 07719",43a2c1c7-9089-4a96-a095-ce1e83cfa81b,19-01-2024 00:04,370.66,credit card,pending
3aa6bfd9-3670-4296-9908-cdcdc7609e6b,1174,17-04-2025 00:00,105.96,pending,"19688 Lee Ramp, East Jodyhaven, HI 88788",c724a8df-fe66-4043-9181-15f3aaf99ff1,16-01-2022 00:04,385.43,paypal,pending
c4dbbcd4-da01-46b0-8fa4-1f73c5dbd98a,8446,16-04-2024 00:00,250.25,pending,"029 Pruitt Pass Suite 389, Johnsonchester, TN 34576",8bd3cec8-ac63-41a0-8820-2915867cabed,04-01-2021 00:10,184.34,paypal,failed
798f119d-9076-469c-a44a-c7053be68fb3,6185,20-09-2022 00:00,449.89,shipped,"9280 Charles Coves Apt. 265, Lake Kristenmouth, HI 76727",5dea832c-ae1c-44c1-9044-5f0c02e644ea,07-01-2023 00:02,456.82,paypal,pending
f3cd91cc-0843-488d-bd42-90a0e0e4c824,6683,01-03-2024 00:00,326.54,delivered,"6061 Jones Knoll, Haleymouth, MI 71389",33acc475-338a-43db-9074-cb26ce96ade4,17-01-2023 00:12,132.42,bank transfer,pending
cf26b7ab-e47f-4149-9bc1-944ffdcbf26a,4869,28-02-2023 00:00,430.3,pending,"97372 Hart Estates Apt. 348, East Todd, MI 49248",38f6c50c-ae76-4d76-a249-64e20f890487,16-01-2021 00:07,363.2,bank transfer,pending
19bc0d52-b458-44bc-9ee7-76be8bf68964,7456,19-01-2024 00:00,352.4,pending,"411 Scott View, North Sarah, SC 86366",dd892ffa-d00a-444b-8dae-f5cc16dca081,14-01-2021 00:05,324.16,paypal,completed
583cf300-0906-48eb-9571-cbcc8bd4b52a,7165,05-09-2020 00:00,417.36,delivered,"82260 Ryan Roads Suite 630, Smithchester, AS 37701",f3cc8a23-42a7-4fec-9229-6d32ff09f749,14-01-2025 00:04,442.07,bank transfer,failed
a1d82787-1961-4d53-8f53-4f51ea0b54b0,1440,22-03-2023 00:00,118.63,delivered,"9782 Richards Center Apt. 047, East Jacobchester, AZ 97869",ca28ede4-80fa-435c-bfc0-efc5b779197b,15-01-2020 00:08,118.15,bank transfer,pending
92163ba8-d110-4fe7-b845-b25d4e072f2a,4769,11-03-2023 00:00,77.66,shipped,"704 Holly Prairie Suite 766, North Teresa, AR 79594",02a7aec1-9243-4236-908d-2f63c193a93e,16-01-2021 00:06,109.54,credit card,pending
92163ba8-d110-4fe7-b845-b25d4e072f2a,4769,11-03-2023 00:00,77.66,shipped,"704 Holly Prairie Suite 766, North Teresa, AR 79594",320619da-8401-428c-9cf2-860e3492c8d5,03-01-2025 00:01,460.41,paypal,pending
eb000d03-cefc-4657-b458-6029d68746ac,6096,18-01-2020 00:00,199.54,pending,"Unit 6168 Box 7630, DPO AA 26728",819105c8-f21c-46a3-acc9-03fa945d7e82,11-01-2021 00:06,461.24,credit card,failed
5a3f123a-80d0-4265-a1d7-7ae84812393a,5615,24-04-2022 00:00,29.52,pending,"0790 Mosley Row Suite 005, Brittanybury, WA 08996",91b77e20-872d-43ba-9ee6-e4fef8596099,02-01-2023 00:11,139.06,paypal,completed
635b7fa0-53ac-4962-9cc0-402baa038b25,7050,27-12-2022 00:00,133.64,pending,"55574 Christine Green, Wendyton, NC 83552",62a33a7c-6d41-40c2-98d1-1d6261b715f8,19-01-2021 00:07,100.43,credit card,completed
879f1b8e-fb6f-4a96-ae1b-9b90a679ec8e,5852,26-01-2025 00:00,385.75,shipped,"36340 Jenna Light Apt. 693, East Sarahborough, IA 50005",08c1c798-e2e9-4548-a8a9-7d6a9a0b0751,03-01-2023 00:03,199.63,credit card,pending
273b8e80-c6e9-487b-affc-5f15efade840,3871,12-03-2022 00:00,51.18,shipped,"51628 Gregory Coves, Haroldberg, GU 69427",f7ccc447-dae8-445f-976b-253e22302515,28-01-2021 00:10,366.46,bank transfer,pending
4e973fb6-e4f2-456e-b3a6-c7845873d941,3065,25-11-2024 00:00,366.13,delivered,"6978 Mercado Fords Suite 819, Rachelside, AK 84565",5dfb5ccb-272d-4a5b-a0c3-ba58c8b46a8b,16-01-2022 00:08,60.37,paypal,completed
79a0ff3d-60bb-4374-b0b4-dfadd3a4f56a,2298,15-05-2022 00:00,420.06,pending,"3161 Amber Ramp Apt. 421, Barbarashire, IA 07257",5c8e0e8a-df34-4ec9-bf9a-00e6c2fb3fdc,07-01-2024 00:05,103.26,paypal,pending
f287f428-bbce-4953-aecb-3c88170663f7,9422,28-09-2024 00:00,274.19,shipped,"2903 Jones Forks Suite 517, Villegasbury, SD 63084",3914e630-3fda-4f53-a3af-5ba4bc840543,11-01-2020 00:11,356.33,bank transfer,pending
9373835f-37c2-419a-a531-b1cea1ff2220,5535,08-11-2024 00:00,255.77,shipped,"3546 Christine Lights Apt. 300, Port Scott, MO 26276",2920fc45-8cc0-41f1-8047-6bac4165e34e,09-01-2022 00:12,281.59,credit card,failed
76749652-d419-41c3-b563-2ff38a8515fc,4393,11-07-2022 00:00,19.17,pending,"8912 Bailey River, Lake Richardborough, WY 80321",1af19b08-5eda-45d4-a634-0a98928e3d73,10-01-2021 00:08,439.1,credit card,pending
66555a5c-ccaf-4bf4-a2e1-4ee29b49af3d,2044,31-07-2023 00:00,309.58,delivered,"401 Serrano Views, Claireville, OK 23429",1af6d4d9-24ab-4624-965b-452bfaee061a,28-01-2021 00:04,265.48,credit card,pending
a812c44d-9645-4ffb-b0bc-9e6402028bee,1484,24-06-2020 00:00,86.39,delivered,"1979 Buchanan Ranch Suite 816, South Noah, CT 99813",0102a1dd-3382-4a5e-9f59-5d20eeda2143,22-01-2024 00:05,36.13,credit card,pending
388a7158-c7c6-419b-89d8-dbe85856180f,3157,14-12-2022 00:00,195.43,shipped,"598 Jason Port, New Travisshire, IL 55519",2368a5ad-c0d5-4c7e-92bf-056853b9ca79,06-01-2022 00:12,361.09,paypal,pending
a941bf57-a9df-41eb-8b63-6fb7d1119e70,2812,16-02-2023 00:00,289.67,shipped,"277 Gray Keys, New Ashley, OH 92624",1ae26620-99a6-43b1-9fec-fb0845ba1d51,10-01-2023 00:09,8.48,credit card,failed
06e99d47-c622-42af-8459-ccd3d9ca0372,1475,13-11-2022 00:00,313.25,shipped,"90408 William Lodge, Lake Jessica, WV 94140",2273e474-b6a2-437f-8206-37247d341448,21-01-2025 00:01,349.12,credit card,pending
e78ebb98-b260-4fa8-a8e1-c9c2c1e7df0b,5095,07-04-2023 00:00,91.56,delivered,"1111 Anthony Knolls Apt. 261, Mikeview, VA 20329",e0335d4c-b394-4e2c-82ac-cde694dd3771,27-01-2021 00:06,322.27,paypal,failed
31bdba5a-b9ed-4473-bbad-e7521c0f05f2,7378,02-09-2022 00:00,280.51,shipped,"641 Todd Via Apt. 122, North Kevin, OH 70392",c722be69-9bb4-45ec-80a1-1c1a36741fe6,24-01-2021 00:01,48.46,credit card,pending
2d33012c-fc35-49c4-8fb6-5d705607d7c2,5771,07-02-2024 00:00,160.26,delivered,"USNS Cruz, FPO AA 75606",d12d10a9-3181-4ca5-85da-20432cbf9fb9,22-01-2022 00:03,391.65,credit card,failed
ec0e755b-6701-4ffe-a7b7-46c0fa0b555c,3106,21-09-2022 00:00,81.8,pending,"48599 Nicole Park Suite 878, Harriston, MI 31021",4b0223b6-7a8d-49ba-bbc6-d88dec6eadfe,03-01-2024 00:08,5.98,credit card,failed
dcd62f9a-ef91-4f5b-bb01-4fffc98d1d77,5963,11-04-2025 00:00,82.7,shipped,"39497 Sandy Forges, Brandonberg, MS 18952",3fa470ac-8525-4e57-85fa-4f561e13ea2c,24-01-2022 00:02,92.19,paypal,pending
b244ddf1-947e-460d-80bf-2aeed4134740,8897,10-04-2024 00:00,95.94,pending,"951 Christopher Crossing Suite 296, Brighttown, NV 33648",42ad2446-31c4-4f12-beb4-21e4480e3b42,18-01-2022 00:03,161.21,bank transfer,failed
1da54185-ab5f-4513-8e27-db3781e914fe,9172,08-03-2020 00:00,235.07,delivered,"205 Lucas Well Apt. 839, Port Donna, MT 32236",031d9115-b559-43df-9a6c-fe2a503cf8b9,25-01-2023 00:08,296.95,paypal,failed
1fb478ea-4e39-4a7a-8cba-ef3f4e9d979d,8819,15-04-2024 00:00,237.49,delivered,"3810 Donna Viaduct, Allenborough, UT 82460",f35a3b66-dfe3-4df0-a42b-584b8809bb7d,27-01-2022 00:01,235.15,bank transfer,pending
b881af62-c47b-4f80-ac37-fb342c325616,8485,06-02-2020 00:00,385.85,shipped,"970 Ramos Junction, Kennethport, MH 05445",95c29c5d-5ff1-4f92-9b98-9967572cd7be,09-01-2021 00:07,365.62,credit card,failed
44fade40-c415-45c2-8002-6c916e5bd81f,4267,27-04-2021 00:00,400.76,delivered,"022 David Divide, Lake Julie, MH 86567",528bc28f-28df-4659-9f61-43539bf6994b,29-01-2023 00:04,212.5,bank transfer,pending
4f4ce89c-4465-4ebd-87af-e949a4ed51ef,9240,17-01-2020 00:00,225.65,pending,"889 Pope Springs, Lake Jo, AK 08089",241cfaed-3a4c-43a5-bd15-c51b1c8ba915,21-01-2020 00:05,408.76,credit card,pending
66bd8190-67fc-4ffe-b0fe-4d1e12b9f434,6332,15-07-2023 00:00,364.2,delivered,"4217 Marquez Well, Martinburgh, NY 94835",f457fdf6-0b4d-4b98-a542-5a41f398f7c0,17-01-2020 00:12,358.92,paypal,pending
8e6a7ddf-a36c-4461-afec-ae5c4ae597c6,8979,09-02-2024 00:00,132.42,delivered,"04102 Jeffrey Lights Apt. 864, North Philipberg, NM 62300",f029bea7-268b-4de6-aece-52507ac19cb6,20-01-2023 00:07,179.38,bank transfer,completed
9b960444-27d6-4638-abf1-5730bd110c6c,7730,22-01-2025 00:00,219.39,pending,"PSC 7611, Box 5584, APO AP 87963",f951ecd6-a3dd-4bd5-a12b-bb638582f09f,04-01-2022 00:11,482.91,paypal,completed
0d06ee71-98f8-401a-a513-cc06a803b1c0,4377,20-05-2024 00:00,161.16,shipped,"184 Dana Hills, Carolineton, IA 89035",aef9f055-9e88-4688-a19e-5cfc21c82c33,12-01-2020 00:08,13.79,credit card,failed
c000c6b3-eaac-4b89-9a0c-9c0597738c49,4421,08-09-2022 00:00,108.83,shipped,"799 Sanchez Station, Dennistown, MA 54342",364d712e-c4b3-4c37-b603-1d5644cc6f7e,27-01-2022 00:04,452.89,paypal,pending
3458ba1a-b13f-4ad1-841b-866632c572de,7234,30-06-2023 00:00,299.21,shipped,"850 Jones Cliff Apt. 121, Frostside, TN 95198",f4e7ef47-7efb-4a90-9bc2-9349daaf7ef9,24-01-2022 00:02,41.55,paypal,failed
5d06c086-1e17-4417-b62b-04df8dddb6f0,2971,26-07-2021 00:00,470.94,delivered,"USNV Santos, FPO AE 48133",19b2c85b-650f-4c47-a3e4-4fc454439878,23-01-2022 00:05,104.3,bank transfer,completed
5d06c086-1e17-4417-b62b-04df8dddb6f0,2971,26-07-2021 00:00,470.94,delivered,"USNV Santos, FPO AE 48133",86f2754b-1628-416c-a435-9cf7b87bb835,19-01-2020 00:02,8.14,bank transfer,failed
0f37790d-08c2-4d07-bf87-9a8171cd171a,9497,17-04-2022 00:00,86.32,delivered,"61691 Zavala Glens, Lake Jeanette, KY 45748",fb8a55b9-2dce-4170-94ef-a43a0d27fe18,05-01-2022 00:10,121.19,bank transfer,completed
3b31fcb8-556c-4674-a6c8-163ac7635f41,6014,07-05-2022 00:00,207.79,pending,"875 Jacqueline Camp Suite 328, Michaelside, NY 88847",09d23a6f-a7e4-4870-95ff-de010d80b855,08-01-2020 00:12,234.01,bank transfer,completed
4fcca96a-170a-4b66-8b07-a6cb448d69f5,1560,23-11-2022 00:00,370.13,shipped,"82311 Lamb Parks, Powersmouth, MD 87851",3ee26cee-5292-4108-bf59-4c80cd4dca4b,30-01-2024 00:03,131.81,credit card,completed
d21557e5-264a-4213-8dd9-c21f23fcb351,3157,26-05-2024 00:00,170.69,pending,"USCGC Burns, FPO AE 71046",ae98ce2d-09c5-4151-9cc5-7f2486a1af64,29-01-2021 00:08,115.58,bank transfer,pending
495380b3-2865-45c3-9f69-66cabbbc1367,8206,11-04-2025 00:00,67.73,pending,"996 Mata Islands Apt. 660, Port Sandrafurt, MI 44639",76749153-9857-4f14-b5f8-e2011f604ecc,10-01-2021 00:01,145.74,paypal,failed
4c4ea8ae-e04c-4cbe-8703-6a353877a0a7,4192,03-02-2025 00:00,79.44,delivered,"USS Villanueva, FPO AE 52286",8e807df7-4bd9-494b-89c4-12630bc49cfe,15-01-2024 00:01,69.61,paypal,pending
78a5ec0a-e6ab-4d48-92a7-dc231956fc50,6941,27-03-2025 00:00,274.33,delivered,"6789 Welch Harbor Suite 981, Brownton, IN 21595",199cda50-32ca-4a4c-9890-c6f0e2416f6d,08-01-2022 00:02,299.94,credit card,completed
5576a343-7189-418e-addc-38f51ed31b04,9697,01-10-2024 00:00,91.71,shipped,"2213 Doyle Forge Apt. 133, North Deborahport, VA 22209",5f88fd30-425d-432d-b5ba-b0afa7c3144d,19-01-2020 00:04,272.27,paypal,pending
16e4db5c-7061-400f-be58-0ee38087461b,7947,12-01-2022 00:00,430.56,pending,"2739 Mckee Oval, Andrealand, IN 76278",9b13b81f-1d25-44d2-984f-6530869a317f,17-01-2020 00:01,236.4,bank transfer,completed
0e061b7b-875a-44d7-8680-b5cfc5b8e98c,4977,16-04-2025 00:00,297.03,shipped,"09200 Darryl Rapids, North Gina, OH 46248",4ba296e6-b2ab-4bd4-adc1-2e45f27200f0,22-01-2022 00:12,304.41,credit card,failed
3d680dd7-d3d5-4a5c-bf11-4796f4557a77,7157,07-09-2023 00:00,307.25,delivered,"501 Hernandez Lodge, Wardmouth, NM 53738",107bd7dc-6ca0-4e37-bfc7-145636588886,28-01-2024 00:12,276.51,paypal,failed
29cd982a-021f-4f8f-aa17-b1bde77f4c3e,4909,18-08-2022 00:00,186.74,delivered,"81404 Nancy Plains, North Michaelborough, CA 46791",55f06b7a-7986-4205-bfbf-4dba1c2bce33,15-01-2020 00:02,235.86,bank transfer,pending
60ddaf00-b6d8-43d6-96cc-d5d08428fdb1,8548,17-10-2020 00:00,290.94,delivered,"360 Wolf Ferry Suite 990, Joycetown, CA 81029",5c34765a-906e-414a-b813-089236924b41,06-01-2020 00:12,306.9,bank transfer,pending
e59a3739-a21e-41ce-b2ad-6c8084f31b6e,6773,29-03-2025 00:00,487.05,shipped,"0262 Sparks Radial Apt. 435, Port Ashley, MN 78527",720d66e6-05fd-438b-83ff-59081cfdf220,08-01-2021 00:05,225.14,bank transfer,pending
918653ca-ed21-4bf1-b1ce-d5229ed18c7c,6468,03-02-2021 00:00,182.38,delivered,"Unit 2061 Box 5250, DPO AE 79101",908cd262-5d14-4ee5-bae2-97c460cf123d,20-01-2023 00:08,272.63,bank transfer,completed
99331084-0e5e-45c9-8536-7aa88f9d6b08,6288,01-11-2020 00:00,17.8,shipped,"30206 Lauren Bridge, Jasonhaven, LA 44644",95016f8f-bd95-4dca-871c-a4ebf52d86dd,18-01-2023 00:10,410.04,bank transfer,failed
a3a32e06-9eb8-4ca2-90d2-4929e5e75b7c,1340,19-12-2024 00:00,430.19,pending,"8263 Kristin Station Suite 180, North Tiffany, TN 28706",6e2ec525-e55b-47b3-971c-5438fbfb584c,16-01-2024 00:02,465.3,paypal,completed
84863db6-51f4-4312-963d-783236b56fdf,5128,30-11-2020 00:00,474.2,delivered,"6673 Matthew Extensions, Maryland, UT 61603",8f2c5210-1cd9-4826-8cea-951e8f2b11a6,10-01-2024 00:04,42.9,bank transfer,failed
252b4757-3079-4561-b53c-423457dc6bff,9322,17-02-2020 00:00,473.67,shipped,"8952 Strickland Valleys, East Michelleborough, IN 83731",2c09bc80-b539-4e62-98a5-f826bfc674f0,04-01-2022 00:03,33.02,paypal,completed
489afea2-89e8-4349-a49f-62af6f9675ad,2042,29-12-2024 00:00,269.59,delivered,"277 Kenneth Burg, Lauraview, AR 69670",1e24528d-42d2-4a70-a11c-5cd0dee23c3e,13-01-2022 00:06,94.93,paypal,completed
83921b6e-7272-4748-bb05-3acce498af70,7303,18-04-2021 00:00,160.07,delivered,"0173 Angie Island, Katherineport, IL 08956",e1e31191-d454-465d-8cca-ef1b175bda22,27-01-2024 00:04,197.31,bank transfer,pending
0dd17b0d-ecc3-4ee9-8b97-2a56407c9efe,2970,14-05-2023 00:00,405.53,pending,"13863 Andrews Forge, Heatherberg, WA 37041",3900057b-dca1-4dcc-979f-df7bf445dbef,03-01-2024 00:09,94.9,credit card,completed
570b5efc-3bff-4a7c-9beb-de2faa01845b,8449,06-05-2024 00:00,465.02,delivered,"34315 Martha Rapid, Port Clayton, OR 30953",a75b14e7-39bb-40a2-8459-81e44c265409,27-01-2025 00:01,150.68,credit card,failed
6ed8bb97-31e3-407f-9f22-993a36292652,7370,21-03-2023 00:00,394.19,shipped,"PSC 8223, Box 5963, APO AA 93705",c0109e1e-2b8e-4e0c-9fc4-dbda5ba858e4,10-01-2024 00:04,460.09,credit card,failed
b856ae19-69a3-402c-856c-62bb8dc67aa0,4292,12-06-2021 00:00,148.46,shipped,"3090 Simmons Island Apt. 494, South Sydneyport, ME 53982",85e5b904-bb79-4698-9b1a-16c2f1797acf,09-01-2024 00:06,6.26,bank transfer,failed
f09fe3f9-7ef1-401e-b552-4b02f1ba59ec,5963,26-12-2021 00:00,198.6,pending,"5732 Shelly Ferry, Lake Dennis, FM 05346",40689eae-ebca-4016-88b7-bf94bade2035,28-01-2021 00:08,205.09,bank transfer,failed
45a3ee66-0f5e-491c-8edb-c44f9cfcd36b,7927,04-06-2023 00:00,343.39,delivered,"92835 Joseph Run, Daniellemouth, AL 92829",638bb928-8829-4f65-892f-e620dd82b18e,16-01-2022 00:06,149.48,paypal,pending
e0be7201-e4bf-47e8-9cd4-8f5feb2e2688,5466,12-02-2025 00:00,210.51,shipped,"8615 Barrett Underpass Apt. 246, Wattsburgh, NC 77738",f1174b39-32ce-4162-9911-2e481b0093b7,15-01-2024 00:09,312.24,bank transfer,pending
e0be7201-e4bf-47e8-9cd4-8f5feb2e2688,5466,12-02-2025 00:00,210.51,shipped,"8615 Barrett Underpass Apt. 246, Wattsburgh, NC 77738",6cafa32a-6cd6-4395-9042-26be85deea46,21-01-2020 00:01,487.85,paypal,pending
8cc792ff-d3fd-4445-94ab-ec767b26342d,7524,21-09-2020 00:00,149.56,pending,"92191 Marsh Parkway, South Jonathanborough, MH 82507",6d958696-8b51-44d2-b020-8b10a392ea4b,23-01-2024 00:01,280.45,paypal,completed
a8e7ac81-2ad5-4e08-a77e-3dd759970064,4311,18-10-2021 00:00,475.6,delivered,"5335 Walsh Port Suite 332, Erinbury, ID 94821",fb0f94e4-58da-4ccb-a0b7-d6287b0ed33d,26-01-2021 00:12,305.54,paypal,completed
d747a66a-b10a-467e-b77a-1c3172d37db4,7076,16-08-2021 00:00,224.67,shipped,"810 Graves Isle, Craigfort, WY 19270",3299027b-28c2-44e8-981f-76bb2232d6b9,24-01-2024 00:06,314.87,credit card,failed
99303ab4-aeb4-4067-99d2-99154c78bf79,1232,07-11-2023 00:00,474.81,pending,"6711 Martin Knolls, West Harold, PA 30267",b11acb16-27e2-4e39-8d46-de8810db7c0d,11-01-2023 00:01,221.57,credit card,completed
e90e2835-8741-454b-afaa-1aa4aa606ea7,8569,18-05-2023 00:00,108.32,delivered,"15862 Thomas Ford, Thomasmouth, TN 73100",d0c0f2fe-eeda-4dce-a93c-5da097f849c1,16-01-2021 00:03,498.57,paypal,pending
f11f77d2-6565-4065-b3c0-cee76e874c66,1924,15-10-2021 00:00,201.74,shipped,"9453 Joshua Cove, East Nichole, ME 53786",b387f17b-3aa1-44aa-b0ec-b84d3c9b5943,15-01-2023 00:09,159.26,credit card,failed
0e9551bf-e92f-422d-ad23-67a793ae749b,4373,02-01-2021 00:00,130.54,delivered,"221 Cox Prairie Apt. 157, East Paulmouth, TN 68952",fef14d06-2f99-4f2f-b0ad-136e309dcae7,18-01-2024 00:06,167.21,bank transfer,pending
1b2691da-85a9-4287-93b0-11e3f3183309,5920,20-04-2021 00:00,453.29,delivered,"3851 Pacheco Forge, Courtneystad, NE 63068",8d8d6421-9867-4d75-b487-2cdc0cf07b10,09-01-2020 00:08,107.74,paypal,pending
e3156221-56e1-4c63-b915-67a8790b11cc,6180,21-06-2021 00:00,309.08,delivered,"9818 Sanchez Dale Suite 335, New Sarahstad, CO 15591",14572441-1c1f-419c-b3d9-a72ef9d3a41e,23-01-2024 00:05,431.79,bank transfer,failed
bc3961fe-0fd8-4def-ac66-034599f81a1e,6431,19-02-2023 00:00,427.77,pending,"0031 Amanda Motorway Apt. 584, East Andrew, SC 49928",6d39ab74-a4e8-481b-bec6-038bb9221832,17-01-2023 00:10,434.9,bank transfer,failed
65438b1e-40d6-4b3c-84f8-ca08fba38d08,5428,13-07-2021 00:00,351.46,pending,"32206 Joshua Station Apt. 727, Jayhaven, TX 48126",9380adc3-0f49-47f4-9f3d-8d3fea7acf99,07-01-2022 00:02,463.57,bank transfer,failed
549660a8-7f54-4e53-9942-8744a0f224d7,7671,03-06-2024 00:00,356.57,shipped,"450 Melissa Mission, West Alexander, HI 85973",9a01dda6-27f2-4d24-a568-436c00664b37,28-01-2022 00:04,101.15,bank transfer,completed
38fc9736-ce48-42e3-b8c5-27ced2147baf,4160,16-09-2024 00:00,249.53,pending,"02136 Jason Prairie Apt. 323, Guerraview, TX 84962",334f4d9f-76d2-4752-adf8-1af2cc728b66,10-01-2021 00:09,46.38,credit card,pending
b4b59833-c1d8-4e5d-916c-6849d0cdef16,1103,31-05-2021 00:00,48.98,shipped,"5914 Green Brook Apt. 231, West Cynthia, SD 96083",f90a2849-702a-41a9-b663-28814ea36844,28-01-2020 00:04,187.84,paypal,completed
524149e1-381b-49eb-80e1-23448734c564,5313,05-01-2023 00:00,80.51,delivered,"74258 Michael Rapid Suite 545, Port Timothy, IL 60634",7787c52d-548a-428d-9e91-4cf9532c03b8,25-01-2024 00:09,244.52,credit card,completed
5e04d88c-34cd-405b-97c6-44704cf47a79,6227,11-07-2023 00:00,230.89,delivered,"USCGC Anderson, FPO AE 53879",08b31166-b942-4ff0-a9f5-0b3479bfb632,18-01-2024 00:06,18.48,paypal,pending
a08e46db-2a6d-41f1-9f09-31eeb1e30d06,8871,08-11-2022 00:00,191.52,pending,"4389 Brown Landing, East Michael, NC 24492",c235c840-4ff1-48b1-b92d-666648d8955b,08-01-2023 00:12,236.31,paypal,failed
e37c292a-7184-46a3-b0bb-d51762852334,3284,28-05-2021 00:00,396.25,pending,"Unit 4207 Box 8427, DPO AE 60574",34e912ac-9f6d-4e0f-914c-932be390972b,04-01-2021 00:01,115.17,credit card,failed
f84839a2-519f-41dd-b42f-823d90a05416,3593,06-09-2022 00:00,158.73,delivered,"690 Brittany Way Apt. 769, Port Kristinaview, MH 41828",7fe226e1-ddc1-4cc9-a067-cf1bc53daa2a,18-01-2025 00:02,233.41,paypal,failed
8f12dca7-2717-4f3b-8760-35ff7cb10d8b,4184,13-07-2023 00:00,451.91,pending,"395 Edwin Lake Suite 405, Josephfurt, IA 90419",8ba35e09-b4ef-4e58-95c3-3eac9ee2394f,09-01-2022 00:06,144.3,paypal,completed
4cf41395-9674-4fb6-bc21-821cb51c6fb4,6135,05-03-2021 00:00,260.37,shipped,"31352 Kevin Parkways, Dorothymouth, CA 59491",41841740-45f4-4973-8afb-2b72914eea4f,07-01-2020 00:08,172.98,bank transfer,completed
ae678cf5-e6b1-4522-a6a7-93064b4f1e2a,4165,18-06-2022 00:00,397.73,pending,"71311 Fowler Square, Joneston, ID 55391",4362ab28-bc50-4efa-b72e-8c9ce26a88c9,02-01-2024 00:07,265.59,paypal,pending
ca61e10c-3a2e-4474-a49c-94475d40582a,4083,11-07-2023 00:00,479.29,delivered,"4259 Graves Parkways, Port Brenda, OH 13826",98d12c5f-c16c-4361-900c-1a8e040bb732,22-01-2023 00:11,451.06,paypal,failed
938af9fb-16c8-4bcd-8318-5c126d6a1d72,3105,07-12-2023 00:00,168.17,shipped,"1898 Kelly Mount, Silvaburgh, OK 56339",6e0d8c0c-ea9e-4a22-8973-414bb4d446f6,01-01-2021 00:06,59.01,bank transfer,completed
c12d6b95-49ed-42c4-921a-f99bdfb33a6d,3030,30-10-2020 00:00,35.69,pending,"0721 Glenn Via Suite 905, North Jose, WY 29632",ba9c68f0-f4a9-4c80-b562-75bf53ad6dc7,18-01-2024 00:04,483.95,paypal,failed
c555b0d4-2ab7-4043-8891-a84ce8580637,4694,01-08-2021 00:00,244.56,shipped,"28029 Kevin Village, Susanberg, WI 07582",a6fce809-543e-48a2-87ab-7ea7404418de,24-01-2020 00:09,425.2,credit card,failed
c81d3100-7924-424c-837e-31ac72fd7e3a,7507,09-02-2022 00:00,114.26,delivered,"PSC 0692, Box 8041, APO AA 81395",fa5b84f3-7f3b-42e4-b5dc-329ad9df6d9c,24-01-2021 00:06,413.33,paypal,failed
cfca80c9-21f3-40dc-b5bb-91a2a428e5ef,1202,13-05-2020 00:00,116.05,shipped,"154 Kristin Ridge Apt. 293, Robertburgh, PA 59567",d839e225-da2c-41a1-8f07-4d58169f590d,29-01-2020 00:09,438.02,bank transfer,pending
022e5251-8fef-4251-8a8c-b5e190892de8,7402,06-01-2022 00:00,304.89,shipped,"590 Williams Crossroad, New Daniellebury, AS 37527",6093f913-1252-4bda-a56d-fd651afdb41a,27-01-2023 00:11,218.11,credit card,failed
022e5251-8fef-4251-8a8c-b5e190892de8,7402,06-01-2022 00:00,304.89,shipped,"590 Williams Crossroad, New Daniellebury, AS 37527",1d4932d9-834b-4030-9f2e-b46d46809829,16-01-2020 00:03,307.33,bank transfer,pending
832fbf3d-0bb4-4f3e-841c-073171374016,8085,23-03-2025 00:00,416.92,pending,"0766 Washington Drive Suite 346, West Alison, LA 78199",8afd1d62-a1e4-42b4-b9c5-1fa192aff7b6,02-01-2020 00:08,189.08,paypal,failed
68e88418-006d-4fb9-8df5-5ccb8d0b115b,3867,04-06-2022 00:00,486.72,delivered,"9800 Kirby Fort Apt. 697, South Brian, IN 97641",a6ed0ca7-c8bd-4a7a-af90-5a48c7ed857b,26-01-2024 00:03,206.66,paypal,completed
cb6e6448-78d4-4778-9041-757e28187d49,1031,24-10-2022 00:00,497.96,shipped,"780 Wu Manor, West Jonathanhaven, WA 01558",4ca41b8d-b234-4ba1-9c77-e4863acdf8c1,26-01-2022 00:08,7.42,paypal,pending
ebdcdf3c-e8dd-46e3-b4ac-1deab19f2db7,7582,13-03-2024 00:00,192.33,pending,"333 Brian Lakes Suite 976, East Michaelberg, VT 18703",b417e74f-4b97-48a7-a241-3e1fbd01c5f3,28-01-2021 00:04,422.33,bank transfer,pending
48f4ee34-e511-4fb6-86fc-c89b309c6c8e,9102,29-04-2024 00:00,341.1,pending,"517 Debra Groves Apt. 311, Piercestad, ME 04918",746f5f38-9cd2-40e1-b243-6097e57224b7,04-01-2020 00:09,136.6,bank transfer,completed
74f0c16c-019d-496e-a1d5-b4674347c44e,7116,31-03-2022 00:00,278.74,pending,"9318 Emily Greens, Maryfurt, TX 38171",87ca0d53-271c-4ffb-8d8b-5f36463bcd39,06-01-2022 00:05,325.74,paypal,pending
6bff2d1e-7647-49a0-844a-4a7ec5c1b1a1,6751,11-09-2022 00:00,475.07,delivered,"2635 Logan Hill Suite 524, Port Michaelview, WY 15236",d4a25149-53cc-4d8c-b446-6e8624213d57,29-01-2023 00:01,115.73,credit card,pending
ea430fea-1c0f-44e2-9d23-146c475b59e1,9033,13-03-2022 00:00,497.37,pending,"42147 Diana Union, Port Jamesmouth, AR 43235",ddee1d74-a739-40fe-b611-5388fd3f139f,06-01-2024 00:05,94.54,bank transfer,completed
ae7d9548-4f24-450f-bbd9-f3d6d39a383b,1562,21-03-2023 00:00,168.21,delivered,"4167 Frederick Corner, Arianaton, WY 61759",d334b3c2-ad51-43e4-af7a-63b70e1f7b40,24-01-2023 00:02,215.24,paypal,completed
b79f3946-301a-40ff-82ae-09a616ec5492,2555,19-04-2020 00:00,15.04,shipped,"438 Maria Course, West Paula, WY 77999",95b11036-c68e-4fdc-8cc6-fac0de1c4044,30-01-2024 00:06,385.58,paypal,failed
b0495bed-8a1f-4fdd-a7e1-9dfc220532d1,5806,18-01-2021 00:00,428.24,shipped,"9522 Rebecca Turnpike Apt. 159, North Michaelland, ND 96020",5c1cfa33-d936-4080-a75f-a75818291f8e,26-01-2024 00:10,303.62,bank transfer,pending
56c1df76-76bd-4e54-8272-f9e203891ce7,3893,18-08-2022 00:00,388.51,shipped,"492 Mark Square, North Gregory, VI 28082",dfc7435b-1235-410d-a363-df33db2579e3,18-01-2021 00:09,391.59,bank transfer,pending
c285e0e6-a5e3-416e-9fc1-f22ef5759e93,7858,21-11-2021 00:00,242.09,pending,"3027 Chavez River, Lake Williamview, WI 36481",0257fd6f-f196-47db-bc59-62baef917a50,24-01-2023 00:10,24.25,paypal,completed
ddf6e473-bbad-48d5-9467-7eaa773c89d9,6859,14-06-2020 00:00,242.57,delivered,"1405 Garcia Skyway Apt. 977, New Casey, DE 88701",b3cc66d3-65d0-49dd-b6da-0d5c890cefe1,27-01-2025 00:02,126.32,paypal,failed
2ea4a931-b37e-4e7f-addb-6a3a157be096,8836,04-06-2021 00:00,244.58,shipped,"170 Reynolds Forks, Kennethhaven, PA 14491",c85e874a-6856-4cfe-b739-409495d738a4,27-01-2021 00:12,384.05,credit card,completed
9c2f96cb-345e-4caf-b96b-15fd73d42c43,6926,06-08-2020 00:00,469.43,pending,"987 Nicholas Springs, West Patriciaport, NV 13233",42444f47-dd57-44e0-a606-94bc01cc3beb,26-01-2024 00:02,66.01,paypal,pending
86d5fe4a-499d-4a67-b51e-c57374dacdfb,7658,24-01-2021 00:00,39.24,pending,"6695 Debra Flats, Loveborough, OR 35605",7aaa1a58-a0da-4c6b-b1b2-a152d35c634f,07-01-2023 00:05,85.47,credit card,failed
93c34723-78e7-4240-a1ea-b51d62da6612,6359,06-05-2021 00:00,460.47,pending,"46705 Barron Flats, Santiagoville, LA 08388",5b550f8e-d18c-4e82-8e8b-8af0a5378361,09-01-2020 00:12,279.77,credit card,failed
32b8bea0-6188-4ccb-b061-ce740ce2a68f,3248,25-01-2024 00:00,239.97,shipped,"11831 Zamora Squares Suite 530, Martintown, KS 66074",e8e61b42-85f4-4df6-af58-13b02a588d48,03-01-2023 00:05,88.22,bank transfer,failed
52ed5257-aca3-4008-a798-f88b004dc9c5,5734,28-07-2020 00:00,301.27,shipped,"4880 Barajas Ways Apt. 707, Youngshire, OH 31651",f303c236-1c93-4c2a-90cc-669c0bbc4905,15-01-2023 00:02,341.06,paypal,failed
d71ac99c-5d39-4830-aeba-60f53fc20511,9481,29-10-2023 00:00,341.29,pending,"6763 Kaitlyn Crest Apt. 192, East Gregory, IN 77194",dd3ae7c6-dec8-42b8-bbf4-75318be198b5,01-01-2021 00:09,449.13,paypal,completed
0e8c96f1-e269-43fb-8ac2-387e07632dce,1892,19-12-2020 00:00,30.11,shipped,"87813 Cheryl Common, Port Danielville, WI 70629",1113c80f-8fb8-4726-b6a2-e691471e3e1e,22-01-2021 00:05,407.77,bank transfer,completed
0e8c96f1-e269-43fb-8ac2-387e07632dce,1892,19-12-2020 00:00,30.11,shipped,"87813 Cheryl Common, Port Danielville, WI 70629",eae6adfd-e0e2-4be8-9838-602ede60262c,16-01-2023 00:10,361.22,bank transfer,pending
41e1f809-03b9-46c9-adba-d99949892c82,2267,24-05-2020 00:00,304.47,delivered,"933 Alex Mission, Chaneystad, PR 63605",dc57c76a-80a7-4957-a737-b86d61675665,09-01-2020 00:05,272.26,bank transfer,pending
b4c058c9-65e0-4c99-a771-c8691a1cd104,8840,29-06-2022 00:00,87.47,shipped,"3273 Eric Prairie Suite 043, North Deborah, DE 12360",e653ea16-58f4-4a5a-afb2-46ec482f1b6b,06-01-2021 00:04,33.06,bank transfer,completed
90f3c72c-c969-4f6e-8ee6-df4bc45e00ff,3320,13-04-2021 00:00,430.67,pending,"8028 Ortiz Square Suite 554, Melissaville, AS 96677",4633eea8-867c-41fe-beb1-74338138d3a9,21-01-2022 00:02,178.82,credit card,completed
69fa3809-5ce9-4606-bc5c-3f4fdc996b5a,1262,24-04-2025 00:00,115.63,delivered,"0832 Amy Plaza Apt. 508, Lake Kenneth, WI 06692",fdbed4e9-8c6f-4263-b0d8-09a80af500ea,21-01-2020 00:09,471.85,credit card,failed
5f970b6a-13af-47b0-89ea-1e0649579489,9085,18-02-2020 00:00,65.98,delivered,"799 Sandra Street, Rodgersmouth, CO 51399",e0d0febf-2137-4b20-b258-8cd359a000a1,18-01-2021 00:05,426.15,bank transfer,completed
34b554c9-d383-4584-9d2e-b97a5a7bed62,7096,12-10-2023 00:00,426.79,pending,"53883 Blake Springs, Sheppardmouth, ND 85778",eeb63755-57a2-41ef-a5bf-8345c416f933,13-01-2021 00:12,11.29,paypal,completed
34b554c9-d383-4584-9d2e-b97a5a7bed62,7096,12-10-2023 00:00,426.79,pending,"53883 Blake Springs, Sheppardmouth, ND 85778",42db5049-1d81-4473-971e-b92060cd1fd9,07-01-2023 00:02,152.9,credit card,failed
ae911d66-0be3-4a62-af0e-a55bb5042a9b,9629,17-05-2021 00:00,86.24,delivered,"USNV Chavez, FPO AA 10716",f70fb2ac-1235-41c5-bf9c-debcf357b56e,12-01-2021 00:02,53.63,credit card,failed
f77377de-c17a-4b44-9edc-4737f06f5702,6046,30-10-2024 00:00,125.48,pending,"38140 Montgomery Summit, New Amandabury, CO 30299",211cae2c-2404-44a6-8d7a-17b88f7722f9,08-01-2021 00:02,204.33,credit card,pending
f7bcd9dd-c812-47f4-9846-afd19fecd8e1,1139,27-01-2023 00:00,83.52,pending,"PSC 6000, Box 0046, APO AP 27033",bbc9b61f-1efa-40c3-b7f2-d76f7c786643,16-01-2021 00:12,175.2,bank transfer,pending
84bbab89-e017-48f3-bad4-84e474580e5b,9619,21-02-2023 00:00,45.12,delivered,"82331 Kennedy Way, South Julia, WV 77883",79ac3e54-e92b-4711-9ed1-aa7031855e79,01-01-2020 00:04,450.67,paypal,pending
83bebd28-9583-4632-a129-eb4378b88f5c,3543,23-08-2022 00:00,28.03,shipped,"5037 Regina Club, Thomasfort, NE 53983",5c421a07-bb7d-4afe-9b42-50a6a8ffba84,23-01-2024 00:10,290.21,paypal,completed
40063265-c954-4b0f-aefd-c2a0cb5fe110,6910,26-10-2024 00:00,358.57,delivered,"PSC 6183, Box 5549, APO AA 76462",87ecae09-3761-4045-a435-0697efb10a87,24-01-2024 00:03,188.82,bank transfer,failed
bc31332c-8e34-4226-8138-f74f0713b962,9662,04-10-2022 00:00,496.88,delivered,"2718 Cochran Shores Apt. 463, Karenside, AR 72294",2084f710-80e3-41a9-b4a6-4625ea975933,10-01-2023 00:05,209.13,paypal,pending
dcfdfd71-f5b1-4943-8ee9-56422fdbf073,4783,07-09-2021 00:00,462.31,delivered,"137 Matthew Road Apt. 132, Curtisburgh, VI 31167",bcb4b904-68f9-4c8e-83c0-ba6735fc6cff,21-01-2024 00:03,394.33,paypal,pending
e1aa31b1-8056-4736-929d-e0b34dd706c2,5163,05-08-2020 00:00,203.46,shipped,"1910 Ronnie Run Suite 082, Port Daniel, WY 80671",4e7f1755-1d4d-4844-944d-39b551ecd4d7,27-01-2020 00:05,80.36,paypal,pending
3410f098-58bf-423a-898f-587a92e86edb,5483,05-03-2021 00:00,272.28,delivered,"8531 Khan Meadow Apt. 155, Freemanland, OR 17958",7c944a2e-7c23-46ae-8c8a-1a3a53b3a5fa,02-01-2022 00:07,283.3,paypal,pending
4f8a5234-cad1-4a5d-8680-5cf36da7046f,1838,14-10-2022 00:00,253.35,delivered,"8580 Mills Throughway Suite 642, Lake James, OR 27417",98475647-8b1c-4727-9465-036afd412247,10-01-2023 00:03,39.68,credit card,failed
aabe2492-ab47-4bbe-8970-0f3c5224e3cc,6386,09-09-2024 00:00,326.95,pending,"60402 Crane Station Apt. 719, Ashleymouth, DC 66303",061d1424-cbe5-4f7f-a3a8-de3825593471,29-01-2022 00:01,138.61,bank transfer,failed
cfdff051-a35c-4036-84ab-c5d76d629863,2218,19-11-2024 00:00,487.81,pending,"8366 Emily Centers, Hahnborough, WA 68381",62ad866c-f1c7-4238-804f-b508202ad599,06-01-2023 00:10,112.85,paypal,pending
b294e918-99e2-4171-aa29-16fbfe03069b,2230,10-05-2023 00:00,254.16,delivered,"1174 Perez Mills Suite 798, Mccoyport, LA 27637",a803099a-6714-490e-a11c-b1ee148f527f,12-01-2022 00:07,392.69,paypal,failed
a1af4e40-8c09-485f-a260-e2518880011c,2640,03-01-2022 00:00,187.64,shipped,"648 Meyer View, Mccarthyborough, NY 08974",c4875bf8-4dfd-4475-a2f0-2b67f2d022d7,21-01-2021 00:12,123.24,bank transfer,completed
271a1deb-b53d-4c3d-b3a1-111ab9b31e5a,3027,18-06-2020 00:00,99.48,shipped,"74890 Darius Forges, Lake Jackside, NJ 90913",ea3fc560-e0d3-4167-930b-d82ada15a445,22-01-2020 00:02,134.64,paypal,completed
fe515e8a-a466-4c61-94ef-28b8e2c60dc1,2701,28-10-2021 00:00,319.11,shipped,"799 Sanchez Freeway Suite 642, Batesview, SC 20890",53d693d4-e35e-4c61-93b7-7fff10b6efa7,26-01-2024 00:06,348.94,credit card,failed
9cd20677-7391-4e9c-a693-c184624abb70,5795,07-11-2020 00:00,178.69,pending,"3800 James Fields Suite 587, South Shaunmouth, NV 87630",3aeadb4c-a3fa-48cb-8361-de237c2b22cb,13-01-2021 00:10,322.63,credit card,failed
22eb0984-e06c-4692-9d52-8eea794437a6,7884,11-12-2022 00:00,134.95,delivered,"8697 Kerr Drive, Wangchester, AK 48205",0a7e35c3-51d4-401d-b60d-95e2e4bc5baa,25-01-2020 00:05,255.03,paypal,completed
b0cc2d67-a640-407a-a589-b8766a009d57,4020,21-08-2024 00:00,409.08,delivered,"USNS Allen, FPO AP 23039",078382b2-a1bd-457e-aaed-9063dcbb027a,29-01-2024 00:01,115.25,bank transfer,pending
bd54266b-28a0-42e8-97a2-63d486ccfa9e,1046,29-01-2022 00:00,329.41,delivered,"6730 Jennifer Cove Suite 461, West Annastad, IL 05596",3703654f-36c0-412b-9764-69779175e5be,22-01-2020 00:09,471.67,bank transfer,completed
49ede4ad-3f15-4b3c-a981-d47f275ce584,2814,06-10-2022 00:00,416.69,shipped,"6319 Cooper Drives Apt. 621, East Sheriland, VT 51424",bee27de2-cc92-479a-8960-c7214b70fffa,27-01-2022 00:05,334.28,bank transfer,failed
f775ff94-9051-4028-a87f-6260a16d882d,4977,19-04-2021 00:00,250.06,pending,"869 Harrison Viaduct, West Kevinview, SC 90642",a6f75b2d-e6c1-4c7a-8cb1-6d0309f4bc31,13-01-2024 00:01,124.94,credit card,failed
58f02e9b-7609-4769-a3df-dd860eb60ef8,3628,17-08-2024 00:00,245.37,pending,"141 Robinson Isle, Toddhaven, KY 11900",289dc3f4-aa93-4db7-9a1c-eddd393796bb,28-01-2024 00:10,358.94,credit card,pending
5f460c59-4e25-4b1e-9314-d682b17a9a5e,5453,23-12-2021 00:00,432.38,delivered,"PSC 1975, Box 1644, APO AA 70152",f9b6f3f9-9721-4340-9cfd-46be4de917b8,10-01-2020 00:01,435.21,credit card,failed
6df760eb-db84-41d9-b77b-e2ef3cfdbda4,4514,20-12-2023 00:00,117.05,shipped,"108 Atkins Oval, Barrettberg, FM 15660",5db7c04c-c109-4fdd-b2e2-1ef48441fb7e,11-01-2020 00:01,316.65,paypal,completed
d195b024-390f-4674-88a3-297efc7a68b7,1599,13-02-2025 00:00,135.66,delivered,"868 Eric Manors Apt. 471, Dominiqueland, TN 31147",5ccfd3b6-327f-4530-874d-19ea8d812e25,04-01-2024 00:11,317.41,paypal,pending
2aba3bab-564e-4f31-9b8c-33adc09cdb83,8074,21-03-2021 00:00,85.43,shipped,"880 Matthew Freeway, Douglasport, OH 37869",35438773-9191-433b-bb61-a43a1b5d7080,22-01-2024 00:12,316.18,credit card,pending
11b8d027-ee1f-425c-bddc-e16cafdbdd1b,3807,18-05-2024 00:00,193.52,delivered,"284 Paula Hills Suite 342, Robertstad, GA 21182",aadc39c8-a5b1-47df-ae30-8ce44bb8bc9c,03-01-2021 00:04,430.45,paypal,failed
b9dba8bd-d595-4e9c-b911-92b1efb87dbd,2889,12-03-2021 00:00,400.33,shipped,"90328 Chan Creek, Allisonland, NY 41483",66e0ce02-2b49-4d7b-ac54-07b1ae6d5030,03-01-2021 00:05,298.54,paypal,pending
4875ff96-fe41-4b15-a61e-31e4602b0c55,1396,19-10-2024 00:00,432.81,delivered,"8202 Fisher Flat, East William, HI 72902",08dfd685-c468-49c0-a127-aab66779b67e,08-01-2022 00:04,26.8,paypal,failed
f77f8db3-1eeb-4121-a948-57ee0f143368,2328,17-06-2023 00:00,50.49,shipped,"4331 Robert Mission Suite 105, Lake Ronald, AK 97381",4cc49147-90d4-4aad-a55a-5db261e9191d,12-01-2022 00:03,368.83,credit card,pending
f77f8db3-1eeb-4121-a948-57ee0f143368,2328,17-06-2023 00:00,50.49,shipped,"4331 Robert Mission Suite 105, Lake Ronald, AK 97381",86f776da-471e-42ef-8090-76abc31dab23,29-01-2024 00:05,95.56,paypal,pending
7c117372-70c1-432d-9baa-64f24ea78ac5,9215,09-09-2020 00:00,314.61,shipped,"258 Pham Mission, Lake Amanda, NY 42443",7b6e1393-e5dd-4787-bece-c130a2783f03,21-01-2021 00:01,263.18,bank transfer,completed
2a9f791b-6271-4359-99c9-94e493a1cdf4,8537,03-05-2024 00:00,312.86,shipped,"73397 Williams Mill Suite 233, Nathanview, RI 80456",6dacbc56-023d-4a6d-9a4d-5d467993c62e,07-01-2021 00:04,312.75,bank transfer,failed
7c78d99d-a717-491a-8155-280773ce1de4,3005,16-12-2023 00:00,433.97,pending,"13843 James Way, East Michaelhaven, VI 93882",69f5f2b7-8f92-451a-a296-0b88e723fd20,09-01-2020 00:12,230.49,credit card,failed
7c78d99d-a717-491a-8155-280773ce1de4,3005,16-12-2023 00:00,433.97,pending,"13843 James Way, East Michaelhaven, VI 93882",47d38ba2-a218-4e15-8735-4f5515cb9372,17-01-2025 00:02,426.35,bank transfer,completed
48d86a4b-d85a-4d10-a9d0-b14334dcc572,9448,23-10-2020 00:00,104.99,delivered,"83393 Sarah Meadows, East Robert, KS 19086",496a974c-3f8b-4d40-a767-babaefda0b28,28-01-2023 00:09,386.79,paypal,completed
06c8b453-8a5e-4370-b975-6d232476a8b0,7635,21-03-2025 00:00,325.57,shipped,"1260 Lisa Corners Apt. 312, South Elizabethberg, PA 93235",3a9bda96-e7e5-4152-924f-84de84a875a3,16-01-2023 00:10,323.85,credit card,failed
7a9528be-ba94-4a9b-bfd8-1f68c9afbe5e,9272,27-11-2024 00:00,253.37,pending,"011 Joseph Divide Apt. 588, Hallview, MD 88639",e922344c-a8b2-4748-956c-0b2fe7b05f25,17-01-2022 00:09,43.65,credit card,pending
df0d2438-ec9c-4d1c-a36c-79b174d1cbfd,7799,20-05-2022 00:00,64.89,shipped,"434 Burton Parkways Apt. 173, West Michaeltown, MI 54356",d9eb3bc4-7225-4561-9de8-c41362dbef82,12-01-2024 00:03,443.07,bank transfer,completed
b6f0678d-bfd4-4541-8bc0-1ba013b9077d,7181,26-01-2023 00:00,173.59,delivered,"USNV Proctor, FPO AP 07287",5a6992f0-a55a-409f-a208-d1a8bfb7c2d5,15-01-2024 00:05,326.39,bank transfer,pending
f60f2593-7707-47c9-88ff-31f1f865aa16,6919,06-11-2020 00:00,201.39,delivered,"09690 Maria Corner, Port Crystalchester, MT 19390",c5983772-f417-4626-a82f-08cccfabcf7e,15-01-2025 00:01,382.12,bank transfer,pending
dbecb28b-8353-4fa2-ab0f-abf7bfcbf970,2448,09-03-2020 00:00,410.9,shipped,"02011 Nelson Crescent Apt. 477, North Brian, CO 96026",95156870-c6a4-49a1-bc6e-8feb9484e2f4,08-01-2022 00:11,114.61,paypal,pending
93389084-1696-4b7e-abbf-b7c2889cea56,2782,22-08-2024 00:00,247.84,pending,"77818 Harris Rapids Apt. 957, Scottstad, AL 45100",0c70e422-42ee-420b-bc88-a670b598d65a,10-01-2023 00:05,219.86,credit card,completed
8f3a41ab-b318-4e52-9668-515a039605c7,3336,15-05-2024 00:00,314.38,delivered,"1717 Olson Shoal, East Dustin, ID 57275",1013ed7d-7c36-47f3-b8a4-836346093357,08-01-2022 00:12,455.69,credit card,failed
92273dc8-48e5-4ac7-9bdc-75f57e407250,7293,27-09-2021 00:00,322.02,delivered,"905 William Keys, West Robert, AK 27003",cf3daa18-75f4-4b3d-85d1-5d0fad134b35,02-01-2021 00:11,126.82,paypal,pending
d9dd06a6-6b03-4b15-9696-c272ba9cf32a,2686,25-08-2021 00:00,154.26,delivered,"6389 Chen Causeway, Burtonborough, VT 87185",af25c1cc-9be8-4f13-9fc2-8ec8ac513510,13-01-2022 00:11,255.43,bank transfer,pending
dfb457db-4006-4ace-bfac-0b6658af881f,5358,22-02-2021 00:00,55.81,delivered,"71981 Sarah Trail, Kristenchester, MD 18208",ea159ab9-8d76-49a9-ba3a-ad0fd70dd653,18-01-2024 00:04,444.46,bank transfer,failed
94ae1466-1f34-4816-96ba-125e73ebe9ad,8114,04-04-2023 00:00,304.19,pending,"26974 William Village, South Rayshire, AZ 36128",e5e7f28e-8b40-40b1-afe5-53130cb89c0f,05-01-2020 00:12,21.59,credit card,pending
7db95be9-4007-4da7-ba1e-c12d8d7a1f8b,8263,27-02-2021 00:00,324.62,delivered,"Unit 3039 Box 5194, DPO AA 70920",eec3c95e-a97e-4515-b5db-41f1b28baa18,08-01-2020 00:10,19.55,credit card,failed
f1e37a2f-dd0b-4f94-9db0-1aa1468c8a15,1007,15-07-2020 00:00,196.12,shipped,"4171 Turner Knoll Apt. 713, Mathewfurt, NC 37363",645238c1-a7ee-4fdc-bc58-dba5d98d085e,28-01-2023 00:08,405.37,paypal,failed
46a18eea-7e7c-4141-9b74-eee2a54f9452,7912,02-12-2021 00:00,126.61,delivered,"48438 Jessica Square Apt. 449, Port Jennifermouth, MP 68224",dd33fc82-b914-4f93-a228-a58efd17dd99,30-01-2023 00:03,27.77,bank transfer,completed
3bcee64c-2dc3-48c0-856e-1d5432707b23,9947,01-01-2020 00:00,290.98,pending,"9903 Francisco Street, Gonzalezburgh, WY 88117",43be24f4-e586-4bd1-8a61-752957b82612,19-01-2023 00:08,387.44,paypal,completed
b6e7055e-0b5f-4384-aec4-4ec4d8343134,1805,13-12-2021 00:00,365.73,shipped,"8185 Herrera Run, Ginaton, MH 94686",38eeb4c7-66e3-484f-8fbe-bc53791254f2,14-01-2024 00:05,290.51,credit card,failed
04f8790e-af4e-4d37-a28d-3a33a65e6551,8707,21-01-2025 00:00,271.75,shipped,"496 Green River Apt. 008, South Johnton, FM 12580",2291e45e-df4f-4df2-92a4-81f4cf8a4a27,15-01-2025 00:04,191.42,paypal,failed
c8228db1-877b-43c2-948d-409a9822476e,9922,28-08-2020 00:00,362.4,pending,"847 Johnson Point Apt. 768, East Andrewland, MH 01056",0ada2ffa-6db9-449a-aec5-bb7b48ef9b6b,28-01-2020 00:11,403.25,bank transfer,failed
b9ec512a-3b28-41c9-8e5c-dcf01c5c2280,6997,23-01-2020 00:00,17.27,pending,"89468 Priscilla Underpass, Jerryside, RI 41125",56a422e4-4bbc-4db4-86e4-50bc9d4b579d,26-01-2023 00:12,142.17,credit card,failed
37f0bdf7-7422-4d63-a096-772880426106,6363,01-07-2023 00:00,288.25,pending,"USCGC Rogers, FPO AE 20862",f118233d-1ee1-4b5a-9e1f-4e799810697c,10-01-2020 00:11,153.58,paypal,failed
20b2ca0a-899a-463e-b057-6a920e08a488,5399,16-07-2022 00:00,125.26,delivered,"05752 Crawford Spur, South Savannah, PA 89674",421b46ff-ba28-4455-a88a-67a46c61e01b,21-01-2021 00:08,83.43,credit card,failed
ddc6206a-73f3-41d7-89b2-99ef2789ccf8,8559,19-08-2023 00:00,252.5,delivered,"PSC 6475, Box 6613, APO AP 55071",233494e4-eaee-43b8-b550-9ae5ae25acff,27-01-2020 00:04,312.97,bank transfer,completed
bc5915f1-d8fa-4b46-92ab-250a158f2674,7136,08-03-2025 00:00,141.48,shipped,"05820 Michelle Mission, Natashaport, MH 09062",faa87f60-56a7-45b9-9a7e-17a4d354004b,26-01-2023 00:08,185.62,paypal,pending
b30d3c03-e018-4376-9aec-ac9e3ef0490f,6371,01-05-2023 00:00,101.43,pending,"42824 Christopher Harbor Suite 820, Micheleland, FM 72006",74d44dd5-576c-4039-b23c-040e758ecf3c,07-01-2024 00:03,345.75,bank transfer,completed
1c326d40-1fae-4857-a4cd-8ebe1fbe43fb,7049,18-07-2024 00:00,189.24,delivered,"1194 Hernandez Shoals, Stacymouth, AS 63801",66302c46-598f-47f4-b8d3-7db08aa7641b,03-01-2022 00:11,36.93,bank transfer,pending
9158eb89-f642-40bb-976a-e9781517af74,9022,09-11-2023 00:00,264.28,pending,"8531 Vaughn Station, Lake Kaylaton, HI 30979",c444eb5a-148e-4b1c-a817-b543645c913b,12-01-2024 00:03,329.73,bank transfer,completed
47b14be2-c2e1-415b-b0e8-b069946cb21b,8991,18-03-2023 00:00,388.77,pending,"24612 Reed Island Suite 923, New Leahville, FM 94139",23a1574a-c9ea-467b-b21f-29fce7e8cb9d,28-01-2023 00:10,107.94,bank transfer,failed
44f276f2-08f3-4f13-a4cd-d86eaca7268c,1263,23-07-2022 00:00,480.3,pending,"91710 Gregory Glen Apt. 062, Terryfort, SC 79708",e114fd56-78f9-4a0b-b50c-c7430c4ca3b7,08-01-2021 00:09,71.91,bank transfer,failed
429a661a-0b65-46a4-87c5-571833b9f48e,6421,28-11-2024 00:00,283.13,pending,"58497 Jessica Orchard Suite 913, Michaelton, OK 37514",98bad04e-9cfc-4578-9425-ea33b778ed41,01-01-2023 00:02,271.19,paypal,pending
6863712c-39d1-4710-8856-00b7ed6f3e6c,5581,16-09-2024 00:00,275.26,pending,"7208 Pitts Cove Apt. 616, Nicholasfurt, PA 88460",36b01d94-c504-4c6d-9827-45faecc4b75b,05-01-2022 00:04,354.9,bank transfer,pending
295669c8-e0eb-44dc-92ec-c72e9d477c6c,2517,29-07-2024 00:00,38.9,delivered,"97848 Alicia Flat Apt. 428, North Derekborough, SC 55096",36581f8b-3755-404a-8395-ebb4c4461553,19-01-2024 00:07,90.07,bank transfer,pending
187243a6-711c-4632-a4ed-272763e7a1b6,1132,03-11-2020 00:00,443.89,delivered,"PSC 3828, Box 8777, APO AP 96120",7e6150be-8437-483a-aced-00326f8cacef,29-01-2021 00:12,424.53,paypal,failed
d2b958c5-0a47-422e-a092-d3ca1789ec5d,3623,02-01-2025 00:00,109.94,delivered,"863 Stacy Wells Apt. 741, Powellville, PR 95096",bc825f94-3996-4cb5-8401-a1ef11444db9,12-01-2024 00:05,93.19,credit card,failed
fc78e141-5948-4c94-b9b3-8298d8a3c6c4,8201,14-02-2023 00:00,480.57,delivered,"284 April Point, Natalieshire, MD 72239",2c723e4f-4f2c-4ab9-856d-052b4760e64e,03-01-2024 00:02,162.68,paypal,pending
9e98253c-9c98-4320-82a8-0e25a831e8f8,4523,03-10-2024 00:00,107.18,delivered,"6278 Chad Crossroad, Port Joshua, RI 89986",8d717d77-7f10-4fd2-8182-f4b02b3d6df2,28-01-2021 00:09,435.7,credit card,completed
f10dde7f-1533-429d-b4de-a10261848a2b,6355,15-04-2023 00:00,77.75,delivered,"35796 Burke Streets Suite 356, Patriciaville, WY 30529",d17e7a3a-1a14-4dc2-bca7-0128d5964dc5,09-01-2022 00:03,174.37,paypal,failed
a99ba9d7-6089-49ef-9680-b292b6bc21f3,6254,06-09-2022 00:00,63.65,shipped,"03174 Johnson Course, Rochamouth, ND 50465",7a4a9eb2-e471-4a9a-abf4-dc358bd398b8,05-01-2023 00:04,313.79,credit card,pending
da42b07f-f753-4463-af85-5bf6687b4076,6705,19-05-2023 00:00,335.36,shipped,"646 Alexander Lake Suite 141, Port Josephside, NY 50379",4a9df1d0-bda9-4d3e-81b6-92b2a708c4f5,20-01-2023 00:09,210.05,credit card,failed
be63f831-e376-40a4-b502-fd4dac8942de,8170,17-04-2022 00:00,466.88,shipped,"75425 Martin Hills, Lake Joanne, WI 37248",1bbe959b-c805-40ad-88c0-07b6d2348637,22-01-2021 00:04,350.91,bank transfer,completed
212ad2e7-bd61-41f0-ad27-3e041314ff59,6656,15-06-2020 00:00,72.82,delivered,"97472 Graham Throughway, Sarahshire, SC 39337",cc9306ed-d5a5-4a77-9b53-cad1575523da,08-01-2022 00:06,488.88,credit card,failed
74332ba9-999f-4ab6-9e00-230006ccc433,9107,02-01-2022 00:00,146.19,shipped,"72156 Lee Meadow Apt. 795, Dianaborough, AR 38904",054b91fc-ac14-4648-888f-8dd52758b9ba,17-01-2023 00:02,39.21,paypal,completed
ad3f403d-aad7-4e30-b7dc-ff69b49fce8b,2007,14-04-2020 00:00,227.13,delivered,"710 Thomas Alley Suite 939, Careyview, CT 13661",2382fd0d-90fd-44e3-af37-762106c47fa2,22-01-2021 00:03,133.56,bank transfer,pending
a51b2980-3b17-4b29-907f-a6c3bf200d21,2596,04-11-2021 00:00,408.04,delivered,"4319 Schwartz Green Apt. 397, New Alan, CT 94263",9e8b8443-5ba7-4d1b-a8fb-01ec083c43ec,31-01-2021 00:10,164.65,credit card,pending
43def255-9c0e-461f-b383-26fb030b3b23,1499,11-03-2023 00:00,435.53,shipped,"139 Beverly Walk Apt. 086, West Josephville, MI 77763",a074a849-c43c-4e7e-aa64-67eab244aff1,28-01-2023 00:03,21.82,bank transfer,pending
25b16c91-f944-44ee-bfd6-276837c6046d,7694,18-07-2020 00:00,231.95,shipped,"Unit 4864 Box 0229, DPO AA 84848",928d2d2a-fec1-4b1a-b59d-9c7baac92435,02-01-2021 00:09,12.28,bank transfer,completed
2dd6bb46-bd39-460a-8ac5-67e053161cee,6441,11-11-2021 00:00,49.06,shipped,"USNS Wilson, FPO AP 16411",72dd6f99-c0b5-4b27-89ac-a8167f9effb8,06-01-2024 00:02,469.49,paypal,completed
2dd6bb46-bd39-460a-8ac5-67e053161cee,6441,11-11-2021 00:00,49.06,shipped,"USNS Wilson, FPO AP 16411",9d427a91-7c85-4f3c-80b0-44f10725dbff,30-01-2022 00:04,60.16,credit card,pending
58520f74-5b5f-4733-9a0e-aaba37a41109,8128,29-09-2021 00:00,99.05,delivered,"9295 Sexton Ranch Suite 861, New Kathleen, AL 07782",44634cfa-16cc-4520-abad-c399352e4514,01-01-2022 00:12,175.39,paypal,pending
2c69249f-fc69-4c75-844f-016c2bb8f294,4259,19-01-2022 00:00,499.88,shipped,"89558 Courtney Mountains Apt. 035, Annstad, IL 65985",5bea29f3-2d40-459f-82c9-53c1c19ee523,12-01-2021 00:07,205.91,bank transfer,completed
490de04e-d9b1-48f7-b772-eca702c2f7f4,1899,08-05-2022 00:00,422.1,delivered,"8519 Lynn Drive Suite 327, North Monique, SC 21047",44043721-0b71-412c-86d3-292ca16b12e4,20-01-2021 00:05,435.37,credit card,failed
5031e425-d81f-477f-8277-070ca9455554,9404,24-10-2022 00:00,301.78,delivered,"623 Braun Branch Apt. 164, Bowersmouth, CT 80660",fbd81758-d712-4427-9925-e6ff69645899,17-01-2020 00:07,175.31,paypal,completed
2f609295-25c4-4694-8b34-e35275a71ed3,5747,30-07-2021 00:00,464.62,delivered,"2526 Ramirez Centers Suite 792, Gordonhaven, MH 30837",c403ca00-2667-4e70-9b62-6ea0ae25163e,27-01-2022 00:06,461.88,paypal,completed
7c099dac-0171-4a8f-a89f-0eb8b36365f6,9955,29-06-2023 00:00,464.76,pending,"478 Jeremy Fort Apt. 074, Martinhaven, MO 75350",74541114-03f4-45c9-8f8b-d126c1ab2d69,07-01-2024 00:10,425.89,paypal,completed
c823cf0b-2c62-4020-9ec9-1fd3d8209a2a,2376,09-07-2021 00:00,467.73,delivered,"053 Stacey Cape Apt. 584, East Robertshire, PR 45791",9cf8307b-3d10-4206-b621-247bff1a2c28,17-01-2020 00:06,331.44,credit card,pending
f2c1f1d0-e0a9-45ba-b64c-723c7a581f5f,3464,14-04-2023 00:00,237.05,pending,"662 Armstrong Ranch Suite 536, South Juanfurt, SD 18627",b8fcc006-1bf1-4904-9b58-4372be613b99,29-01-2021 00:03,88.94,credit card,failed
49103e7a-988c-484a-ba95-c2bb2c36ebb6,1359,12-08-2024 00:00,455.9,pending,"195 Natalie Mount Apt. 131, Davidmouth, NE 63717",8f17e61f-fd7c-45f9-a151-8fca33e90b18,27-01-2022 00:04,228.9,credit card,failed
bf64c999-01ac-4883-9eb9-72fc4927861f,7917,11-10-2024 00:00,312.07,delivered,"9605 Heather Wall, Mejiaburgh, ME 67625",fd571471-41f6-4f5f-8afa-ef811b98ba27,30-01-2022 00:11,428.66,credit card,completed
2dfe8123-76f9-444f-8177-64cf4e61e75a,7250,11-09-2020 00:00,445.69,shipped,"1084 Michael Knolls, New Justin, NY 68566",27b09db1-20e5-4bc9-97e3-f7a00be112f2,28-01-2020 00:07,142.5,paypal,pending
91aa5495-dccd-4e40-8b94-33e2fd199da8,3931,20-07-2022 00:00,33.01,pending,"91209 Jeremy Mission Apt. 703, Juliantown, NJ 09834",98135d18-56fa-40c7-81c5-8d908744dea2,11-01-2025 00:01,10.58,paypal,pending
91aa5495-dccd-4e40-8b94-33e2fd199da8,3931,20-07-2022 00:00,33.01,pending,"91209 Jeremy Mission Apt. 703, Juliantown, NJ 09834",2af7141c-349c-4830-9dda-4cb718c9a719,04-01-2024 00:10,309.15,credit card,failed
f3029e99-7af3-41d1-9c40-6e5d6775afa9,3143,30-07-2024 00:00,428.6,shipped,"15506 Gomez Expressway, Port Davidhaven, MT 05599",849eceb7-0914-4cae-8e1c-63ade31fd87a,25-01-2021 00:08,315.11,paypal,completed
907d5cc3-f709-4fde-8dbf-90784c241b83,7693,13-06-2020 00:00,398.34,shipped,"7436 Charles Light, West Karlfurt, IN 44660",635f4512-9885-4007-a9cd-8d5a1f82ee71,09-01-2025 00:03,291.41,credit card,pending
3f5927f7-5741-449b-b979-88cbae0bba77,2192,19-03-2023 00:00,449.89,pending,"USNV Knapp, FPO AP 56311",1b1529c8-9557-4484-89c6-4bc82ea210fb,25-01-2024 00:08,317.77,credit card,failed
708f65e5-0c8f-416f-8451-76786580b973,6423,04-03-2024 00:00,425.41,pending,"49022 Cook Centers, Joneshaven, OH 92751",3aeffaee-4d85-49af-9455-4523a30959aa,18-01-2022 00:09,208.5,credit card,failed
a901435f-1fdd-48ca-a1f4-590b04a971fb,5695,17-11-2020 00:00,261.95,shipped,"661 Joel Courts Suite 444, North Kristopherside, FM 97808",6bb17dfe-b3a4-42fb-8fbb-db8fe04b0a31,18-01-2021 00:01,271.26,paypal,completed
2eb3c0aa-ab87-4ac8-8fe5-620941084d26,1733,31-12-2024 00:00,409.95,shipped,"2152 Sharp Mountains, Danielburgh, FL 76432",be75ca0d-b25b-4b8c-bc63-98285c7ac35b,06-01-2021 00:11,67.22,bank transfer,failed
aef0252f-d51a-4778-8581-167c775ee244,4854,07-02-2021 00:00,449.89,pending,"96643 Eric Parkway Suite 182, Lake Dianeview, WI 19761",e245be5f-67fb-4e4a-8bed-2d15173abf56,12-01-2022 00:08,151.99,credit card,pending
8ae5ee7c-5cd6-4377-819c-ce66c181d22a,6873,18-05-2020 00:00,232.73,delivered,"Unit 4760 Box 6937, DPO AE 91076",7c0f301c-e7d7-4054-8d2f-14ac1f8d1b67,21-01-2020 00:09,186.3,paypal,failed
ed2c7868-252c-44d5-9923-52cb755f0b81,5330,11-08-2022 00:00,363.29,pending,"108 Michele Street, Shelleyton, MP 78489",8f5dacec-9d68-47b4-9dc9-c1ab4cd3eb5b,18-01-2023 00:08,245.91,paypal,completed
499a5dc0-dc8a-44b3-b9d2-323442e42d1f,5364,18-05-2024 00:00,458.96,shipped,"482 Hodges Shores Apt. 484, Allenfurt, HI 59636",2d037ac1-f9ff-43b5-91a1-b843c8cec92c,11-01-2020 00:09,31.52,credit card,completed
67f69ef6-cdef-4c50-96ba-1327bcbb4000,8964,22-04-2022 00:00,418.39,shipped,"1469 Myers Glens Apt. 660, Jeromeshire, GA 95120",5ea9a057-0121-4cff-a366-5d6bc462f5d2,28-01-2022 00:07,164.92,paypal,failed
70cae277-a931-41f4-9db9-de7d4560eae0,6225,17-01-2020 00:00,223.21,delivered,"98989 Bridget Underpass, West Toddport, IN 97618",1b3b934f-c869-49df-94e2-c27e6c3315a6,21-01-2024 00:06,247.91,credit card,completed
73f2ff1c-d9d9-4ffe-8516-ecc05c2ce556,3318,06-12-2020 00:00,71.9,pending,"28711 Mitchell Pines Suite 898, East Debbie, IN 24348",5bfaf69c-f0aa-42b6-8175-98a8a93efc58,14-01-2023 00:04,58.86,credit card,completed
4cefc0c7-98bb-40c1-a2b7-21fbb874a1c6,2038,22-06-2020 00:00,319.74,shipped,"Unit 8553 Box 8931, DPO AP 85564",1a05dd70-579b-4456-bae9-a73c958e676b,23-01-2020 00:02,65.27,bank transfer,completed
0b90a8ec-bc82-4386-8f30-ca92350e8565,8526,02-02-2023 00:00,94.12,shipped,"8801 Claudia Flats, Brittneyhaven, WA 97380",ccea0c86-ea07-42f5-8c96-d7e80ce0f107,02-01-2021 00:09,360.54,paypal,completed
80adb7a6-5670-4e2f-87a2-653f3788195b,1082,04-10-2024 00:00,38.62,pending,"Unit 0906 Box 9295, DPO AE 18887",a00e0944-3f4e-4fad-a970-2841d5f9de91,19-01-2021 00:04,316.07,bank transfer,pending
4ef9167d-7c2b-4c56-9d69-0c3f4ad430fd,3307,12-04-2023 00:00,400.75,delivered,"748 James Forges, Cruzchester, HI 74126",072377af-90c5-434f-8870-f63283450c4c,30-01-2020 00:03,405.24,bank transfer,failed
f3c10473-aae3-4b8a-8419-016a2f78039c,2354,27-12-2020 00:00,114.48,delivered,"450 Young Valleys, South Chad, DC 43450",eb6ffdf5-bcc9-4b59-8382-ff355a4651bd,04-01-2025 00:02,191.7,credit card,failed
2fefc841-c715-4649-880e-2558492b1e19,7892,01-10-2020 00:00,269.67,pending,"3952 Joyce Lodge Suite 321, Smithhaven, AL 68354",1983e4ac-abe8-43e1-9b63-b9ea3a7e08dc,10-01-2021 00:02,433.13,credit card,pending
6859f8e9-d19f-40d2-8428-db11eb8af9dd,4174,08-02-2024 00:00,298.26,shipped,"12263 Laura Causeway, Port Chaseburgh, OR 97543",7589df36-fa3b-4da4-86dc-c45557542854,29-01-2025 00:01,423.18,paypal,failed
8820677d-4863-4d19-a014-0fd3b79dfcbc,5881,10-04-2021 00:00,208.89,shipped,"PSC 9517, Box 8801, APO AA 27180",1936e1a3-4f9e-485d-9f84-ba0ed155a857,23-01-2023 00:04,51.6,paypal,failed
b90979b4-6408-4f16-ac56-1757e1e5dbb5,2354,07-12-2022 00:00,336.76,shipped,"79108 Underwood Pass, West Daniel, OK 37470",7964ce9c-8fdd-4bae-a71f-34ce263e6f18,25-01-2021 00:02,119.54,bank transfer,failed
49877ab1-d321-4664-8531-d328fb94d847,1811,09-08-2020 00:00,466.07,delivered,"PSC 6007, Box 8518, APO AE 43472",343fe7c1-434c-4d0b-8b95-4bd945c52838,07-01-2023 00:06,15.4,paypal,completed
1c9e9799-f8d9-49ca-afb9-4dd2b97a2961,6999,28-10-2023 00:00,325.52,shipped,"41190 Smith Pike Apt. 126, East Jennifer, OK 56122",782cf0aa-c09f-45f3-b734-5fa75dc35d35,19-01-2023 00:10,368.9,bank transfer,failed
c8e7acd6-7b14-4e71-b1c9-75bcd804abf1,8019,14-11-2022 00:00,32.35,delivered,"0722 William Ville, Johnsonmouth, FL 95489",f6cc5cdf-1166-4009-ac7e-5d3814068c3e,18-01-2021 00:02,287.85,credit card,completed
fa14242e-7c2a-44a1-a270-7eebab9a3ac5,7124,24-08-2023 00:00,346.15,pending,"5885 Garza Harbor Suite 078, Amandaville, UT 93449",52876dc3-9c4c-4297-836f-b649e4d1f2d6,16-01-2024 00:02,376.75,credit card,completed
d3a51282-5628-4b3e-8b30-fb5f39477703,1963,15-01-2024 00:00,46.11,pending,"4873 Lopez Drive, Wellston, SD 12546",43afe50c-c272-4866-a9ad-628cd12463e7,20-01-2024 00:06,323.17,paypal,pending
a2e662a4-0ea7-4ba4-aa73-2c21ee6b8bb4,6041,15-10-2024 00:00,172.2,shipped,"34846 Bryan Manors, Port Jasontown, ND 51247",52b9a41a-5210-407b-a67b-ede085f492d0,25-01-2024 00:11,303,credit card,failed
efcb24d9-f64b-4d8d-9593-3c504bc8a2e8,2142,16-04-2025 00:00,17.46,shipped,"992 Jensen Greens Apt. 898, New Nathanfurt, GU 07412",afd32359-3ba2-4a76-9bf3-5f4168bc2b01,20-01-2023 00:09,383.57,bank transfer,completed
ff172376-aaec-4511-ba00-8b52fcd046d5,1106,12-06-2020 00:00,147.98,delivered,"4387 Beth Village Apt. 783, North Barbara, ND 03010",54d67a72-9fca-49e1-b588-ae3b80d25b22,27-01-2020 00:08,373.34,bank transfer,completed
a5e91553-b259-43cc-bc87-7983f2b41b14,6480,11-02-2020 00:00,479.27,pending,"033 Thomas Well, East Tracy, AZ 27795",4aa6a2fb-d194-4bcd-a3d1-36c14eabc6e1,21-01-2024 00:08,316.68,credit card,failed
7480b553-23ba-426e-b7a9-a54f65bc0eca,4048,24-06-2021 00:00,52.99,delivered,"27022 Beck Underpass Suite 286, Matthewtown, GA 59655",df4a19bb-d855-4614-890d-dc62e4b8a2d2,08-01-2024 00:03,302.21,credit card,failed
1c850a15-af22-499a-8928-1960e1f861ad,7866,16-01-2021 00:00,338.81,shipped,"117 Bruce Fields, Port Lawrencemouth, TN 49578",97fe7bd5-3ce5-4e7f-976a-c2d669cc6a7f,07-01-2020 00:07,366.9,bank transfer,failed
9475897c-7cdb-4ec6-93df-859c4da66c7c,1138,08-08-2021 00:00,443.52,shipped,"398 Travis Groves, Nelsonland, VT 25774",fc43d7c2-b4da-4f92-aa2c-17a15d917aad,26-01-2023 00:02,33.77,credit card,pending
8db5512b-e369-4e65-886f-e26d610de8c6,3039,23-01-2025 00:00,265.9,pending,"4827 Vazquez Plaza, Port Brianport, RI 71775",e7345fad-2a9d-49e4-80d8-3e3d88fd3b85,12-01-2023 00:07,146.59,paypal,completed
f253527b-321d-447a-8561-73df42f22945,1070,04-03-2024 00:00,346.33,delivered,"25078 Russell Cove, Chrisfurt, GU 89458",abbeb297-8f9e-40df-b8f1-bda2e7a1ece9,14-01-2025 00:03,279.72,credit card,completed
9330978b-0eb0-42ee-8b56-f6ba088255e5,3743,07-06-2020 00:00,354.95,shipped,"5256 Rebecca Flat, Port Jamesland, AK 55752",f6fad28c-741b-478d-8a4b-ee2e54ac8f84,12-01-2024 00:03,24.29,bank transfer,completed
b78300ff-07a3-4d9d-9273-3206426ac828,1875,15-03-2022 00:00,332.1,delivered,"8343 Hawkins Pike, West Julie, VT 69381",ea0155ae-0cc6-45c8-ba88-b048b50b5e67,31-01-2022 00:12,318.79,paypal,completed
358bb2f1-2b83-4453-83ad-542bf91e85ea,3262,24-02-2021 00:00,92.38,pending,"58454 Traci Trail, South Kayla, KY 24852",ad0e2e4c-bf8f-4dfc-a8b5-492997b27b1d,05-01-2022 00:05,439.91,bank transfer,completed
1ee0ac63-d07c-4122-a0d8-55ebd10768b3,4502,17-04-2021 00:00,311.37,delivered,"321 Denise Ports, Port Andrewmouth, MN 24962",a2d0b3ea-08e6-49cc-9e13-ec48a035f7f3,25-01-2023 00:02,403.98,bank transfer,pending
c8b873e1-5ab3-4f1b-a26a-9f9eab3976f9,4463,09-08-2023 00:00,368.26,delivered,"452 Chad River Suite 435, Anthonychester, GA 92981",390015c8-73dc-4053-800a-38de8f578b54,13-01-2024 00:08,220.18,credit card,failed
83ad828f-a605-45e6-a38f-c600f475be61,3445,03-05-2023 00:00,117.32,shipped,"193 Christopher Causeway, Jesseview, NH 36635",61518c74-b644-44d4-9374-ac60705d12d3,15-01-2023 00:05,26.89,credit card,pending
d699daf8-78ea-409c-9cc2-45fc02e1d6d1,9246,25-12-2021 00:00,55.83,pending,"717 Amanda Track, East Teresa, DE 25856",e7c0e59f-24cb-4582-b8db-24339ca5e2df,17-01-2020 00:11,444.85,paypal,completed
ffcb6384-ec91-4831-ba2b-a3b1d9bacd7b,1139,02-03-2022 00:00,158.13,delivered,"862 Scott Isle, New Gary, MA 41526",b9a4bae9-a866-4f40-b531-b066c7709a2d,25-01-2024 00:03,364.18,bank transfer,failed
ba9e4f91-c8a1-46a8-829d-e613f478d6a6,3206,18-10-2023 00:00,222.58,shipped,"PSC 6942, Box 2181, APO AE 33807",11a13201-54e8-4aba-b4d2-e8b1a1675351,16-01-2022 00:06,39.65,credit card,completed
2beb32dd-4417-4fd4-9833-c89ee9d6883a,6496,07-11-2021 00:00,474.02,pending,"59339 Albert Field Suite 760, Fernandezbury, NE 72515",1446eb63-b29b-4ecb-ad2f-830e323c0d16,21-01-2022 00:10,103.35,credit card,pending
70d45f5e-9f86-4cbe-9cf0-e84fcab989d9,6019,16-12-2022 00:00,258.94,pending,"1505 Michael Prairie Apt. 971, Port Juanmouth, MT 84320",b4d43a05-f46b-483c-a812-e4e0f1c2660d,11-01-2020 00:12,254.22,paypal,completed
18530b7d-e391-46b4-8aa7-217af30a9511,9920,26-08-2024 00:00,295.93,shipped,"147 Flores Mount Apt. 744, Port Shannon, CA 27228",17a40791-3524-4153-8c8d-65809c7ac493,15-01-2025 00:03,172.52,paypal,failed
d77f6767-998a-42ed-bb3f-3c137e329a0f,5931,27-03-2025 00:00,390.61,pending,"20428 Smith Ports, Mercadofurt, IA 31127",0f8d5e27-86cc-4cf6-b125-a80a8cedb484,26-01-2020 00:03,26.66,credit card,failed
d77f6767-998a-42ed-bb3f-3c137e329a0f,5931,27-03-2025 00:00,390.61,pending,"20428 Smith Ports, Mercadofurt, IA 31127",7909f0f2-29ce-45af-82d2-8c0e74c9af1a,01-01-2024 00:10,266.33,credit card,failed
e7c24af5-5456-4326-aefa-23fed4156265,8418,27-07-2024 00:00,287.62,shipped,"061 Duncan Trail, South Annchester, DE 90498",7de77df9-604c-4f96-8289-8bbb724b4e02,14-01-2023 00:05,435.06,bank transfer,failed
69feac7c-569b-4ff8-ac5f-524b0f3b9833,6594,17-09-2021 00:00,438.9,shipped,"90729 Smith Bypass, Port Elizabeth, VI 67860",4c3f7453-f23a-4909-817d-affbcd04dab8,26-01-2021 00:10,489.83,credit card,pending
79b7dc8a-494b-482b-8f22-2a690fe73f67,2964,19-02-2023 00:00,218.46,delivered,"8213 Vanessa Isle, Port Marthatown, OK 16494",06a12357-8492-4dcb-9e3d-3d62ce143bd1,05-01-2021 00:06,43.29,bank transfer,pending
e8c8fa78-5e41-4271-a6ea-54a598f75af0,7520,13-11-2020 00:00,269.25,delivered,"237 Andrea Lakes Suite 678, Hectorfort, GA 11056",5b21b64f-7015-4b20-854c-d9bd5fd00d94,15-01-2023 00:02,314.74,credit card,pending
5dbdf76c-4526-42e7-8913-93d7442c2633,7542,09-12-2024 00:00,122.33,delivered,"033 Brian Locks Suite 567, Gomezfurt, ME 02003",54774f88-39f8-478d-984f-60cf6f734ce0,26-01-2024 00:04,135.66,credit card,failed
852d7918-cbc9-41b4-aec2-3f33df68b614,8436,20-04-2021 00:00,208.93,delivered,"201 Winters Mountain, West Kelly, GU 50760",e8db9ba6-9193-4631-be29-551b3fb07ddf,14-01-2022 00:11,337.65,bank transfer,failed
cf006d3a-3d6d-4b4a-92b9-93f9ed5af60c,9572,02-10-2020 00:00,242.54,shipped,"Unit 9740 Box 1517, DPO AP 16825",a8e64bc1-273e-48e0-9067-c69f884b3900,23-01-2022 00:02,278.2,credit card,pending
c680a153-0e64-4a07-8cdf-0514c3c0db38,4037,29-04-2023 00:00,74.61,delivered,"882 Hernandez Cliffs Apt. 702, South David, OR 42161",6604c1f6-9cb0-46f7-9148-9528f0792ebd,16-01-2023 00:04,96.01,bank transfer,pending
5cbc0a52-1b7a-46f4-8c9e-c62ff19eefed,6058,08-07-2022 00:00,109.48,delivered,"774 Frey Summit, Lake Anthony, OK 87511",543bc968-b94e-4088-a1d0-0ade91f34e7c,13-01-2021 00:01,70.36,credit card,completed
dd8a1997-439c-4519-95aa-17c9c724cf26,6387,07-07-2020 00:00,161.3,shipped,"11360 Matthew Mission, Lake Leah, MH 73443",9e2d62b4-e96c-4566-8e94-d88876005f9c,05-01-2023 00:12,437.62,credit card,failed
0fd4b86d-4d46-4f0a-9c83-1091fbdedfd5,3371,09-12-2021 00:00,32.38,shipped,"8914 Jay Mountain Suite 157, New Daniel, FL 54160",c6f2b764-e932-47c6-882f-95c6107ed6b4,17-01-2021 00:06,327.21,bank transfer,completed
16f20fae-5fad-4b01-8af0-ea38862fddf9,6719,28-12-2022 00:00,248.28,pending,"10123 Lewis Lakes Suite 249, Michaelberg, MO 93383",6f0bac42-b14b-4ec6-92cd-8f6ac80db48b,05-01-2024 00:09,238.47,paypal,pending
008fdeeb-ccb4-40dc-8b01-eeab3eaa0b3b,8704,19-03-2025 00:00,107.6,delivered,"304 Neal Circles Suite 563, Acostaburgh, NH 65941",d146ec0b-c25f-4142-9159-e10c75e94e73,22-01-2023 00:10,375.11,paypal,pending
78a0eb74-3de1-481f-b210-f32d7e241e7d,7989,20-11-2023 00:00,312.06,pending,"50360 Paul Crescent Apt. 301, Hendersonton, DE 23667",63dea69d-8049-4b42-9ae2-7d72d5b400cc,12-01-2024 00:10,255.55,credit card,failed
d2e76132-b3ed-4f24-85cb-6681d022e13f,4381,29-10-2023 00:00,219.02,shipped,"41555 David Trail Suite 229, Hillside, PA 22497",507bcc8c-1041-48fc-b951-d4109162e143,23-01-2025 00:04,261.05,credit card,failed
576392c8-0b39-4463-a8d6-a5cdb0db60b6,5751,04-09-2022 00:00,458.92,delivered,"042 Tyler Squares, North Johnview, FL 16790",738f1dcc-853d-4b5a-8a83-509c7b87cb16,01-01-2023 00:01,389.06,credit card,completed
bd0d6bb7-08f1-4572-aa65-ef3fcc996d92,5670,23-03-2021 00:00,120.94,pending,"77565 Love Burgs Apt. 316, New Jeffrey, HI 82060",599cfa62-4b97-44a4-a11f-4b15d53722a6,03-01-2023 00:10,119.81,credit card,pending
46792dee-b206-4f1a-9563-6a8a0f815160,9735,23-02-2025 00:00,324.85,delivered,"528 Ashley Turnpike, Paulmouth, PA 40872",9cfa23d2-71e7-46fc-a512-48843c77e412,28-01-2025 00:02,157.31,bank transfer,failed
ce1f37dc-deeb-4979-a378-6fa6981a07fc,2697,21-12-2021 00:00,484,delivered,"59631 Gutierrez Turnpike Suite 741, Aprilbury, CT 44324",82ee141a-9544-4858-a241-fb8c20bcffe4,07-01-2022 00:09,411.64,credit card,pending
e6ce590a-ad10-45a5-8068-14f5100f4309,3839,18-05-2022 00:00,66.42,pending,"961 Olsen Roads Suite 814, Ingramshire, SD 00637",01a1439a-d91c-4776-bd13-f78f5c5956a8,08-01-2021 00:03,109.36,credit card,pending
2b83eab7-9cdc-4930-a580-bb596de25aa1,7763,25-08-2024 00:00,191.57,pending,"7924 Cathy Loop, Jenniferberg, IA 74268",017d8d99-cf19-4a8a-a1d5-a76583987db7,13-01-2024 00:11,306.1,bank transfer,pending
8511264f-4566-4fc6-941e-c79e6141f4c6,1894,19-11-2020 00:00,413.25,shipped,"936 Brown Alley, South Ashley, KS 94683",96d7266c-01cc-433f-9d58-fd903204e293,07-01-2024 00:05,271.28,bank transfer,failed
d6e1cfa2-f87c-4963-aa8d-d840a59b302c,4578,14-05-2024 00:00,472.75,pending,"7032 Davis Walks, Lake Thomaschester, NV 93484",53c029dc-350e-4df5-8ed8-8eb66043184b,11-01-2020 00:11,135.13,credit card,completed
3624d921-8f37-493f-b6d0-61d8a2067190,4650,01-10-2020 00:00,467.93,delivered,"6534 Baker Cape Apt. 301, East Jane, VT 64655",7222a88d-d878-4d6f-82bd-b12314cd432e,21-01-2022 00:09,288.23,credit card,failed
41f63293-b1ce-461e-8933-394654182dc0,8385,08-08-2020 00:00,359.96,pending,"1278 Julie Ports, Martinville, AZ 80121",83df1183-81b5-423a-bb98-d505a7fe16df,28-01-2023 00:04,382.29,paypal,failed
01cb74b5-d2f9-4855-ab2f-789754ea4eb3,1459,21-03-2025 00:00,26.01,delivered,"15419 Velazquez Lodge, East Michelleville, AL 06402",166e2ed7-f7cf-423e-bca4-8a156758fa7d,31-01-2020 00:12,463.64,credit card,completed
08d0a6b8-35e8-4702-8267-2e06e8262334,2766,01-07-2022 00:00,115.61,shipped,"62598 Denise Valleys, East Michaelhaven, PR 32313",fa974470-2c93-46ce-beee-c95f4581b788,30-01-2022 00:08,170.68,credit card,completed
fc27ee4f-8c55-47de-856e-5572a5014598,6691,16-10-2021 00:00,377.94,pending,"Unit 1183 Box 2410, DPO AP 17686",d5015537-1aa0-43c0-bcb1-b694c79fd71e,27-01-2020 00:12,292.34,credit card,completed
85172730-2921-4de3-ae6d-b59f0936dc71,5081,15-01-2024 00:00,450.34,shipped,"3498 Deborah Circles, Lake Donaldland, CT 74906",2989e467-3cb6-4272-b9d1-798d34db623a,28-01-2020 00:08,460.88,paypal,completed
2c8f48fc-92a9-4fa7-862e-ca01cca71389,4450,13-05-2023 00:00,37.46,shipped,"6116 Shannon Fort, Caseland, OK 16372",572fc396-7d03-4f6c-b7f7-5fe2b0c2b918,16-01-2022 00:04,187.88,paypal,pending
2c2edcef-0be2-49c8-97f0-3ea5d97fdfdf,6623,22-03-2021 00:00,198.79,delivered,"7716 Jose Burgs Suite 735, Josephview, OH 16722",c69a498f-f1ea-4df3-88e9-8de63e62c5e1,29-01-2020 00:01,223.84,paypal,pending
885729b5-0b04-4092-a889-4d9da9b1920a,3415,09-12-2021 00:00,474.11,pending,"39098 Jennifer Extension, Pamelaburgh, NY 56620",80f17719-2315-43e7-8bb2-8bd440487d13,14-01-2023 00:07,375.15,credit card,failed
85179586-17b8-49af-ac6b-2c47f863cb5b,4695,02-11-2020 00:00,303.15,pending,"130 Jones Lodge, Francisstad, MO 90450",42eb6e42-9ec1-42f8-8cd1-6156af968038,01-01-2022 00:10,229.84,bank transfer,completed
b5332e0f-522a-45d6-bbb0-cccdaa70f9f6,5270,11-05-2022 00:00,299.64,delivered,"573 Potter Shoal, Austinbury, OK 72947",fe86af6d-c56b-48eb-be90-6797541815f5,06-01-2023 00:07,58.78,bank transfer,failed
b5332e0f-522a-45d6-bbb0-cccdaa70f9f6,5270,11-05-2022 00:00,299.64,delivered,"573 Potter Shoal, Austinbury, OK 72947",80055cd1-fe49-48bc-aeda-20850242813a,12-01-2022 00:10,338.99,credit card,failed
529e8056-a9ee-4973-9370-854dd5372d98,3976,07-09-2021 00:00,204.66,delivered,"41861 Lisa Shoal, Fordhaven, AR 80863",f6d4e611-9984-4c4d-ae46-d592d11cc5d0,01-01-2020 00:06,430.15,bank transfer,failed
da9014f1-438b-424c-b28f-69e98f1468be,3516,19-09-2020 00:00,18.59,shipped,"Unit 1006 Box 5232, DPO AE 13060",d7f8488e-723a-4b28-9485-144a3d6eebf1,24-01-2020 00:02,64.3,credit card,failed
88cf90fa-593e-4ecf-b5a7-f60fb16aa82a,9903,06-07-2021 00:00,214.41,pending,"51730 Barnett Park, Jeffreyfurt, IA 27358",cda79513-b161-45a8-b684-f6b3be2da6fe,21-01-2020 00:02,216.8,credit card,failed
5ec7e659-b21a-4ac3-a556-83807ac1e619,9156,16-08-2024 00:00,226.7,delivered,"74832 Crystal Isle Suite 538, North Omarport, MT 50276",85abc93a-4531-44a5-9c1f-b01a426e0039,25-01-2024 00:07,369.23,credit card,failed
eac4f321-9a69-4da4-b439-670ebf8cd939,8871,27-02-2022 00:00,129.83,pending,"57188 Sullivan Rapid Apt. 658, Christopherburgh, WY 42755",b94e228b-6bec-467e-9ddb-a8f44551e091,06-01-2020 00:12,395.86,bank transfer,failed
455a33cb-5ad8-4e0b-a7ac-7a740eba256e,9714,14-05-2024 00:00,116.31,shipped,"Unit 5156 Box 6009, DPO AA 92214",eea5b935-a788-470b-a518-44268bb7007c,26-01-2023 00:08,418.72,credit card,pending
5c2e64d6-e415-4d29-ba8d-848d2413c1e9,6351,04-09-2022 00:00,406.71,pending,"97128 Smith Throughway Suite 542, East Jessica, NJ 21030",94472814-e702-4f7d-8ca8-4447deb580bf,24-01-2023 00:02,464.79,paypal,failed
6205530a-003f-4f0a-bc62-0c3e0c786216,3800,08-06-2021 00:00,333.39,delivered,"8887 Christine Cove Suite 110, Port Josephtown, NE 11377",54edf526-6380-477d-89c6-8f994f7b3422,03-01-2022 00:12,303.49,paypal,failed
80a4623d-8227-48b6-83ea-56af5b752b7f,1324,12-03-2025 00:00,208.97,pending,"7316 Mercado Prairie, Murphyfurt, IL 39424",6614d0de-f99d-476f-97ca-ddd3dae992ea,11-01-2020 00:10,361.01,credit card,failed
7bb550bd-427a-4f56-b77a-6205312aa6a6,8509,29-01-2020 00:00,264.3,delivered,"93685 John Rapids Apt. 734, Lake Ashley, ME 34666",421f1caa-0b2e-44e9-8997-6263a535f600,27-01-2021 00:06,281.78,paypal,completed
32b9eb1b-932b-439e-9a49-e9892ef45cf5,9788,31-10-2021 00:00,406.13,shipped,"1996 Fields Hill Suite 543, Ashleyfort, DE 07009",4391df42-5ff8-42d6-88c7-7534f4521c61,20-01-2022 00:04,88.93,credit card,failed
335eeec6-cb18-4e26-a8f2-934681eaba40,7463,27-04-2020 00:00,439.16,pending,"7746 James Rest, South Daniellestad, MT 16834",3247d5e7-e7cd-4399-9f57-340ffe07b1ad,22-01-2021 00:02,493.86,bank transfer,failed
e5a0794a-eb35-4dbc-924c-cc4edac059dc,6167,14-02-2021 00:00,466.9,shipped,"2626 Nicholas Cliff Suite 189, East Kevin, SC 97923",a6baab21-d887-4b16-9959-453b3a37d7c3,30-01-2021 00:09,25.4,credit card,pending
e489df46-ab20-4b9a-9b1c-cbcd6ec9f91c,5237,11-03-2024 00:00,254.46,pending,"19965 White Walk, Francismouth, KY 87126",380a2d43-9023-4355-aded-88e55b530585,03-01-2021 00:02,227.27,paypal,pending
6ad798d5-8df1-45fc-99fc-7337004fafbe,6335,09-12-2020 00:00,192.46,shipped,"5094 Dennis Isle, West Oliviafort, KS 35673",bc68c82b-9cd9-4efa-bef4-78ea88d8eb4b,21-01-2022 00:04,487.49,bank transfer,pending
cc3b20a6-c534-4f24-964d-41702fda642c,4797,03-11-2024 00:00,271.85,pending,"9055 Carr Bypass Apt. 559, South Rachel, AZ 47103",d7a515cc-17ac-4738-b448-4c5e59104f87,07-01-2023 00:07,143.15,bank transfer,completed
96afc94e-d035-4ba0-99d7-0d7635d444f2,8738,22-11-2022 00:00,126.05,delivered,"084 Smith Squares Apt. 675, Tiffanyfort, VI 57054",0ea99f5c-e3da-4d02-84f2-821204a64df1,05-01-2022 00:05,309.69,credit card,pending
33cb6a0d-b02f-4a86-911b-35f37d4b42b3,9000,22-02-2022 00:00,260.17,shipped,"333 Scott Lodge, Port Katherineborough, NM 58889",bc487aaf-f78f-4e52-9d37-2f9bc4cf092a,30-01-2021 00:03,306.74,credit card,failed
b46e20dc-464b-465f-9267-b3518a6a144d,9538,18-02-2021 00:00,460.04,shipped,"32914 Jason Extensions, New Carl, KY 51929",cf747647-9c21-45ba-be8f-531032c71202,08-01-2024 00:02,165.96,bank transfer,completed
09d57ff4-3935-499c-98d3-782a6e1b8b04,2119,06-06-2024 00:00,182.79,shipped,"113 Parker Isle, Rossberg, WY 38396",d6cfbb73-9edd-4fa3-9e75-b52772457eb3,17-01-2021 00:11,34.1,bank transfer,completed
5beda9a4-a000-4133-9e8e-187ac2f0e319,8045,06-04-2024 00:00,138.38,pending,"115 Vega Trafficway, Blevinsmouth, GA 13471",fbd400d5-1ca6-4a95-88ed-c9e2359af4bc,12-01-2022 00:08,213.34,bank transfer,failed
684dad77-e64c-43c6-898c-9659b26f3942,6576,27-06-2022 00:00,90.23,delivered,"46472 Gary Orchard, Juliemouth, RI 13576",91959c26-98e1-4695-a90e-0927908db860,19-01-2022 00:11,383.54,bank transfer,completed
ede1f6fd-66f5-4a73-be7e-c96db78a7448,1841,08-07-2022 00:00,97.78,shipped,"6337 Desiree Viaduct, Jessicaburgh, GU 86547",3e886ad5-67ad-4443-be5f-17948f3c529d,04-01-2021 00:11,432.44,credit card,pending
55e750ab-4a65-4cac-90f2-11463e8da838,9664,17-10-2021 00:00,274.82,delivered,"PSC 3737, Box 6989, APO AA 56478",b4cde856-7cc4-4d30-a54a-7a3b77817395,11-01-2023 00:03,493.32,bank transfer,completed
2af56303-77e2-4f20-bd98-a424ebea3673,8403,07-02-2020 00:00,450.37,pending,"4010 Joshua Expressway Apt. 215, Kaylachester, MA 34800",382cc793-1723-4d96-87d2-b9e3a8c64fb0,11-01-2022 00:03,419.43,bank transfer,completed
86e31fa8-ce7c-4a42-8caa-58bd05451b6a,4565,26-09-2022 00:00,322.72,shipped,"31705 Walker Meadows, Michaelfort, NV 50846",daac6acc-9a19-4811-83cb-8ca8bdc67243,11-01-2024 00:03,54.21,bank transfer,failed
b31a8b4d-d647-40f9-abf3-11729cee65d1,9787,10-12-2020 00:00,65.9,shipped,"633 Terrence Park, Walkerland, AR 82618",c59d5c8a-2b58-47ed-80f2-ec59119dfc11,27-01-2022 00:05,265.58,bank transfer,completed
72ca7dec-feed-42dc-9d9e-b250831a8e1f,9827,15-06-2022 00:00,49.1,pending,"230 Zamora Circles, Hessshire, HI 39069",30b31e16-fc4a-41f1-82df-18ac8d6ca29a,17-01-2023 00:12,199.9,paypal,completed
72ca7dec-feed-42dc-9d9e-b250831a8e1f,9827,15-06-2022 00:00,49.1,pending,"230 Zamora Circles, Hessshire, HI 39069",4d4483e2-c051-494d-b4d4-19f0bf21df95,26-01-2023 00:08,310.6,bank transfer,pending
6485af44-367a-4686-b08e-6b2f99a07ea5,7122,27-05-2020 00:00,53.82,delivered,"81188 Taylor River Apt. 767, South Joseph, MH 39019",b1d85be8-0c11-476a-8a0b-d17bfce93317,16-01-2020 00:08,116.93,paypal,failed
25753239-32d3-414c-bc6d-c03985421a84,2991,06-02-2025 00:00,69.71,shipped,"0514 Jennifer Trafficway, South Monicaville, VI 31790",14790f4a-c0bd-471a-bb01-f886294b25ef,29-01-2021 00:08,452.55,paypal,failed
4e5f49d2-893a-4be1-8129-ac591ccb9063,4931,05-04-2025 00:00,241.05,shipped,"Unit 9902 Box 7367, DPO AA 65706",b02a204a-e065-4a96-b593-9cd4e7bc37b6,14-01-2022 00:04,213.52,credit card,failed
cb310fa5-9ac6-406c-8412-119ff98fca54,8972,23-10-2024 00:00,215.65,pending,"636 Schmitt Motorway Apt. 413, West Elaine, SD 45523",dcd9bea5-f342-4ccd-9298-dc119e33a76d,10-01-2025 00:04,434.08,credit card,failed
e682123a-0674-4023-bb87-f06c63a461fc,9284,15-05-2021 00:00,272.92,pending,"8442 Rachel Burg Apt. 879, Ericfort, IA 57266",163c3980-51c7-40a3-9ca9-6290db2581be,12-01-2023 00:04,167.43,paypal,pending
47dbbce2-f87d-459f-94e6-2f1f992db85c,6241,24-03-2023 00:00,379.66,pending,"75571 Nicholson Lane Apt. 029, West Anna, IA 34063",69b53ecc-db5a-4f06-812b-c8563ced8e08,16-01-2022 00:09,471.04,credit card,failed
335bdb41-b3d5-4cb2-9332-2dcba99623ea,6384,11-08-2023 00:00,273.44,pending,"2860 Steven Park, North Manuel, NE 92492",511f1efe-659e-447e-8c18-945922c3c248,19-01-2022 00:04,16.53,paypal,completed
f869f18c-a6a7-46b7-a69e-7de3bc75a3b7,3224,09-01-2021 00:00,424.47,shipped,"1905 David Garden, Proctorshire, NM 35497",ffba3d1c-1de7-4b8c-aa0b-66e8061ada57,06-01-2021 00:06,419.57,paypal,failed
fd7ea5cd-3d73-433f-b2bb-e61804ec50d1,7268,19-09-2024 00:00,267.66,shipped,"USNS Kerr, FPO AE 65091",407f22ca-88c1-4e85-9021-ce201cd0fc75,01-01-2023 00:04,368.26,bank transfer,failed
fd7ea5cd-3d73-433f-b2bb-e61804ec50d1,7268,19-09-2024 00:00,267.66,shipped,"USNS Kerr, FPO AE 65091",5a851841-f1fb-4b8a-a8b5-81e7be0165fa,02-01-2024 00:06,39.91,bank transfer,completed
e1f479f3-fb65-4d3f-800d-440794931eee,1196,24-08-2020 00:00,83.16,pending,"8771 Fernandez Walks, Riosland, MN 95778",dd0def84-23b1-4ff1-b15b-4bb982097fc9,23-01-2021 00:05,91.39,credit card,failed
92dc4548-0a83-41f8-9831-935db3ffe3ab,1918,12-02-2023 00:00,467.78,shipped,"728 Wall Way Suite 464, Lake Karen, PR 65626",47cbf4d1-f71c-44c4-bce7-b4073ed80a52,17-01-2021 00:02,379.39,paypal,failed
b9064fe5-32c0-4f6f-9e6d-54ca09bedec3,1575,03-06-2020 00:00,25.58,pending,"56764 Huerta Village Apt. 961, Chadborough, MN 80645",2bee3838-1d92-4cd1-8b62-196deff9e784,08-01-2021 00:12,400.25,paypal,completed
c09c205a-26e9-4e4e-9744-1b8196d4d8d8,3237,09-06-2022 00:00,173.43,delivered,"06418 Vaughn Branch, Port Katrina, PR 89981",c8ad330d-0cd4-4804-bf5e-8390a2174ca3,26-01-2020 00:10,204.81,credit card,failed
03d23d28-ace5-4c17-bf16-6a4e18ede869,3335,10-04-2025 00:00,100.96,shipped,"2047 Chandler Motorway Apt. 324, South Juan, TX 37128",bebaf2b4-269d-4cb7-9445-dc0df41082ff,10-01-2021 00:06,232.09,credit card,completed
54c2becc-5100-45f6-8442-28ea78e89dec,1881,03-10-2021 00:00,491.79,shipped,"2269 Marshall Mews Suite 759, Hillmouth, VT 06049",97634cbb-2a2a-4603-ba01-29356f9cdd77,07-01-2021 00:04,442.82,paypal,completed
0401e433-f352-4fb8-8f8f-3c42fd66ecae,3158,30-01-2021 00:00,100,shipped,"409 Owen Burgs Apt. 836, Port Monique, MN 39106",3b11f365-36b0-4822-85c1-542ce5a950d5,24-01-2022 00:12,35.17,paypal,pending
8b74c4ed-4db3-4edf-9364-e23a0c49afd7,2521,19-01-2021 00:00,327.49,shipped,"97277 Gardner Place Apt. 372, Davisshire, KY 52433",53112da5-1f7b-422d-86be-7eb9d7175623,10-01-2022 00:02,220.68,paypal,failed
a7317921-aa46-43de-967a-e412d8e9f622,3953,23-10-2023 00:00,194.16,shipped,"52299 Chavez Circles, Williamshaven, AR 22556",babf080b-ea08-49e3-8a0d-c97bf17ac2e6,15-01-2020 00:12,484.67,credit card,failed
714ead83-f662-43bd-95c9-bf1b164aa75e,6785,07-04-2023 00:00,164.75,shipped,"77563 Forbes Highway Apt. 682, Robertview, MN 40815",4c044dc2-b2f6-4d63-87ae-ebff7a0c1e67,18-01-2023 00:03,221.22,bank transfer,failed
65e0d478-16dc-4b51-b5c9-16fa07ed5e5a,3194,11-09-2021 00:00,142.47,pending,"PSC 4181, Box 4527, APO AE 96219",afefe133-a9a2-4032-b0c9-250fa067a85d,09-01-2022 00:08,402.07,credit card,failed
2260f819-f680-493b-901e-9dd09de17e2b,9353,22-07-2023 00:00,224.15,pending,"922 Randy Spring, New Rebekahview, ND 36600",f7d52af6-4f88-435e-9811-bb1c59fd6d4f,09-01-2024 00:04,275.12,bank transfer,completed
fb29ecef-78bd-4f18-93eb-4c485bdde584,4670,18-01-2021 00:00,291.3,delivered,"589 Hughes Overpass, Moraleschester, KY 15512",bc305f1b-5989-4eb4-b3b0-fa1d14bfed53,19-01-2023 00:04,292.11,paypal,completed
4bfcb5bc-2841-4def-9f00-09e720db6bcf,2474,26-06-2022 00:00,69.45,shipped,"961 Selena Garden, Millershire, GU 16131",d13e9252-5fc5-43e1-af5e-1084c9844593,03-01-2020 00:08,84.67,bank transfer,completed
ef7e2a42-ee1f-400c-9364-5408c1212eba,6518,04-10-2024 00:00,157.1,shipped,"33295 Gail Point, New Coreymouth, MD 14100",3b61bdf0-efea-410d-bb05-f8d54bc1b047,04-01-2021 00:04,261.24,credit card,completed
aaabc8e3-ffc6-4454-8252-a6529bde1c56,9972,15-02-2025 00:00,218.38,pending,"99171 Jenkins Port Suite 173, Chelseamouth, DC 48828",c6b3f3cb-1bd3-4669-b9fe-818c718e7001,10-01-2021 00:03,302.97,credit card,pending
f4546ad6-c812-4a47-88df-37633bc034b7,9212,05-04-2024 00:00,79.35,delivered,"3624 Harris Well Suite 041, East Gregoryborough, KS 18680",6b8b83a5-c6aa-425c-b8ff-1fa84e8f9470,22-01-2022 00:11,424.34,paypal,failed
31433111-aee3-4eb5-86de-4680b576dc56,1197,16-06-2023 00:00,43.52,shipped,"1044 Carroll Village Suite 922, Karenstad, MN 26189",5e7ca15d-354d-4637-8e9c-d72f029279cd,01-01-2023 00:10,19.62,bank transfer,failed
5dc8a190-756f-48cc-a5fa-2c70144296f2,4645,08-03-2020 00:00,261.54,delivered,"9979 Christina Trafficway Apt. 802, Robertfurt, DC 30351",a78b1cd7-8a38-47bf-aac9-e1f175b7ceec,02-01-2020 00:10,141.24,credit card,completed
aeb1fc6e-69e3-436f-9657-c852cf07aa46,4876,20-10-2021 00:00,13.35,pending,"97798 Michael Forest Apt. 430, West Daleville, OK 83681",fd24ceca-ef4a-4bad-99d8-a0ca79b7542c,30-01-2024 00:08,337.97,bank transfer,completed
9d7dc5fd-a79e-4d1b-b87c-ea807a533ba8,9761,04-11-2021 00:00,92.85,pending,"4838 Jimenez Viaduct, North Danielmouth, KS 68665",2524ca2d-72f7-4e39-a7e3-5fc00b085d52,01-01-2025 00:04,35.56,paypal,failed
3e457e8e-3330-444f-aaef-8066e586f7f3,7556,21-10-2024 00:00,476.82,shipped,"12743 Linda Canyon Apt. 404, New Timothyville, AR 09325",6d343b9c-ed4f-4409-8624-2e881c1c5d92,27-01-2024 00:07,396.92,bank transfer,completed
fffc0027-aa1b-423b-aacc-4ad136ad7e3c,9942,20-03-2023 00:00,226.58,pending,"275 Jordan Crescent Apt. 404, Shelbyview, WA 48412",79c2d9c1-c920-4682-9ed1-8ee7dac1ea68,18-01-2024 00:04,160.67,bank transfer,failed
acf028f0-9609-4495-83c0-c58e1d4f6083,5879,17-04-2022 00:00,460.3,pending,"960 Kerr Place Suite 722, Grantside, NC 98357",5a0f4965-92df-410a-bb61-c824dbbfafd8,03-01-2023 00:03,149.45,credit card,pending
3afe1adb-0621-4172-8a56-32fa0b932362,1921,11-02-2025 00:00,360.38,pending,"2081 Yolanda Spring Suite 785, Douglasberg, LA 23497",f6764d2b-4acf-413e-8f25-140548517388,03-01-2022 00:09,318.68,bank transfer,completed
a4ca11b2-2df6-4199-b21d-09f69e82c681,2834,23-11-2021 00:00,473.29,shipped,"9876 Eric Plains, Normanberg, AZ 40905",f1fd3512-844d-40b8-858d-997936ebecdc,04-01-2023 00:01,6.75,credit card,completed
30df5e19-f8d0-4c44-ad35-b76d6ada88f0,2976,20-11-2020 00:00,272.38,pending,"2552 Damon Unions, East Stephen, UT 08594",de5bee47-0758-4620-af4a-40470fe5e416,05-01-2021 00:03,44.91,paypal,failed
c549261c-cc05-4b83-b9c4-a94abe6a7b3d,1167,09-01-2020 00:00,157.7,shipped,"57750 Randy Vista, Port Robert, IA 75855",64eee147-70c5-4eeb-bc26-68ba5e684b37,06-01-2021 00:12,12.3,paypal,failed
8d86ad3b-0142-4b94-ab97-3eaf412fcdb7,5015,21-05-2021 00:00,123.23,delivered,"95332 Franklin Street Apt. 998, Port Johnmouth, DC 46855",09f13b76-d3c8-4372-8855-057c32cf1bb3,03-01-2021 00:09,130.18,bank transfer,completed
21aae698-dba4-4af2-8d1f-4e3592e440a7,9170,17-09-2020 00:00,216.1,shipped,"90897 Stephen Flats Suite 627, Kennethview, TN 27336",f94a4ed0-7f6b-4021-bd8f-daba7c00eac5,07-01-2023 00:01,184,bank transfer,completed
c06870c3-a13d-43c8-9b44-f0f0ab6b213e,7954,22-11-2021 00:00,429.21,shipped,"40677 Angela Island Suite 381, Lake Michaeltown, NJ 38507",528f43d0-595c-45e9-9666-66ea99832583,19-01-2020 00:12,355.31,paypal,completed
30c23adf-3587-49e1-b2b3-da2332c95c10,2002,04-11-2024 00:00,116.09,pending,"128 Mcgee Street Suite 373, South James, VI 65196",c3efb46b-9e8b-4785-9a38-b9eade8c1b3b,15-01-2021 00:07,476,credit card,pending
27454fb1-6e1b-44b6-8165-1c95c5186442,5919,09-05-2024 00:00,498.55,pending,"503 Campbell Ports Apt. 261, East Nathanview, ND 87972",1d4ad541-d71f-4f25-bb36-214a7532d573,13-01-2021 00:07,8.91,credit card,failed
f2cc3f9a-2fd9-4fc2-8d2b-90a886197d8b,1494,18-08-2023 00:00,400.69,delivered,"3080 Warren Haven, Port Johnchester, UT 88419",f0663569-a654-4d33-a250-1ffb61a94981,22-01-2023 00:07,318.83,credit card,pending
7ae8fd0c-99d1-4f1b-a60c-d80bf7449ec0,9574,06-02-2021 00:00,496.89,delivered,"92476 Moore Trace Suite 386, Port Andre, IL 11378",9ea7e3d8-2614-405f-852a-c2a41e32063a,25-01-2024 00:01,315.04,bank transfer,pending
6c377629-33fd-42e3-9820-eab30542e369,4829,17-12-2021 00:00,96.42,delivered,"101 Wright Turnpike, Lanestad, TN 60744",588e7fef-23b5-46cb-9d23-83bb6c84eb9b,08-01-2021 00:07,185.08,bank transfer,completed
28d2efce-19b5-4660-aa43-902dd443510e,4812,14-10-2023 00:00,25.87,shipped,"8226 Heather Lake, New Laurafort, MO 85026",c2a7a143-415e-4866-aceb-a38320a49d86,06-01-2024 00:01,69.7,credit card,failed
0e8e506b-b38a-4321-985b-30ea38a84d60,4539,26-07-2022 00:00,405.05,shipped,"14480 Garner Locks, West Lindsay, MH 10582",f1a61c0e-1155-4845-8b28-695af358b798,18-01-2025 00:03,96.84,paypal,pending
95cfcb6c-54bd-40f2-bf9d-7ab432490df7,8218,10-08-2020 00:00,88.36,pending,"84131 Brooks River Apt. 678, Burgesstown, DE 69031",6c1e8b6a-daf3-4950-b370-21f388ec24d5,15-01-2020 00:02,113.13,paypal,completed
95cfcb6c-54bd-40f2-bf9d-7ab432490df7,8218,10-08-2020 00:00,88.36,pending,"84131 Brooks River Apt. 678, Burgesstown, DE 69031",6d3e1951-1385-4978-a178-65e2c932ab4a,12-01-2024 00:04,429.67,bank transfer,completed
ef402fe8-e2e6-4591-b190-ea1b2e665ac4,3723,31-03-2021 00:00,280.95,pending,"USCGC Lopez, FPO AA 43835",e1d43302-c344-4925-bc00-38777d1ddcd7,05-01-2023 00:11,462.81,paypal,failed
7b0adcf0-15e4-4449-86f0-026a0397cf79,9015,23-11-2023 00:00,139.74,delivered,"048 Angela Square, Johnsonview, GA 08718",e8c1db59-0ecd-4eee-a53a-b0fc56f29bb1,22-01-2024 00:08,380.82,bank transfer,completed
eb619c23-d8be-40d0-a220-7835bcf39f2a,7121,08-06-2022 00:00,21.46,delivered,"84506 Monica Unions Apt. 000, Port Arthur, ME 82590",b01845f3-ede1-4ca6-a792-64b70c7eccd4,12-01-2021 00:12,264.95,bank transfer,pending
d52e648b-de28-466f-8b0d-10e2db2cb975,7763,19-07-2022 00:00,424.78,shipped,"4123 Kelly Roads, West Carla, WA 58947",fab781c8-1ff7-4a77-9952-3ff5804c5da6,26-01-2020 00:09,106.57,paypal,failed
4fd56ff5-b921-4206-896e-054cc7f0a3b2,1942,02-10-2020 00:00,227.72,pending,"21629 Nicole Bridge, Bryanberg, IL 88295",128c6afe-0c5e-46e0-8fb7-00bfa9c6dd87,30-01-2021 00:01,109.04,bank transfer,failed
52c5443a-ff5f-4af1-b898-d463acfbe8ba,5552,12-02-2023 00:00,88.43,shipped,"PSC 4145, Box 7112, APO AP 98885",8836111e-768b-4026-b2b5-4ee4e3bc9067,23-01-2020 00:02,244.78,paypal,pending
d340a277-3ae9-4df0-962c-01d8aa0e49bf,3169,29-07-2022 00:00,98.6,pending,"4205 Smith Forges, Nashchester, DC 08010",3c6d9e99-d469-45c3-9efd-eca283dee40f,27-01-2023 00:10,112.97,credit card,failed
03488e84-a3d5-494a-9011-227bf4b02753,4772,31-05-2020 00:00,431.43,pending,"21977 Chan Port, Lake Whitney, SD 07110",887146af-c5f0-47b2-b834-388ac64135e8,06-01-2022 00:10,232.23,bank transfer,pending
d01b4783-ca0d-4594-8266-eb9d56011650,5504,30-10-2024 00:00,38.09,delivered,"PSC 9851, Box 2468, APO AA 58203",2458cabb-70f1-47d7-99e6-89b413550d93,26-01-2023 00:01,358.67,bank transfer,pending
5b85bbd8-c1f7-4f62-b8a9-8126f288c71a,6224,13-02-2024 00:00,371.19,shipped,"Unit 5400 Box 6701, DPO AP 93114",d39d4c25-cf15-4e5a-a9ba-8264e1ace349,02-01-2021 00:11,183.9,paypal,completed
5b566470-737b-4519-83b6-798b0b473f9c,8264,10-10-2020 00:00,29.48,pending,"7734 Albert Groves, Watsonberg, ME 59499",9b321f77-7b22-4846-b014-2b1dca8ca27f,25-01-2021 00:07,16.97,bank transfer,failed
31f2fdc5-b694-4ddc-aa37-356d4862285a,8818,15-06-2021 00:00,419.62,delivered,"7471 Lawrence Trafficway Apt. 705, North Rachaelside, AR 20252",085daea7-2356-465a-a048-c6758b1182bc,17-01-2023 00:07,477.43,paypal,failed
6e2b04e2-f9e7-4a3c-b63c-8ade6164f92f,5243,21-10-2020 00:00,148.73,shipped,"2939 Arnold Burg Apt. 549, New Paulbury, PR 91348",f0a6cecc-ad08-440d-86ea-60e8e468526f,04-01-2020 00:12,449.28,paypal,failed
69c72acf-bc1a-46f0-8ab6-20a6f29b9770,2624,27-02-2021 00:00,200.65,pending,"835 Emily Skyway, Michaeltown, IL 89050",3ae62f80-c585-4a01-8c32-115f64350d66,29-01-2021 00:07,210.91,paypal,failed
afcad173-4c29-4dfa-b2f9-84840c23a21a,5713,08-01-2021 00:00,66.99,delivered,"3949 Stephens Islands, Jonesfurt, WA 34705",0caddc70-4e0b-44ff-8d01-8536c5fb353c,24-01-2022 00:10,255.89,bank transfer,pending
fc757eb4-82a1-42d1-8e32-b2c5fc6da007,1518,14-05-2023 00:00,216.78,delivered,"8747 James Dam Suite 968, North Lynnborough, IA 88260",9becfcc9-68e7-401c-b717-933e6eb8956a,02-01-2024 00:10,150.15,paypal,pending
ff701075-ec19-469c-bade-cc7c3eddca0a,2639,03-11-2021 00:00,260.68,pending,"316 Natalie Park Apt. 749, Maryborough, VT 44950",b44af454-c563-49ce-bc2e-f7efe2ff3ce7,21-01-2022 00:03,342.41,bank transfer,failed
a639b0a1-8b67-4c34-a414-2a90e3fa6507,3994,10-07-2020 00:00,30.18,shipped,"4313 Stacey Isle Apt. 344, New Kyle, TX 34008",284f96c0-06c9-4c21-9257-9fe93adcd3e4,30-01-2021 00:04,100.8,credit card,failed
40fc85b6-4d29-49dc-a344-896aba813d97,6040,10-07-2023 00:00,140.64,pending,"USCGC Miller, FPO AE 81004",579b7346-3b4b-4f89-83d7-7c2282e7b6b5,01-01-2025 00:04,173.99,bank transfer,completed
c3d34b59-60bd-4b42-befb-2c724b8594c4,6492,05-11-2024 00:00,400.1,delivered,"785 Curry Flats Apt. 676, Andersonton, GA 23365",877bfb19-0439-41a8-a78e-14b979a45923,27-01-2020 00:07,257.94,paypal,pending
60b5d231-53e3-49c0-a17c-4c71a814649b,6127,02-09-2024 00:00,246.04,pending,"213 Alexa Drive Suite 319, Riverafort, IL 25853",adbc94de-7237-4ef5-bb60-dc06ed3a4d84,27-01-2021 00:06,228.99,paypal,completed
f2e2bea1-8560-486b-95b7-f7d3fef91cca,4610,09-08-2020 00:00,243.71,shipped,"704 Phillips Crescent Apt. 483, Rachelport, FM 45777",83960006-f188-41bc-a48e-b7f0f89e3de1,19-01-2022 00:03,397.09,paypal,pending
f9f42446-5319-4798-af10-a498c09efaec,6757,27-02-2020 00:00,440.45,pending,"4760 Amanda Wall Apt. 456, Sheastad, ID 32754",cb0c3bd9-0492-4aeb-866c-c9073a43c945,17-01-2024 00:10,76.76,bank transfer,pending
53af616b-b640-4b8d-b538-766825ae31d1,7352,10-01-2025 00:00,379.96,pending,"88999 Lori Land Apt. 210, Lake Josephchester, NH 78352",3ee0ed77-d6e7-4dcc-bd5f-8f316c6c915c,09-01-2023 00:07,324.21,paypal,failed
f141fbab-889e-470d-b8b1-d6efa15892ed,2427,16-01-2020 00:00,264.54,delivered,"61043 Jones Mews Suite 553, Perezborough, WA 19624",51fdcfbe-08ac-425e-8330-316e9b084f7b,13-01-2023 00:08,287.11,paypal,completed
b67c54b7-76c9-45dc-95d4-e96b8dd15baf,6952,11-11-2023 00:00,211.83,pending,"2351 Cruz Motorway Suite 664, Smithfort, VI 97943",b05efc9c-0a41-4ea8-b962-c1ad9092c3af,28-01-2022 00:11,191.41,paypal,completed
b83795ad-855e-4bfe-aee5-4fe5a8acaf70,9342,31-07-2021 00:00,130.37,shipped,"33985 Kevin Pike Suite 640, North Kellyville, ND 97411",97789958-3b8a-4009-943d-4bf2dedbd76e,24-01-2020 00:09,183.49,credit card,failed
b83795ad-855e-4bfe-aee5-4fe5a8acaf70,9342,31-07-2021 00:00,130.37,shipped,"33985 Kevin Pike Suite 640, North Kellyville, ND 97411",7c4b2523-d5a3-442f-bfc3-cc0ebd4b4919,06-01-2020 00:02,408.11,bank transfer,pending
cf87e070-02a6-407d-932b-8d605a838d6c,7493,13-10-2023 00:00,246.69,pending,"57091 Jeff Road Apt. 082, Fischerberg, FL 28130",23cd4268-12d3-4ba3-a0ec-f015b75339cb,13-01-2023 00:11,168.08,paypal,failed
cf87e070-02a6-407d-932b-8d605a838d6c,7493,13-10-2023 00:00,246.69,pending,"57091 Jeff Road Apt. 082, Fischerberg, FL 28130",324376d9-f2e3-437b-a71d-32465d3f6a8a,13-01-2023 00:01,98.06,credit card,completed
64266693-c1ae-4dd7-a312-38b64ef05c84,8716,07-06-2024 00:00,353.41,shipped,"304 Shari Center Suite 146, Hatfieldville, AL 75227",bfa33152-f5bb-4ff0-a831-865ff4346d6f,28-01-2021 00:12,455.34,bank transfer,failed
cd10a531-d4f8-49c9-bb29-8b8a405ea7ec,6286,18-11-2021 00:00,425.6,delivered,"6698 Marie Plaza, New Amymouth, CT 47592",b11114b4-6491-429b-9b02-04e40275e3c9,13-01-2023 00:08,379.24,credit card,failed
c6dbaba8-f1e8-4ff8-b8ac-001a054bca54,6289,14-10-2022 00:00,483.23,shipped,"4726 Stephanie Place Apt. 201, South Brian, SC 78797",4e518745-a0e5-47da-bbb7-a4c89ae2e1cc,29-01-2022 00:11,374.21,credit card,pending
1adb073c-390b-41f3-8aa5-2e7976e5c3e2,5299,29-08-2020 00:00,94.09,delivered,"56170 Richards Ways Suite 347, Burnettbury, OR 94845",0a55a950-dbf1-4c1b-96e7-a96f21c79015,30-01-2021 00:04,209.15,bank transfer,completed
3df51b19-aa3e-4a0b-8f9d-a579441cc7c7,9372,11-12-2021 00:00,55.65,shipped,"46604 Boyer Ridges, Santiagofurt, NE 28621",a837710f-49ac-4b15-a02e-584c3f3c4c10,10-01-2025 00:03,454.4,bank transfer,failed
d51a50aa-5de8-4f13-81de-284eb9e5f2f1,7793,15-08-2020 00:00,279.63,delivered,"4247 Michael Rapid, South Claire, AS 87438",224dca35-ec13-4592-ba17-aa55f83da699,13-01-2023 00:11,71.33,bank transfer,completed
98390157-77b9-41f1-bc15-fd18c6a6905c,7654,02-06-2023 00:00,202.04,shipped,"USNS Jackson, FPO AE 02561",4e57c78a-a818-4894-90ec-1cd430a8e350,02-01-2020 00:08,132.85,credit card,pending
f2092500-3c7d-416b-8b18-6e1a92813f5f,3926,05-05-2024 00:00,15.37,delivered,"652 Rhonda Hill Suite 551, Daybury, AZ 99138",4df70c9d-2bea-40af-9c8f-c1cbc3350587,03-01-2024 00:12,158.34,credit card,pending
21a80ff9-0143-4137-94a0-f02339acafe0,5837,03-04-2021 00:00,407.15,delivered,"76187 Christine River, Philipview, MS 87858",d6fe64fa-177d-4af9-8b5b-90b3e5c67d0e,12-01-2021 00:07,6.51,bank transfer,completed
b6c140a0-469f-46ac-b38f-e156aac699df,9483,22-05-2023 00:00,191.02,delivered,"50597 Michelle Parkways, Ambertown, ID 90775",a27b58bd-66d9-46fd-8c9a-209e028ffa03,04-01-2020 00:10,496.82,paypal,completed
d8e313f6-443f-43b5-b0a2-d72c680b5580,2207,22-07-2020 00:00,73.38,delivered,"061 Linda Passage, Scottville, AK 62884",47540edf-0193-4691-b9e2-fc87f451515a,17-01-2021 00:02,333.46,credit card,failed
8ee05552-61bc-46c2-8d4a-d988c0cd57d9,7523,30-08-2024 00:00,45.61,pending,"2748 Christopher Union Apt. 043, South Adrienneberg, AL 56333",9ece964f-adc2-438f-bcf2-bd182ae6dd9f,07-01-2021 00:02,231.7,paypal,pending
1b9fcafc-499d-47e0-95f0-b7235df72962,8822,31-01-2021 00:00,433.93,pending,"9638 Hansen Plain, East Sandra, LA 13889",89f1b965-a051-4dae-aad8-8268fb4c5400,20-01-2022 00:02,23.68,credit card,pending
f049e9ab-0820-404a-8b7c-2a6d9a83d1b9,7989,17-01-2025 00:00,219.77,shipped,"647 Smith Groves, Michaelmouth, IA 02230",4bdee44b-f528-422f-99bd-0fe639333ef6,20-01-2023 00:04,433.35,bank transfer,failed
c02f5854-f2a9-4d14-b2b0-893530f22c8e,6971,25-01-2021 00:00,130.54,shipped,"060 Morton Manor, Port Holly, GU 94195",98946cce-4e89-4253-8189-10c4da025818,12-01-2020 00:08,138,bank transfer,completed
4bc5ebb3-9f3c-437a-9d2c-46fb12e32d36,2017,09-09-2020 00:00,120.62,shipped,"40864 Wright Trail, Lake Melissaberg, MO 18851",9338e223-2ac1-4c5a-8cfb-8c6c5e27eb8d,20-01-2022 00:05,456.12,bank transfer,completed
7eac7a3e-0a6a-40cc-a84b-663e172cd644,1660,12-09-2022 00:00,103.04,delivered,"12702 Turner Mount, Millerchester, NE 81814",8cdfbc8d-837b-424b-a3e9-0a6de928ae4f,21-01-2020 00:02,278.51,credit card,failed
ab219c46-5cd8-4ec9-9603-72d715b1d54e,4694,02-03-2021 00:00,164.45,shipped,"49737 Sexton Points, Lake David, NM 50470",3182b042-394d-4708-8858-7a20c0cebbd8,27-01-2020 00:01,363.78,credit card,failed
c546c3d9-9d63-4d79-8882-e52488c527fc,9469,10-12-2021 00:00,206.63,pending,"63954 Michael Camp Apt. 743, Port Sarahfurt, TX 30985",869ce7e3-1bdc-4bc3-85b8-e732be1fb6c7,06-01-2021 00:03,435.37,paypal,completed
7a52af4a-47a4-4016-966e-9a901a13d0f9,7078,30-03-2024 00:00,288.53,delivered,"9156 Thomas Rapid, West Marie, IA 11212",3c74376a-8cf0-4eca-bb44-0bec0905414d,25-01-2022 00:04,332.05,paypal,failed
4627b795-e6f0-4c0c-b584-8dc0b29b1962,4688,04-07-2023 00:00,261.76,shipped,"755 Solomon Lodge Suite 038, Zacharybury, MH 90083",41793b9b-09b8-4ae0-87a8-b095bec25b38,18-01-2021 00:08,345.43,paypal,failed
d86a64a2-c179-4e73-a402-1588de6155f7,8354,08-07-2020 00:00,433.21,shipped,"PSC 7574, Box 9925, APO AA 05615",6e6ce099-3e6b-4624-b5c9-0bb352581c06,23-01-2020 00:09,61.56,bank transfer,failed
a9a5d986-edd0-4720-bb09-70ff4e3bfbe3,6280,24-06-2021 00:00,359.61,pending,"USNS Johnson, FPO AP 00735",5e6084e5-0963-4d14-9269-bb1590b3d2b3,27-01-2023 00:08,467.3,paypal,failed
b20087b8-fa6f-4a25-8e9b-730314683726,4041,10-01-2024 00:00,90.33,delivered,"2511 Miller Locks, Alexville, OH 94353",7f25dd26-4b42-45cf-875f-406dfddb448b,02-01-2024 00:02,457.67,paypal,failed
b20087b8-fa6f-4a25-8e9b-730314683726,4041,10-01-2024 00:00,90.33,delivered,"2511 Miller Locks, Alexville, OH 94353",fa26c7d8-d610-4bae-a924-6483f2ec6c11,31-01-2021 00:01,145.55,paypal,pending
a7eba3c4-4460-497c-ac86-31f55976d449,3612,27-06-2020 00:00,119.68,delivered,"602 Fitzpatrick Stravenue Suite 656, Smithbury, IN 89897",bdd2f325-3404-4e50-b5fe-20453ecfac38,28-01-2023 00:09,226.39,bank transfer,pending
a0fe44df-3855-4c9e-a0bc-5635bcc8b2f2,6540,08-06-2023 00:00,329.34,shipped,"75576 Rebecca Branch Suite 255, Cooperhaven, GA 66533",567c808b-f75e-4298-b65e-ec4dfab889bf,11-01-2020 00:10,85.94,credit card,completed
89995087-1f5b-43a3-9398-a86c2e77114a,1002,26-04-2020 00:00,41.98,delivered,"046 Brent River Apt. 546, Freemanland, IL 76744",3400be05-1f42-4cea-b857-b81ec248d670,22-01-2023 00:12,86.7,bank transfer,completed
2978fd6e-0947-4b87-80ea-18e0584b7f8a,9458,08-10-2022 00:00,146.66,shipped,"PSC 7507, Box 9331, APO AA 85250",9222d72a-f842-44ed-b38e-88935b29e1b2,09-01-2021 00:10,388.53,bank transfer,pending
1c0606c5-243d-48c4-b81d-2477e838d359,4497,03-10-2020 00:00,339.98,shipped,"84970 Vanessa Glens Suite 013, Jeffreystad, TX 23721",98ac2759-f7c4-41dd-9c7d-73801a861f82,21-01-2024 00:09,146.65,paypal,completed
1f3a7441-7a11-4e54-9095-228a6ac1618c,8086,20-03-2023 00:00,496.52,delivered,"300 Stephanie Locks Apt. 802, Lake Troy, NM 54920",b33f095a-6c6a-4bd8-a173-197b77f273c0,14-01-2023 00:02,351.16,credit card,pending
75428924-e53e-47a9-b747-a6c111e8f42d,4338,23-02-2025 00:00,470.22,pending,"1694 Thomas Parkways Apt. 108, Rebekahshire, IA 95904",7f0812d4-32e9-433f-bbce-ef4b3ebcfccc,12-01-2021 00:12,209.74,paypal,pending
1d57b303-a44a-4770-bdf3-62c4bdfca527,1039,13-09-2022 00:00,422.51,pending,"5079 Michael Locks Suite 813, Jillfort, FL 55641",47c1b080-8714-4b74-93dc-b99524a638d2,28-01-2021 00:01,129.77,bank transfer,pending
1123bfdc-5e89-4dc2-b19c-c03acbf2d3e7,7744,29-09-2022 00:00,367.17,pending,"940 Kathleen Springs, Robertland, LA 40227",de784ea4-06ed-407b-b33a-004804c353c7,12-01-2020 00:10,239.62,paypal,completed
b0f9e65d-2041-4a35-b829-249a7f654e85,8957,25-04-2021 00:00,326.39,shipped,"10018 Jensen Walks Apt. 184, Warrenborough, WI 46580",8de5e8a8-d9d5-41f3-9938-2d7eb7f3010b,01-01-2020 00:11,46.89,credit card,completed
f4abac5e-7532-4134-85ff-f9822f6ddca4,3159,11-11-2022 00:00,375.2,delivered,"7091 Amber Glen Suite 877, Alexandrialand, GA 73039",6a3706d1-3024-4a99-8006-86dc5dfa66ae,20-01-2021 00:09,359.72,bank transfer,failed
bfab1f97-2c5f-42a0-ae7e-a356ec28a45b,1066,08-08-2024 00:00,352.9,shipped,"5324 Sandra Neck Apt. 960, Gabrielhaven, DC 47119",4345394a-cd53-402a-893f-8603f6200ab0,30-01-2023 00:07,19.53,bank transfer,pending
2ca77571-2a15-44e8-b6d5-37eb850cc7d8,3676,14-02-2022 00:00,77.36,shipped,"27421 Lynch Lakes Suite 252, North Michelle, PR 67036",00c24130-995a-47bc-b88a-fe65f2606326,19-01-2025 00:04,11.69,bank transfer,completed
c6ba35ed-eb06-4f3c-b97a-9e7953cce1ee,1093,03-12-2020 00:00,13.36,pending,"34866 Kevin Parks Apt. 814, Garciaburgh, MA 78684",43d02268-bc33-4acc-a162-7328f05785a4,19-01-2022 00:01,312.65,bank transfer,failed
3464762b-dd10-4d5c-a3dd-7ac2a663face,6214,21-10-2024 00:00,412.09,shipped,"658 Hunter Burg, East Lisa, DC 53394",4ffd2c97-5e34-4376-a277-47025fd97b6c,09-01-2020 00:02,387.23,paypal,failed
ceffc831-759f-4ad9-8007-712551f5c901,6796,08-11-2024 00:00,456.56,delivered,"724 Katie Plaza, New Ericmouth, NV 78738",b16bab1e-1082-4241-a275-ac6c54582bbf,21-01-2020 00:04,298.11,credit card,pending
29c7fb2b-8ada-42b2-ab85-4eda2b12fcf4,1060,07-03-2025 00:00,255.42,delivered,"71052 Steven Mountain Suite 176, Colintown, HI 11988",e9f5a9e2-1e3c-4563-b61e-f579174ba931,26-01-2021 00:05,262.79,paypal,failed
1e019a27-de7f-4747-8f8e-5fad8e0d1983,2737,28-10-2023 00:00,289.57,shipped,"152 Paul Unions Suite 067, Nguyenton, IL 31521",0ef24bd4-7445-49dd-8ed4-a84ff00594a1,11-01-2022 00:12,365.91,credit card,completed
a8325982-05dd-4933-95c9-aaf8ae5a411e,4153,05-04-2022 00:00,352.9,pending,"8012 Matthew Rapids Apt. 605, North Jeffreybury, CA 61696",8b4b1a2d-dacb-4d50-85e0-b3d0d818af19,18-01-2022 00:02,158.93,paypal,pending
216e2669-c6d7-499f-9101-3d3fa1982bde,6118,18-04-2024 00:00,213.02,delivered,"5654 Nicole Divide Suite 820, North Angela, IA 91678",b2a325f5-4c92-45c6-a649-b1064228deff,07-01-2024 00:07,478.19,paypal,pending
87bac037-404d-4847-8da3-56ba932e5e75,6142,13-10-2020 00:00,109.24,delivered,"26599 Griffin Camp, South Hollyberg, UT 36613",b89ba2a9-93af-449a-922d-1a3dd5e2a94a,02-01-2021 00:08,327.68,credit card,completed
4afeec79-0b12-49b9-a585-b7a2b3331e9a,4442,25-04-2020 00:00,257.71,delivered,"473 Tyler Roads Apt. 249, Montgomeryburgh, NM 93608",f5bcec84-d30c-45ef-94fa-4a0a76c57579,18-01-2023 00:10,373.3,paypal,failed
e307705b-2700-4af3-b2fe-46355bfb50d8,2445,02-01-2024 00:00,278.12,delivered,"6195 Zachary Divide Suite 612, Lindahaven, MA 50418",bdd16b4e-14a1-462c-bcc7-d7096dcd5bb7,05-01-2025 00:01,192.63,paypal,failed
caf178e3-9b42-4f85-b8b7-c759c14b9563,2634,14-09-2023 00:00,85.8,delivered,"699 Carter Expressway Apt. 595, South Patricia, NV 86840",3e90df8b-e465-421b-a412-8ec292321b24,29-01-2024 00:02,141.02,bank transfer,pending
559ac905-9734-4140-808c-90ae0e730fee,1724,28-12-2020 00:00,216.15,pending,"4310 Hannah Vista Apt. 883, Joanntown, RI 22224",21331ff3-db43-42f3-a552-1931e94c6cdd,28-01-2024 00:02,269.71,paypal,completed
cd397abf-d478-4ce2-a034-342031d7c561,6101,28-12-2020 00:00,41.31,pending,"6131 Brian Prairie Suite 765, South Robinmouth, TN 47782",1ab9cbe1-6669-4348-a322-663116c1ff34,08-01-2022 00:04,52.61,bank transfer,failed
649f8ead-73e5-4564-a9fa-cd4b1226db9c,7563,19-06-2021 00:00,272.52,pending,"2765 Christopher Common Apt. 968, Lake Margaret, MS 62120",0690ed6d-8212-409a-8d6f-e2cb7e95dc06,18-01-2021 00:03,192.12,bank transfer,completed
45a40ac2-a315-43e5-98b3-8862bf24bc7a,5374,01-03-2022 00:00,185.01,delivered,"601 Howell Stravenue Apt. 033, New Catherineshire, PA 27143",d0cbb56e-b2ae-4193-9159-ea59e2dabdcc,08-01-2022 00:06,135.45,credit card,completed
8bcf7e91-6bfe-421c-954f-3abc57f1407c,9290,22-11-2021 00:00,334.33,shipped,"676 Stacey Road, Dennisberg, MI 06324",c9752299-3682-440f-bea1-d211c2bd1dfb,07-01-2024 00:08,276.04,bank transfer,completed
66107533-9559-4e0d-9223-a3e614d96ffc,4414,19-02-2025 00:00,358.23,shipped,"0787 Melissa Centers, South William, RI 57917",a702f5a7-9c88-45bc-96ce-624e940ea34c,04-01-2024 00:04,318.63,credit card,completed
23444951-eecf-4002-ba49-ef7dcd5d36a7,8091,17-02-2021 00:00,400.58,shipped,"Unit 2720 Box 7241, DPO AP 51956",b117ff35-05aa-40cf-96bf-d999e0b187bf,25-01-2024 00:10,85.95,bank transfer,completed
a28dfd23-46cb-4714-96ea-bd39687fde4e,5171,27-06-2024 00:00,200.5,delivered,"07206 Smith Motorway, Keithberg, VT 23790",8c0959c3-d32b-444f-8d36-fc76f487c589,27-01-2023 00:09,326.6,paypal,pending
